Crime ID,Month,Reported by,Falls within,Longitude,Latitude,Location,LSOA code,LSOA name,Outcome type
5ffdb536b17f1e2f35853bfd5683de33a6e3edce436c3199657813547c8fca1f,2015-05,City of London Police,City of London Police,,,No location,,,Suspect charged
b97bac7212c19ab367d1ad55fb6c1253657221bbf2db0e99dbc99d498a5aecd4,2015-05,City of London Police,City of London Police,,,No location,,,Investigation complete; no suspect identified
db3673329b560b4082962aa46cd7bec0d35a18c92391acfc4a01ea10d4d7c784,2015-05,City of London Police,City of London Police,-0.096561,51.514513,On or near CHEAPSIDE,E01032739,City of London 001F,Local resolution
eba75d92bcc188d04ee80931b5ed779d774bbb7313a17b7c76267b1d89a05204,2015-05,City of London Police,City of London Police,-0.096561,51.514513,On or near CHEAPSIDE,E01032739,City of London 001F,Suspect charged
abbd3dd2740d2d98c1f6fe45b0ebffe6a0894d002df72f561b06aec1f78a9664,2015-05,City of London Police,City of London Police,-0.086166,51.510828,On or near EASTCHEAP,E01032739,City of London 001F,Suspect charged
0d01a47e5ad9b9574bde6f7757c61e0a4de88488be9e87d1af099e370ca5196c,2015-05,City of London Police,City of London Police,-0.110735,51.517836,On or near Further/Higher Educational Building,E01032740,City of London 001G,Offender given a caution
293f52de1f38039ca7012233be03ddd3865c7b31e5e9e396f4aef0e892931317,2015-05,City of London Police,City of London Police,-0.093969,51.519300,On or near Park/Open Space,E01000002,City of London 001B,Offender given a drugs possession warning
01816880eabb25e247a18f40aa6b9fb51235580a7d79d4e2901b72bd2b8fcd2c,2015-05,City of London Police,City of London Police,-0.099933,51.519720,On or near LINDSEY STREET,E01032740,City of London 001G,Local resolution
245c7ab7f1392aa17dde0e4ec05342fa9a2ee5d4c6e0f7cfebd3b15c5064d23b,2015-05,City of London Police,City of London Police,-0.085669,51.515100,On or near AUSTIN FRIARS,E01032739,City of London 001F,Local resolution
245c7ab7f1392aa17dde0e4ec05342fa9a2ee5d4c6e0f7cfebd3b15c5064d23b,2015-05,City of London Police,City of London Police,-0.085669,51.515100,On or near AUSTIN FRIARS,E01032739,City of London 001F,Local resolution
b0ed3cd74c7283fa3ad2762f868a7de8757df5959980aa0e2d80e7d8c2e337ec,2015-05,City of London Police,City of London Police,-0.100179,51.514158,On or near Shopping Area,E01032739,City of London 001F,Offender given a caution
549aeb8df7b86737949914a7728f5b035c872c58748c49a304bddcf3b06b367e,2015-05,City of London Police,City of London Police,-0.100593,51.520846,On or near CHARTERHOUSE MEWS,E01033490,Islington 022H,Investigation complete; no suspect identified
e60f0b83ed9e07fb180a77bf0b30a55bce17447de3ef5fe4aeb7e0dcc80d2e3d,2015-05,City of London Police,City of London Police,,,No location,,,Investigation complete; no suspect identified
17efed8ed621a5a40dfb769db8b8d2a5e3fe9ade8b353ec130d2c76068b97572,2015-05,City of London Police,City of London Police,-0.081540,51.510806,On or near MINCING LANE,E01032739,City of London 001F,Investigation complete; no suspect identified
94866dcccb79615f93ee7531b021c5a17c6d0baef3851ec6a8e892bbe6d172e7,2015-05,City of London Police,City of London Police,-0.098062,51.517577,On or near MONTAGUE STREET,E01000001,City of London 001A,Investigation complete; no suspect identified
30664d89c3ac028d7e815ed1e72dfaac813525c172aff2eb6d44ba2083dc3765,2015-05,City of London Police,City of London Police,-0.095377,51.520789,On or near BRIDGEWATER STREET,E01000003,City of London 001C,Investigation complete; no suspect identified
c4a987b10a2fe344376e7cad1b3d598040381c5573ea021b8ea75bdd9b484dac,2015-05,City of London Police,City of London Police,-0.084967,51.512598,On or near BELL INN YARD,E01032739,City of London 001F,Investigation complete; no suspect identified
21d4f4230e4f3ceea01fe84ba9fc9847314f1d1beb58d33dbc9aceebe6eda06a,2015-05,City of London Police,City of London Police,-0.081890,51.515173,On or near ST HELEN'S PLACE,E01032739,City of London 001F,Investigation complete; no suspect identified
012116cac33425c8c2ba72d1d0065644a6cd98c6103275712c2ca289be623b1f,2015-05,City of London Police,City of London Police,-0.101959,51.513297,On or near CARTER LANE,E01032739,City of London 001F,Investigation complete; no suspect identified
97bce8f9aa97e57aa70b009f3063f2e3f5b9280dcbdf52f1d7839416fecab732,2015-05,City of London Police,City of London Police,-0.106922,51.514204,On or near FLEET STREET,E01032740,City of London 001G,Investigation complete; no suspect identified
f28001f3a4ad9ff6f4a50dbcd27b0dca0d28618fcf9968a48ba88107f248e7ed,2015-05,City of London Police,City of London Police,-0.088393,51.511332,On or near ABCHURCH LANE,E01032739,City of London 001F,Investigation complete; no suspect identified
2140ddb067c8d70f89f3ce07ac2870ffed627f0330e6cd43d6044dcd1f37ddaf,2015-05,City of London Police,City of London Police,-0.104300,51.511761,On or near Pedestrian Subway,E01032740,City of London 001G,Investigation complete; no suspect identified
91aa90fe9d4228f8c2651c7ff2bf6ce57b5b8e2d9a668c1777d36a174248dfbe,2015-05,City of London Police,City of London Police,-0.080234,51.516855,On or near DEVONSHIRE ROW,E01032739,City of London 001F,Investigation complete; no suspect identified
9d28c69cc3695dc7972f8a990b8f2224d4aa10dcf87f8e660ba347c3af3feaa7,2015-05,City of London Police,City of London Police,-0.111497,51.518226,On or near Pedestrian Subway,E01000914,Camden 028B,Investigation complete; no suspect identified
646bf062d652ac6cee62e07a8a68c30fdc55b5bb9b3e4cf731210890704d34bc,2015-05,City of London Police,City of London Police,-0.110735,51.517836,On or near Further/Higher Educational Building,E01032740,City of London 001G,Investigation complete; no suspect identified
6abecd9f5fc546f27afed7eb871d0cc50d47a7af7bfae3c949836a6c57cf47b1,2015-05,City of London Police,City of London Police,-0.097210,51.523156,On or near BALTIC STREET WEST,E01033490,Islington 022H,Formal action is not in the public interest
e33001a61c32c5133e9583804fbc3019b15900aa8bc8ac4780da4a59d9e8e060,2015-05,City of London Police,City of London Police,-0.102721,51.515404,On or near ST GEORGES'S COURT,E01032740,City of London 001G,Investigation complete; no suspect identified
a8696c9d0ff8631cfaa7f9fafc3cf80353fd7ae818a870bbd6df69f3128767b3,2015-05,City of London Police,City of London Police,-0.096363,51.513377,On or near NEW CHANGE,E01032739,City of London 001F,Investigation complete; no suspect identified
9f3eae0aaa6aa11424ea448ba7edf1d4a7f3e200201588f4a1618bab4c7b5501,2015-05,City of London Police,City of London Police,-0.075389,51.511775,On or near MINORIES,E01000005,City of London 001E,Investigation complete; no suspect identified
15b72198d12e2830d7a681d4a6caa40b6e53c9129a9179dea69a84831de5ecdf,2015-05,City of London Police,City of London Police,-0.078127,51.512135,On or near LLOYD'S AVENUE,E01032739,City of London 001F,Investigation complete; no suspect identified
f2f83e075e87e2594f60e89175f977ebf78f8353f6631ecf18aef901e853306a,2015-05,City of London Police,City of London Police,-0.092865,51.510182,On or near Parking Area,E01032739,City of London 001F,Investigation complete; no suspect identified
148e7670968258c3dda800d9b4c481b3fa7ad761508654498d95565119550964,2015-05,City of London Police,City of London Police,-0.084566,51.517690,On or near BLOMFIELD STREET,E01032739,City of London 001F,Investigation complete; no suspect identified
2603c9a8e71bfe83af168a237cc5ae3f2f20676d5c2b953bda9085299d0655c5,2015-05,City of London Police,City of London Police,-0.085310,51.518511,On or near ELDON STREET,E01032739,City of London 001F,Investigation complete; no suspect identified
2b7bd7b1d814976385f328e5ed85e7b2973118cdbb313d310a9f4b44a5d0129d,2015-05,City of London Police,City of London Police,-0.086624,51.511923,On or near CLEMENT'S LANE,E01032739,City of London 001F,Investigation complete; no suspect identified
924f31bec7f2277f68fd1a0715a1eacce5e1f755b3e0a5f902a338f3df6978cf,2015-05,City of London Police,City of London Police,-0.088621,51.518619,On or near MOORFIELDS,E01000002,City of London 001B,Investigation complete; no suspect identified
9435d6bdac263b839d480bb96d01afa82bb1862cd3eac15f0339d94278c1e282,2015-05,City of London Police,City of London Police,-0.102502,51.516165,On or near GREEN ARBOUR COURT,E01032740,City of London 001G,Investigation complete; no suspect identified
ad807984ad6b96dcb7435a4516781571171882d56571c6af1a33df0fe152f4f9,2015-05,City of London Police,City of London Police,-0.096814,51.512952,On or near ST PAUL'S CHURCH YARD,E01032739,City of London 001F,Investigation complete; no suspect identified
0671e01a3dc41197cf76c9fea4c59dba7f0b0f8ecd387f4e9cd259129aea4b20,2015-05,City of London Police,City of London Police,-0.088203,51.518262,On or near MOORGATE,E01032739,City of London 001F,Investigation complete; no suspect identified
c9eb84c3d03e8100c2932d2bea2426eda5de1c25fca980b1d7292ec2d5c991e8,2015-05,City of London Police,City of London Police,-0.097645,51.515142,On or near ST MARTIN'S LE GRAND,E01032739,City of London 001F,Investigation complete; no suspect identified
97be2d39ed8cbe1c76255e7cd93389e46cf20f743a6ded409207cbe109a4093f,2015-05,City of London Police,City of London Police,-0.094468,51.521853,On or near GOLDEN LANE,E01000003,City of London 001C,Investigation complete; no suspect identified
851b9e7a7dbf8a1b09c2ec5c62358492bf647d58a235a9cef75499db832f91db,2015-05,City of London Police,City of London Police,-0.092719,51.512652,On or near QUEEN VICTORIA STREET,E01032739,City of London 001F,Investigation complete; no suspect identified
91a9d582c5fccad45de9649ff1156406e80b32dc15056cd03e0df0dbc95c1781,2015-05,City of London Police,City of London Police,-0.092517,51.520580,On or near WHITECROSS STREET,E01000002,City of London 001B,Investigation complete; no suspect identified
b70f9c106a59524e2a84db0d11073d18b40e9ebe278a637356838dc54f7067f8,2015-05,City of London Police,City of London Police,-0.109647,51.514887,On or near FETTER LANE,E01032740,City of London 001G,Investigation complete; no suspect identified
317e529fefc024b8d06de18ec3ea74be281ce3db2146683c8348c280bfaa6200,2015-05,City of London Police,City of London Police,-0.073065,51.511180,On or near GOODMAN'S YARD,E01000005,City of London 001E,Investigation complete; no suspect identified
7828d556d7b7f125048089e6f58de7d59539e33409c3cfbaa2438feb4c680542,2015-05,City of London Police,City of London Police,-0.084967,51.512598,On or near BELL INN YARD,E01032739,City of London 001F,Unable to prosecute suspect
c29ed91dc9e614ecd3dd25fb2cc2637f7068f7a521bc9286e62c90e38136c154,2015-05,City of London Police,City of London Police,-0.087118,51.513199,On or near Nightclub,E01032739,City of London 001F,Investigation complete; no suspect identified
e306af4c33462c43425c1131a39ab240e7b2096d75a172c366b1cb4a04c33920,2015-05,City of London Police,City of London Police,-0.092719,51.512652,On or near QUEEN VICTORIA STREET,E01032739,City of London 001F,Investigation complete; no suspect identified
0ef7f3c7e99d71b8f58c782b4935ba264d0d5523b3fcead6c1400739ef312464,2015-05,City of London Police,City of London Police,-0.075722,51.511053,On or near CRESCENT,E01000005,City of London 001E,Investigation complete; no suspect identified
44718825e637b7e323531a35858c7ddccb152485fa83e5abab8d5eee0e71cbb9,2015-05,City of London Police,City of London Police,-0.083993,51.511440,On or near PHILPOT LANE,E01032739,City of London 001F,Investigation complete; no suspect identified
cd3c9f5d5900b6b809bedfe8074273351c80fef0e2749ecfd70cbce7d75f9540,2015-05,City of London Police,City of London Police,-0.080244,51.511828,On or near MARK LANE,E01032739,City of London 001F,Investigation complete; no suspect identified
006d7c097c3773344772b562674b2c7859a7985396b78cf970ffad9143de0ef1,2015-05,City of London Police,City of London Police,-0.105134,51.513869,On or near BRIDE LANE,E01032740,City of London 001G,Investigation complete; no suspect identified
95fc8fe954dfb59b971aebc41884f7911dc5cd1164c30f11bce3370ec79cde63,2015-05,City of London Police,City of London Police,-0.087086,51.512596,On or near LOMBARD STREET,E01032739,City of London 001F,Investigation complete; no suspect identified
4a41bec053b8cfd6f07fc77c9005641a4d136db43f7bed83f337c7970bc86aa4,2015-05,City of London Police,City of London Police,-0.092719,51.512652,On or near QUEEN VICTORIA STREET,E01032739,City of London 001F,Investigation complete; no suspect identified
6dfa3a7d5ccf743f3dfa74d19ce3c8e8df4bb6675a9b021d4bc487776f3b8cbc,2015-05,City of London Police,City of London Police,-0.077224,51.516122,On or near Shopping Area,E01000005,City of London 001E,Investigation complete; no suspect identified
e73036767ff6a60f98ebf8c4a3f7a03ed8aa7e009f8b4240face70f3b74a676e,2015-05,City of London Police,City of London Police,-0.084618,51.512682,On or near GRACECHURCH STREET,E01032739,City of London 001F,Investigation complete; no suspect identified
3dd80968de28940b0ae2a56b0b2e89ad5e30402a6c4bbb979b7b579fd8b9b4d4,2015-05,City of London Police,City of London Police,-0.101274,51.512791,On or near ST ANDREW'S HILL,E01032739,City of London 001F,Investigation complete; no suspect identified
b31018ab0e878e7c1523ed245f4a323ed065b46b0e9fd80e508a50f965bbfef0,2015-05,City of London Police,City of London Police,-0.101274,51.512791,On or near ST ANDREW'S HILL,E01032739,City of London 001F,Investigation complete; no suspect identified
cbcc87f24344be1dc7ed266ea4a2f41856990011a07446a5aa4abd40a95ca81f,2015-05,City of London Police,City of London Police,-0.082571,51.514753,On or near GREAT ST HELEN'S,E01032739,City of London 001F,Unable to prosecute suspect
0e79fb8233f02bb7230e2d2914b181c3cd501f80d1f11e0c09d1841bb56d2692,2015-05,City of London Police,City of London Police,-0.079283,51.511021,On or near SEETHING LANE,E01032739,City of London 001F,Investigation complete; no suspect identified
41e5c396bcf96e047abfbef2ba8ed430a104e66e5882488f6b9090d4164b9c88,2015-05,City of London Police,City of London Police,-0.083079,51.511578,On or near FENCHURCH STREET,E01032739,City of London 001F,Investigation complete; no suspect identified
9ee18c80311ab9271382a390fe920b669b7fee179f0cc97076c121aed7de2c47,2015-05,City of London Police,City of London Police,-0.113767,51.517372,On or near STONE BUILDINGS,E01000914,Camden 028B,Investigation complete; no suspect identified
38d03788bad19d51d6ba780d1ec898ad8a001235ae7984c3df708b483cfc774f,2015-05,City of London Police,City of London Police,-0.106922,51.514204,On or near FLEET STREET,E01032740,City of London 001G,Unable to prosecute suspect
c8c11e3e7a75d139e88b5fd52c3a3dbd1855c2522a843a2bbb3bf42c33e1e172,2015-05,City of London Police,City of London Police,-0.086624,51.511923,On or near CLEMENT'S LANE,E01032739,City of London 001F,Investigation complete; no suspect identified
6b144af44b9748f68c19bcd62521b22aaac608d29c46d98c4c9766f144da326f,2015-05,City of London Police,City of London Police,-0.074958,51.514151,On or near ALDGATE HIGH STREET,E01000005,City of London 001E,Investigation complete; no suspect identified
fc0d3b40ac08b4f02c596bcd877054d6f7e60f8d7a7de24013c9e3b6d38a28b1,2015-05,City of London Police,City of London Police,-0.088621,51.518619,On or near MOORFIELDS,E01000002,City of London 001B,Investigation complete; no suspect identified
706f85275b40a34a7e12b72d7d3a431f208fba6c81dac3723904186fae31e0c9,2015-05,City of London Police,City of London Police,-0.110592,51.516062,On or near BREAM'S BUILDINGS,E01032740,City of London 001G,Investigation complete; no suspect identified
02be0ff5b816a5086a0ba8bf6fd667cd16e53802f6b78738af7f6b3bb221dc44,2015-05,City of London Police,City of London Police,-0.102412,51.517297,On or near COCK LANE,E01032740,City of London 001G,Investigation complete; no suspect identified
d0cad79ed25de6bcb1210f84b575d377df6071a5dfbf1b19a19e4867904b247c,2015-05,City of London Police,City of London Police,-0.078856,51.518433,On or near ARTILLERY LANE,E01032739,City of London 001F,Investigation complete; no suspect identified
daebcf8e538fabe599b39d964c6fee5256f2f07f7be0057e578b934b1000e645,2015-05,City of London Police,City of London Police,-0.104001,51.513051,On or near APOTHECARY STREET,E01032739,City of London 001F,Investigation complete; no suspect identified
ce3558ee4bb541dede47558c7334810f8467867432b173b41b2d5e661367bc25,2015-05,City of London Police,City of London Police,-0.088621,51.518619,On or near MOORFIELDS,E01000002,City of London 001B,Unable to prosecute suspect
05e0226027e1074473d94c37f44b29cf83522272dd0c1cf201a9cdec9c4801c5,2015-05,City of London Police,City of London Police,-0.092517,51.520580,On or near WHITECROSS STREET,E01000002,City of London 001B,Unable to prosecute suspect
3c2ba77b8f10fee40eb1aec4f92939304210a71f7923827629c5c3828bb74fbd,2015-05,City of London Police,City of London Police,-0.081516,51.510014,On or near GREAT TOWER STREET,E01032739,City of London 001F,Investigation complete; no suspect identified
38f2de29d83b9733ceba9f787372545facf2c2cdbd39c62bb5d56e27c99e6501,2015-05,City of London Police,City of London Police,-0.100179,51.514158,On or near Shopping Area,E01032739,City of London 001F,Investigation complete; no suspect identified
070d5ac9ba33f138e0d798be7b337463631d07a3eefcd24183d8cd6fe5449329,2015-05,City of London Police,City of London Police,-0.077451,51.515523,On or near WHITE KENNETT STREET,E01000005,City of London 001E,Unable to prosecute suspect
661db4eb3f4c424425f3909319009be1dd2b636906ecc391c20b4c3f3b511267,2015-05,City of London Police,City of London Police,-0.082058,51.509466,On or near CROSS LANE,E01032739,City of London 001F,Formal action is not in the public interest
183c0e16a48968e91d79466578b1f95e4ca437f0494e47bd95a1f0ef1d9a1835,2015-05,City of London Police,City of London Police,-0.106922,51.514204,On or near FLEET STREET,E01032740,City of London 001G,Investigation complete; no suspect identified
a3810b08b8fc0849d23c3fe4c85cbecd8ea39a29c1ae6f1084bf841557ac75db,2015-05,City of London Police,City of London Police,-0.086051,51.513569,On or near FINCH LANE,E01032739,City of London 001F,Investigation complete; no suspect identified
e048f697c6503b253337fa7d53455092bc3d64beca8f2043b45e0be2f903b57a,2015-05,City of London Police,City of London Police,-0.102794,51.515037,On or near Parking Area,E01032740,City of London 001G,Investigation complete; no suspect identified
23fe765192af587d516f1542ce5c3f9490cb988d8ad240df719483080024fd80,2015-05,City of London Police,City of London Police,-0.081549,51.511625,On or near MINCING LANE,E01032739,City of London 001F,Investigation complete; no suspect identified
eb36dcac85c27f68e6b2fc5fb518d5b2e8cc9741d99fb916966ba1c34f77d5c1,2015-05,City of London Police,City of London Police,-0.016931,51.517519,On or near BARCHESTER STREET,E01004250,Tower Hamlets 020D,Investigation complete; no suspect identified
5a47277ce70b47c9becb3eb5b2d8844fc6540ca4fa35e280373bea119fbabb08,2015-05,City of London Police,City of London Police,-0.097562,51.518864,On or near Parking Area,E01000001,City of London 001A,Investigation complete; no suspect identified
2cc66f5e5af9c334280ecbf8a2776a6cd2ee530096eaf28e6331a5d816d7bb0b,2015-05,City of London Police,City of London Police,-0.106922,51.514204,On or near FLEET STREET,E01032740,City of London 001G,Investigation complete; no suspect identified
932ef6e44a3a929b18f8a6a89e8957943085dcc522dbd4736f1ba500de8d4128,2015-05,City of London Police,City of London Police,-0.080665,51.509344,On or near Pedestrian Subway,E01032739,City of London 001F,Investigation complete; no suspect identified
9acd34a5362be35e0574f8c15b759b5ad34c970fc7ec2524c7f85c8e0139ecfd,2015-05,City of London Police,City of London Police,-0.093465,51.514463,On or near RUSSIA ROW,E01032739,City of London 001F,Investigation complete; no suspect identified
860c05aeb399cc21379a4e3fac33f173b238a5eaf30810ff045e79b6c01c4ec4,2015-05,City of London Police,City of London Police,-0.074793,51.511208,On or near Pedestrian Subway,E01000005,City of London 001E,Investigation complete; no suspect identified
2b35228ca3e6082fba8c16fb4327996c60dbfe602694253cbed066f90894d828,2015-05,City of London Police,City of London Police,-0.091732,51.521080,On or near Nightclub,E01002704,Islington 023D,Unable to prosecute suspect
90c389412121f52c0cabf6c0dd30ddb776a621ce3dcb8bc3b19435db182d0ae8,2015-05,City of London Police,City of London Police,-0.107910,51.515047,On or near GOUGH SQUARE,E01032740,City of London 001G,Investigation complete; no suspect identified
88d3459b153fb651451487d1a18cab673e9e94500a4fcee4fa4e33eb4cd66c3b,2015-05,City of London Police,City of London Police,-0.087666,51.511122,On or near CANNON STREET,E01032739,City of London 001F,Unable to prosecute suspect
ba6d7efd052c833c8f17e79da197277ae0de347a9f1fd4740622f904bb768dbc,2015-05,City of London Police,City of London Police,-0.094720,51.514420,On or near WOOD STREET,E01032739,City of London 001F,Investigation complete; no suspect identified
29c06b14d91694152b2065cbeef83361a219d0ea7b880be2fce99d6f6cc16f41,2015-05,City of London Police,City of London Police,-0.084199,51.513394,On or near CORNHILL,E01032739,City of London 001F,Investigation complete; no suspect identified
edad80c0221354258085f0c723403ce3bdff6e3842f6e03d414f826bc5b11917,2015-05,City of London Police,City of London Police,-0.110592,51.516062,On or near BREAM'S BUILDINGS,E01032740,City of London 001G,Unable to prosecute suspect
c4ba2509fc777d5d1a92be7479cd5eaf235251392bd4268d02261025d340ca9a,2015-05,City of London Police,City of London Police,-0.086624,51.511923,On or near CLEMENT'S LANE,E01032739,City of London 001F,Investigation complete; no suspect identified
7e97a8679b28cf29c3681d3bda8791156efb94bb4e9de788246042e7aaf12435,2015-05,City of London Police,City of London Police,-0.095860,51.521660,On or near FANN STREET,E01000003,City of London 001C,Investigation complete; no suspect identified
1037a0b45d74e9890145bc662f7c1710bda8c11c13d74330ff8ac3a02075ef6e,2015-05,City of London Police,City of London Police,-0.098062,51.517577,On or near MONTAGUE STREET,E01000001,City of London 001A,Investigation complete; no suspect identified
0e7f6ce18c7b9e31ea6f2c0d08b6240e88e781695b9e7e098adb3d58e338f60c,2015-05,City of London Police,City of London Police,-0.075389,51.511775,On or near MINORIES,E01000005,City of London 001E,Investigation complete; no suspect identified
311c677994695037dd5ee8470fa361384c3643c9f770b6a1d81a2e3a1578cdc8,2015-05,City of London Police,City of London Police,-0.075389,51.511775,On or near MINORIES,E01000005,City of London 001E,Investigation complete; no suspect identified
9fbf61303d99fd3a605bfb7f665736b8ecb3a341d1c6affdbb7900812fd59487,2015-05,City of London Police,City of London Police,-0.084967,51.512598,On or near BELL INN YARD,E01032739,City of London 001F,Investigation complete; no suspect identified
51399dab5924bb9e7b109295648bc653915c0bbf4b037052254bee0c54186aa6,2015-05,City of London Police,City of London Police,-0.104001,51.513051,On or near APOTHECARY STREET,E01032739,City of London 001F,Investigation complete; no suspect identified
93e27b77ab9ec46f5af7dfd2a3eab1d984ed688907093865a99306ccdf0719f0,2015-05,City of London Police,City of London Police,-0.089451,51.517032,On or near Bus/Coach Station,E01032739,City of London 001F,Investigation complete; no suspect identified
de8502f3b7ccf30bbdd20ea6cf73d5b27176d6abf5309a55c712003f01ec1228,2015-05,City of London Police,City of London Police,-0.082965,51.516351,On or near WORMWOOD STREET,E01032739,City of London 001F,Investigation complete; no suspect identified
de7ac376ae7d7662ff92e05718222cb6cc153edcec771f793aae88ad7bd38a45,2015-05,City of London Police,City of London Police,-0.016931,51.517519,On or near BARCHESTER STREET,E01004250,Tower Hamlets 020D,Investigation complete; no suspect identified
57228324be14f98e190c3e96ecac129fe26aba451a2626703534ca44b6636373,2015-05,City of London Police,City of London Police,-0.086624,51.511923,On or near CLEMENT'S LANE,E01032739,City of London 001F,Investigation complete; no suspect identified
9a0b34ebffa79bda426e917d87310886112f9bbd32806d57ff01fb193deba2c4,2015-05,City of London Police,City of London Police,-0.104001,51.513051,On or near APOTHECARY STREET,E01032739,City of London 001F,Investigation complete; no suspect identified
54fc30619e8b26b152a389ef15e3a383603b9face25b57712b19a8064bcca473,2015-05,City of London Police,City of London Police,-0.079162,51.514940,On or near BEVIS MARKS,E01032739,City of London 001F,Unable to prosecute suspect
981f7afe8fa414a63e5041c7d1e9ebafd0f722c28b284f0b0b497001e17eb5b2,2015-05,City of London Police,City of London Police,-0.073254,51.512856,On or near MANSELL STREET,E01000005,City of London 001E,Investigation complete; no suspect identified
498a570769c875c701a39c99e9aeaf14863bc394b97bcf5349f0eabc815a92a1,2015-05,City of London Police,City of London Police,-0.100884,51.516966,On or near Hospital,E01032740,City of London 001G,Investigation complete; no suspect identified
319e439628b13226c8f30b0d5b2eaf32570a0c6bf4313b4e83c153943209d975,2015-05,City of London Police,City of London Police,-0.105134,51.513869,On or near BRIDE LANE,E01032740,City of London 001G,Investigation complete; no suspect identified
939e827aa69a7a6f16a24e9f5433a1e66c4202378dc138dfe66281f9f49ccf36,2015-05,City of London Police,City of London Police,-0.098138,51.520609,On or near CARTHUSIAN STREET,E01033490,Islington 022H,Investigation complete; no suspect identified
45b22244203494291f77e1fb4c4ca7237fd90cea7ac91029d119dd11e2593294,2015-05,City of London Police,City of London Police,-0.098138,51.520609,On or near CARTHUSIAN STREET,E01033490,Islington 022H,Investigation complete; no suspect identified
8a4f8c33f7949b956949c54a99248a034669b81e7e5f92225b3f315093eb6027,2015-05,City of London Police,City of London Police,-0.093057,51.520085,On or near Theatre/Concert Hall,E01000002,City of London 001B,Investigation complete; no suspect identified
08d4a9c0e138727157389c41b8729e663bf0b336b569ff3628ed6403687ced0d,2015-05,City of London Police,City of London Police,-0.086393,51.510894,On or near EASTCHEAP,E01032739,City of London 001F,Investigation complete; no suspect identified
7fe6a572e9b9718137f1f265bad2e36acac88b08bd2548e4574863c31ebda513,2015-05,City of London Police,City of London Police,-0.075508,51.514763,On or near Pedestrian Subway,E01000005,City of London 001E,Investigation complete; no suspect identified
fff37ea1d37aa1bf044eb03fa8dc143a26f9acf895127259c9f5958a53bcb555,2015-05,City of London Police,City of London Police,-0.097645,51.515142,On or near ST MARTIN'S LE GRAND,E01032739,City of London 001F,Investigation complete; no suspect identified
b46fc2f38dacaf5213111f096ab5e3a9108aca213925b4bd138de4007b432f51,2015-05,City of London Police,City of London Police,,,No location,,,Investigation complete; no suspect identified
b1f0ed6b332a1b111404766bcebafd46bce95b40eae76f18bbbd69a70169b6a3,2015-05,City of London Police,City of London Police,-0.100884,51.516966,On or near Hospital,E01032740,City of London 001G,Investigation complete; no suspect identified
32e7f27d7cf2f1b0d823fed10828273755914a85189158735fd56a30de36da86,2015-05,City of London Police,City of London Police,-0.227245,51.518413,On or near CAVERSWALL STREET,E01001874,Hammersmith and Fulham 001A,Investigation complete; no suspect identified
5436e48de10122da0c8bcb49e0be7c124946c067f125ab54360c7534079af4e8,2015-05,City of London Police,City of London Police,-0.082571,51.514753,On or near GREAT ST HELEN'S,E01032739,City of London 001F,Investigation complete; no suspect identified
c2069ce4b344a1dbe54403770eb561adebef0bd40cd599f0594b518dd1f90a73,2015-05,City of London Police,City of London Police,-0.083296,51.517058,On or near OLD BROAD STREET,E01032739,City of London 001F,Investigation complete; no suspect identified
286e62c72e6bd3b6a961cbea286dbf19e7fa771fce219b1fbf30cd88b9012f8e,2015-05,City of London Police,City of London Police,-0.089475,51.513355,On or near Pedestrian Subway,E01032739,City of London 001F,Unable to prosecute suspect
5d248922c654eea36a9a7e8e7cae232624963f1b4db3a2c99cd7182f95fba429,2015-05,City of London Police,City of London Police,-0.074793,51.511208,On or near Pedestrian Subway,E01000005,City of London 001E,Investigation complete; no suspect identified
d88cad1d780fea471f399ffdc9c63955786a7b01a33b81960c02f59b71b9fe57,2015-05,City of London Police,City of London Police,-0.087666,51.511122,On or near CANNON STREET,E01032739,City of London 001F,Investigation complete; no suspect identified
a938c89de345d4c513c136ed5520e5cc09b08a5a8c1af139640209e2e8dc7108,2015-05,City of London Police,City of London Police,-0.095377,51.520789,On or near BRIDGEWATER STREET,E01000003,City of London 001C,Investigation complete; no suspect identified
36a0d6347e4350bc42c3e7ccb80ef83df0a074578ded9bce96d15cfcb68e3fe2,2015-05,City of London Police,City of London Police,-0.080376,51.517244,On or near Supermarket,E01032739,City of London 001F,Investigation complete; no suspect identified
2d7dc730be7e792a8402ca4c78dbfcc64552f28bb752af4014dde806d9e6fe67,2015-05,City of London Police,City of London Police,-0.112519,51.517568,On or near SOUTHAMPTON BUILDINGS,E01032740,City of London 001G,Investigation complete; no suspect identified
65d590214b0cbfede5e538767757d11cb28644fa9d39b0dfd56043a757fdebb6,2015-05,City of London Police,City of London Police,-0.105134,51.513869,On or near BRIDE LANE,E01032740,City of London 001G,Investigation complete; no suspect identified
0f9054a0996ef692492c4bacbab53d5b61b2c3f58256bc4e2e000728563e57c1,2015-05,City of London Police,City of London Police,-0.102721,51.515404,On or near ST GEORGES'S COURT,E01032740,City of London 001G,Investigation complete; no suspect identified
d75b2dc57c56b8a73c42e4f0ea46743ae1809acd33c2b14d5137b39a5e70e8be,2015-05,City of London Police,City of London Police,-0.084701,51.509320,On or near LOWER THAMES STREET,E01032739,City of London 001F,Investigation complete; no suspect identified
4edbf2df73c26ee429c590724a4eb2bf36c340165f76629ecd0abfe3812c6c91,2015-05,City of London Police,City of London Police,-0.090348,51.519358,On or near MOOR LANE,E01000002,City of London 001B,Investigation complete; no suspect identified
15a5896e904a7430a9712c8ac58d0bdd575f4fa520f79604c4baa64b5c484c5d,2015-05,City of London Police,City of London Police,-0.086278,51.509876,On or near FISH STREET HILL,E01032739,City of London 001F,Investigation complete; no suspect identified
c7ba0d4792062db1c0163b7939b289e8d24ffdd4efe9bcdfef0433a9e5a9086e,2015-05,City of London Police,City of London Police,-0.078856,51.518433,On or near ARTILLERY LANE,E01032739,City of London 001F,Unable to prosecute suspect
5f3b8185f4ffa3a4ebc97acc79afc06c031e011e55d9adc01a89cf288466d0f5,2015-05,City of London Police,City of London Police,-0.100179,51.514158,On or near Shopping Area,E01032739,City of London 001F,Investigation complete; no suspect identified
99e02cbdc11f2a63ae073e7d35204eb4bfdea0ce372046156f09ae9b3bcd48f6,2015-05,City of London Police,City of London Police,-0.080665,51.509344,On or near Pedestrian Subway,E01032739,City of London 001F,Investigation complete; no suspect identified
3f3a72ee6a08f8d0010735806468ec82690c819360fb7eea2d3ba742485b9338,2015-05,City of London Police,City of London Police,-0.097699,51.511420,On or near BOOTH LANE,E01032739,City of London 001F,Investigation complete; no suspect identified
b2eb9d728ca655ef5bc78564f8e72add45cf87e1bea5a1768e5a5340a796c6fa,2015-05,City of London Police,City of London Police,-0.090348,51.519358,On or near MOOR LANE,E01000002,City of London 001B,Investigation complete; no suspect identified
ff1c577374dd8e75ca8e33a083fd78d445970ced1c7bf732f98cde1628d624eb,2015-05,City of London Police,City of London Police,-0.082913,51.513463,On or near LEADENHALL STREET,E01032739,City of London 001F,Investigation complete; no suspect identified
11906dc7f2172b0ed3f324acff91e59669865e74031e210c598765dffa24a81a,2015-05,City of London Police,City of London Police,-0.084980,51.516078,On or near GREAT WINCHESTER STREET,E01032739,City of London 001F,Investigation complete; no suspect identified
871d34821cb7b7f8daac830b5c02fe114d992e914189e723f272a0fd8cb1354b,2015-05,City of London Police,City of London Police,-0.082571,51.514753,On or near GREAT ST HELEN'S,E01032739,City of London 001F,Unable to prosecute suspect
17494a0db7be96e5992a6d59650673ed9d981d9fa54509413e85714fe066464a,2015-05,City of London Police,City of London Police,-0.075196,51.512609,On or near ST CLARE STREET,E01000005,City of London 001E,Unable to prosecute suspect
95a4c0f9c3d67dda2cf0f5957bbe712f65a276ca1be529d62aec065426e11c8f,2015-05,City of London Police,City of London Police,-0.094468,51.521853,On or near GOLDEN LANE,E01000003,City of London 001C,Investigation complete; no suspect identified
cbcbf0637b5b44373d09a167f12bf76ec30e2d67303f8caff1b7e575150687ca,2015-05,City of London Police,City of London Police,-0.110735,51.517836,On or near Further/Higher Educational Building,E01032740,City of London 001G,Investigation complete; no suspect identified
5b056bca3b42b32e0437bc5ffe3d3cf428fe31093815f54294d37f95071dcba9,2015-05,City of London Police,City of London Police,-0.075389,51.511775,On or near MINORIES,E01000005,City of London 001E,Unable to prosecute suspect
65dbd2384f5bec7e16085cb473be7b85b24e13d21f98f45b07f1ef571d9e4332,2015-05,City of London Police,City of London Police,-0.094959,51.522868,On or near GOLDEN LANE,E01002706,Islington 023E,Unable to prosecute suspect
025898fb5c645d2cfe45ee010f9d007ec3de79f55cbb02650fa0f4fae5b61d02,2015-05,City of London Police,City of London Police,-0.089364,51.515331,On or near KING'S ARMS YARD,E01032739,City of London 001F,Investigation complete; no suspect identified
9b9e33fa26184ec2cc833e83d27a6d97886f2fa05cbc272700d78d69c4e8b2bc,2015-05,City of London Police,City of London Police,-0.110592,51.516062,On or near BREAM'S BUILDINGS,E01032740,City of London 001G,Unable to prosecute suspect
bddd3acf3d54c131f6315127842aa611a1156b778f1377ee3ff882dd794200aa,2015-05,City of London Police,City of London Police,-0.092719,51.512652,On or near QUEEN VICTORIA STREET,E01032739,City of London 001F,Investigation complete; no suspect identified
d1a6038d3f0c4558d4a9fb641571a82df0eb80c556afcef309e5c7ca7f425d23,2015-05,City of London Police,City of London Police,-0.077224,51.516122,On or near Shopping Area,E01000005,City of London 001E,Investigation complete; no suspect identified
7e78a8f74512e5fdcf0b5fde2020e4b2d493a387b5db496d8014082818aca93d,2015-05,City of London Police,City of London Police,-0.079283,51.511021,On or near SEETHING LANE,E01032739,City of London 001F,Unable to prosecute suspect
100b83924f13937abeb559e344bf12dafe1338541d4c0b9a1130577e51fef3fd,2015-05,City of London Police,City of London Police,-0.082571,51.514753,On or near GREAT ST HELEN'S,E01032739,City of London 001F,Suspect charged
b6ac0fdfb6fc42c95ad6672f354a1aad14bbda0be3530cafd014f62741202f27,2015-05,City of London Police,City of London Police,-0.092865,51.510182,On or near Parking Area,E01032739,City of London 001F,Suspect charged
e08b2ca1ed3a959b1b40e8c2f5cd06028eb5154acf0b0d39b85128470e319ebe,2015-05,City of London Police,City of London Police,-0.079011,51.509614,On or near Pedestrian Subway,E01032739,City of London 001F,Suspect charged
88fd9b68f4ed77191845eed0cdb7322d92ccf8ba7f2691e9cd822810d79e9912,2015-05,City of London Police,City of London Police,-0.077029,51.510148,On or near TRINITY SQUARE,E01004293,Tower Hamlets 027B,Suspect charged
f7842bf1955f8a484881b1bc637af9adba713dbe69e693eddf0a6b6661a23658,2015-05,City of London Police,City of London Police,-0.105900,51.516966,On or near PLUMTREE COURT,E01032740,City of London 001G,Suspect charged
67ee137b1421271bd49173b84e13389a3cc4348df21833ee2161bf9e15dd6e42,2015-05,City of London Police,City of London Police,-0.084199,51.513394,On or near CORNHILL,E01032739,City of London 001F,Suspect charged
2da828b8fd8e51b73f3894ff4077c35808519ff01bafcc5ec04a42545fb04254,2015-05,City of London Police,City of London Police,-0.104252,51.516733,On or near Supermarket,E01032740,City of London 001G,Suspect charged
63cc6606b88c27530a2ccd49c898fbb752bcd38cea265bf14b17809d04c79159,2015-05,City of London Police,City of London Police,-0.083993,51.511440,On or near PHILPOT LANE,E01032739,City of London 001F,Suspect charged
e3391db808e39fb6b8fa777b69023aba5392a16408d8a1b362f42decef963265,2015-05,City of London Police,City of London Police,-0.110735,51.517836,On or near Further/Higher Educational Building,E01032740,City of London 001G,Suspect charged
860f8c34a05568385895470d6f6337c8b38fef2d05f71ef04f3152f3bd709b4d,2015-05,City of London Police,City of London Police,-0.084618,51.512682,On or near GRACECHURCH STREET,E01032739,City of London 001F,Suspect charged
26ba3b9b9f17c73e6f3553fc7708fe83f61bfdd9c80289a44e4f9ee175f9cf95,2015-05,City of London Police,City of London Police,-0.108231,51.513928,On or near PLEYDELL STREET,E01032740,City of London 001G,Suspect charged
81b3c3b291329e2c708ea5b7402eb4f05157bffaadae6ff23e849ea9f3ff40ce,2015-05,City of London Police,City of London Police,-0.081938,51.513007,On or near LIME STREET,E01032739,City of London 001F,Suspect charged
0722bae0e885cfa2087f23e3df2c34fe982f5d39139412e8b049d6de5b82d757,2015-05,City of London Police,City of London Police,-0.104281,51.516032,On or near BEAR ALLEY,E01032740,City of London 001G,Suspect charged
8dada11a3d8653a5dcadfc253602eb2cffdc9713e5db074292c76b43582eb5e9,2015-05,City of London Police,City of London Police,-0.086624,51.511923,On or near CLEMENT'S LANE,E01032739,City of London 001F,Suspect charged
395fb3b34fe99e5b2c66e94066bd3efaf8e75e721d5223f792fff52110c60671,2015-05,City of London Police,City of London Police,-0.094231,51.511984,On or near GREAT TRINITY LANE,E01032739,City of London 001F,Suspect charged
bb186514796082f0b0bf131e1ecdba9e78621178eb153d2fdbaff9fd3c4025d1,2015-05,City of London Police,City of London Police,,,No location,,,Offender given suspended prison sentence
2735b1aa70a42f5818baaa2b04c75421356a819276ca65221cdba50a7f7e5eba,2015-05,City of London Police,City of London Police,-0.078718,51.521038,On or near NORTON FOLGATE,E01004307,Tower Hamlets 015B,Offender sent to prison
d712bedb023830f05ab6d38af860c8f655393b1181acb098bef0f644d169479f,2015-05,City of London Police,City of London Police,-0.078393,51.515728,On or near CLOTHIER STREET,E01000005,City of London 001E,Defendant found not guilty
62fc74fbe7e050e77e475088d1b90e87c26a0e3c3fd2253550801cc0c3d14ce0,2015-05,City of London Police,City of London Police,-0.093465,51.514463,On or near RUSSIA ROW,E01032739,City of London 001F,Defendant found not guilty
d244a8d96aadc15c1d832445cd357f40bca69291c7dc2f102680826d5c8d3475,2015-05,City of London Police,City of London Police,-0.088621,51.518619,On or near MOORFIELDS,E01000002,City of London 001B,Offender given community sentence
189e3d44e119120a7fa3aa9c74ed035bac0fcda1cc38e4af926f8b5b65e1471a,2015-05,City of London Police,City of London Police,-0.097277,51.515307,On or near ST MARTIN'S LE GRAND,E01000001,City of London 001A,Offender sent to prison
7a4d18d37ed9e0854cad346b49da50c5a159614d3971bd8666e3fc34af26047f,2015-05,City of London Police,City of London Police,-0.095960,51.517534,On or near LONDON WALL,E01000001,City of London 001A,Defendant found not guilty
110853cfabde253fc086a85ed945e39a417750343bcb87d31a8f667ebc38a6b3,2015-05,City of London Police,City of London Police,-0.074330,51.513647,On or near LITTLE SOMERSET STREET,E01000005,City of London 001E,Offender sent to prison
46f301c0a722c1e6a4f0b8f3288a2d67e35055f4861d052fb9344d52140e03ab,2015-05,City of London Police,City of London Police,-0.083993,51.511440,On or near PHILPOT LANE,E01032739,City of London 001F,Offender fined
b8ceacf9c484cce0c96819b3aa245753c5ed67074f45e6272dceef0b46a10e28,2015-05,City of London Police,City of London Police,-0.088955,51.513382,On or near LOMBARD STREET,E01032739,City of London 001F,Defendant found not guilty
702d54ceb523d7d130a130c0de6cfe9a18158d5fb91242b1eb6dc5fe7b6da8f2,2015-05,City of London Police,City of London Police,-0.104252,51.516733,On or near Supermarket,E01032740,City of London 001G,Offender given conditional discharge
2747430869f8972e51e86c64fe68712f85a27138444ee6e80b0a9636627ddb3c,2015-05,City of London Police,City of London Police,-0.100202,51.513268,On or near DEAN'S COURT,E01032739,City of London 001F,Offender sent to prison
fe7227300a269d43f0c87f241aeea15ee5513954f3d7f83bdbfd21296c49d929,2015-05,City of London Police,City of London Police,-0.092865,51.510182,On or near Parking Area,E01032739,City of London 001F,Offender given community sentence
5ef6539991b15fca33b5c3290dec19fac9c42d53fb800af49df9f543db7bf6b7,2015-05,City of London Police,City of London Police,-0.086278,51.509876,On or near FISH STREET HILL,E01032739,City of London 001F,Offender sent to prison
cb41059c524398e80181c881d0854cb16e693a54cd8d320963dbdbd90e200509,2015-05,City of London Police,City of London Police,-0.086624,51.511923,On or near CLEMENT'S LANE,E01032739,City of London 001F,Offender fined
450da6a93472c8d6a36a43caf9f311c80a3bb0ac30f74cafd6ac77945f8ea8f2,2015-05,City of London Police,City of London Police,-0.082748,51.512597,On or near LEADENHALL PLACE,E01032739,City of London 001F,Offender given suspended prison sentence
5ef6539991b15fca33b5c3290dec19fac9c42d53fb800af49df9f543db7bf6b7,2015-05,City of London Police,City of London Police,-0.086278,51.509876,On or near FISH STREET HILL,E01032739,City of London 001F,Offender sent to prison
a8d9971ab45d96a7773dacacf45fcdd508e402b6e0fd1bf3662d02722ffa60cd,2015-05,City of London Police,City of London Police,-0.105134,51.513869,On or near BRIDE LANE,E01032740,City of London 001G,Offender sent to prison
1d5ef4689993d9ed8d2e5055b9b68e3980d82e47c6f3b270f301004c20e842da,2015-05,City of London Police,City of London Police,-0.093465,51.514463,On or near RUSSIA ROW,E01032739,City of London 001F,Offender given community sentence
27468d0ef4e9f0a214080ea88f6ae57c455212a6b46039989674e655c71da89f,2015-05,City of London Police,City of London Police,-0.082965,51.516351,On or near WORMWOOD STREET,E01032739,City of London 001F,Offender fined
08fa09633d21b9d50146e12bc9902d9a5c847b86d788c65cad438a8d065ab65d,2015-05,City of London Police,City of London Police,-0.080728,51.511611,On or near Supermarket,E01032739,City of London 001F,Offender given community sentence
88fd9b68f4ed77191845eed0cdb7322d92ccf8ba7f2691e9cd822810d79e9912,2015-05,City of London Police,City of London Police,-0.077029,51.510148,On or near TRINITY SQUARE,E01004293,Tower Hamlets 027B,Offender fined
a2348ec1c388c53ebda339c2a878ecbb8fec6eaf5e1c2baf9003660cec51249b,2015-05,City of London Police,City of London Police,-0.086624,51.511923,On or near CLEMENT'S LANE,E01032739,City of London 001F,Offender fined
1d56c632a58d4d099d42721c98c83bcd941f83862d678f71db2178bd5e5ee421,2015-05,City of London Police,City of London Police,-0.077694,51.513171,On or near ALDGATE,E01032739,City of London 001F,Offender given suspended prison sentence
5be628ba1dfdcc763a97f34a0999eb91f4f0912c7875a0bc92589ca0ab1de069,2015-05,City of London Police,City of London Police,-0.102380,51.517728,On or near HOSIER LANE,E01032740,City of London 001G,Investigation complete; no suspect identified
3b368a9a075ffd86daefc1004a752d38716a0352f5d26925a48fa0579fb8ba6a,2015-05,City of London Police,City of London Police,-0.086393,51.510894,On or near EASTCHEAP,E01032739,City of London 001F,Investigation complete; no suspect identified
c43bd952d7375049593bec71efeba67e84085a5d5df4f011c2c1eabaf0df8049,2015-05,City of London Police,City of London Police,-0.095860,51.521660,On or near FANN STREET,E01000003,City of London 001C,Formal action is not in the public interest
d244a8d96aadc15c1d832445cd357f40bca69291c7dc2f102680826d5c8d3475,2015-05,City of London Police,City of London Police,-0.088621,51.518619,On or near MOORFIELDS,E01000002,City of London 001B,Suspect charged
e4f07b1d005157965195eacec9f0e40593394d065bb04ca734179572e1bc6ad8,2015-05,City of London Police,City of London Police,-0.091823,51.514418,On or near IRONMONGER LANE,E01032739,City of London 001F,Unable to prosecute suspect
e4e3936161db8638e49a23a24555934de28ff89ac2412e76780e92b0357a4015,2015-05,City of London Police,City of London Police,,,No location,,,Offender given penalty notice
40d67dd09143d6f51c9dd42d2a4f02c19828809f3035d1952d89765cbe6729d0,2015-05,City of London Police,City of London Police,-0.073152,51.512206,On or near MANSELL STREET,E01000005,City of London 001E,Unable to prosecute suspect
6a53ffdd76eedea2b312ad1328918fabf034cfe3f95b50a12bd8699da499faf1,2015-05,City of London Police,City of London Police,-0.083618,51.517288,On or near BROAD STREET AVENUE,E01032739,City of London 001F,Investigation complete; no suspect identified
0d252bf6260729a0f106516589cfd535bb0e2b3077fffb64bf70232645e15d89,2015-05,City of London Police,City of London Police,-0.088621,51.518619,On or near MOORFIELDS,E01000002,City of London 001B,Investigation complete; no suspect identified
aadff34a2d90877f989a02dad1553575bb785e9e915a32e1af134681b92a8d3a,2015-05,City of London Police,City of London Police,-0.107147,51.517130,On or near ST ANDREW STREET,E01032740,City of London 001G,Investigation complete; no suspect identified
31e2dbd4e214ee5b999df460b25241411901f330a65c48143df5b8860fb069fe,2015-05,City of London Police,City of London Police,-0.082571,51.514753,On or near GREAT ST HELEN'S,E01032739,City of London 001F,Unable to prosecute suspect
e5ea97a840db4a08bdc3125977a494c488eb3de859de42abb4626db9224548d0,2015-05,City of London Police,City of London Police,-0.088843,51.509532,On or near Parking Area,E01032739,City of London 001F,Investigation complete; no suspect identified
dc005ba02fded938212cc215a5a07ffd1898bf44efdd06dbfa6e0cdaac4ab358,2015-05,City of London Police,City of London Police,-0.074330,51.513647,On or near LITTLE SOMERSET STREET,E01000005,City of London 001E,Suspect charged
730e927556f79ae3f65b57a8af12d8d6e60955cdc214329f9f62c2e73e95a87e,2015-05,City of London Police,City of London Police,-0.109647,51.514887,On or near FETTER LANE,E01032740,City of London 001G,Investigation complete; no suspect identified
447a22095c9988f5a247af350d3500202153712c1c7ffc40f2e842d7c12537a4,2015-05,City of London Police,City of London Police,-0.084618,51.512682,On or near GRACECHURCH STREET,E01032739,City of London 001F,Investigation complete; no suspect identified
86b326ac58008dd0b03672b0010711ec0e94cb4d561fd6cd5f963cf79e2ee03d,2015-05,City of London Police,City of London Police,-0.096363,51.513377,On or near NEW CHANGE,E01032739,City of London 001F,Investigation complete; no suspect identified
01ff60632fbcb39bfe1e376d8f93d1cfb85f7a37c58392d47c076df377f8aa27,2015-05,City of London Police,City of London Police,-0.097645,51.515142,On or near ST MARTIN'S LE GRAND,E01032739,City of London 001F,Unable to prosecute suspect
c67c5ec638d0a11a7c565159b74275bd3d3881be5444ae867cd29b6540ec8552,2015-05,City of London Police,City of London Police,-0.083417,51.513148,On or near WHITTINGTON AVENUE,E01032739,City of London 001F,Local resolution
e195d36dbf3d2f9f5149bf36e2f04c78f9bb90d483da595b08320b895cbf4820,2015-05,City of London Police,City of London Police,-0.079080,51.519615,On or near BISHOPSGATE,E01004307,Tower Hamlets 015B,Suspect charged
fc5f3c4ffd6c8f167ce4468ea90fd6964360c40ad30c704c122fe73f63bd94bd,2015-05,City of London Police,City of London Police,-0.092267,51.511745,On or near CLOAK LANE,E01032739,City of London 001F,Investigation complete; no suspect identified
906cc248c0a9f670992067e9bfcb8a9ec45a203e4a82322ac1f457c3895712af,2015-05,City of London Police,City of London Police,-0.105134,51.513869,On or near BRIDE LANE,E01032740,City of London 001G,Investigation complete; no suspect identified
35de996cf44c3ad1d73b91655c346383e458da54fb79251a71ef1f6fb33b7f32,2015-05,City of London Police,City of London Police,-0.097562,51.518864,On or near Parking Area,E01000001,City of London 001A,Offender given a drugs possession warning
9390912136e96fbf655dacb0d7708297b415754ab9f5a9b380752c82ad7dd696,2015-05,City of London Police,City of London Police,-0.080376,51.517244,On or near Supermarket,E01032739,City of London 001F,Offender given a caution
516da1d201d7e2ca5fdcfb5c34193ba0ba108b50d9fd2ebff1998ff74e97c33a,2015-05,City of London Police,City of London Police,-0.082571,51.514753,On or near GREAT ST HELEN'S,E01032739,City of London 001F,Unable to prosecute suspect
06716d20efdd1518a00678321dbccd7d82e6db044a023d7577beaf5951c920d1,2015-05,City of London Police,City of London Police,-0.082571,51.514753,On or near GREAT ST HELEN'S,E01032739,City of London 001F,Investigation complete; no suspect identified
4c776fcb324212d79cf2d05478b86033e1ebba2b91f6b219946579c3a297cc56,2015-05,City of London Police,City of London Police,-0.090348,51.519358,On or near MOOR LANE,E01000002,City of London 001B,Investigation complete; no suspect identified
945140e2eff592ec0b91de7c47e1730a8f23c1a12cb7431d1e5bc43f70448110,2015-05,City of London Police,City of London Police,-0.080376,51.517244,On or near Supermarket,E01032739,City of London 001F,Suspect charged
45b1c69a8a32fab597a2d82fa9a63fdd7ae88894a8902ed1b07dc402ef4b04e1,2015-05,City of London Police,City of London Police,-0.084566,51.517690,On or near BLOMFIELD STREET,E01032739,City of London 001F,Unable to prosecute suspect
87cba1400af446382909057963ca1d2b15ef3671ef5ce01c95cb66d7914e29c9,2015-05,City of London Police,City of London Police,-0.080322,51.510651,On or near MARK LANE,E01032739,City of London 001F,Investigation complete; no suspect identified
338a9bb2b6faf69a5e493ea026b4c4078f20fcf1add29bfd130809883b0f27d1,2015-05,City of London Police,City of London Police,-0.081938,51.513007,On or near LIME STREET,E01032739,City of London 001F,Investigation complete; no suspect identified
46f301c0a722c1e6a4f0b8f3288a2d67e35055f4861d052fb9344d52140e03ab,2015-05,City of London Police,City of London Police,-0.083993,51.511440,On or near PHILPOT LANE,E01032739,City of London 001F,Suspect charged
0f50e3b3c5dfae0eaa9c9a7a4a39961cbe34146ae9ad432d5060b34c58e668aa,2015-05,City of London Police,City of London Police,-0.092865,51.510182,On or near Parking Area,E01032739,City of London 001F,Unable to prosecute suspect
b3fba32070ae6e863ffb2b94c7bf2e7a9a056df8ad8296e7ec100f8f121cff89,2015-05,City of London Police,City of London Police,-0.081516,51.510014,On or near GREAT TOWER STREET,E01032739,City of London 001F,Investigation complete; no suspect identified
734a2dc99c204d7b002b04f1a2511c82064df5ef1c1520e4a1c0ea1afb6270f3,2015-05,City of London Police,City of London Police,-0.098777,51.512526,On or near KNIGHTRIDER STREET,E01032739,City of London 001F,Investigation complete; no suspect identified
640a65a191c0f44d839aeb4cc66103370916d7f4239b91c86556bb01b90f79ff,2015-05,City of London Police,City of London Police,-0.082571,51.514753,On or near GREAT ST HELEN'S,E01032739,City of London 001F,Investigation complete; no suspect identified
d8ecb5c902c0e12ef0714522a635b7bc005cc8aea568bb5c6b34abe19f45adb4,2015-05,City of London Police,City of London Police,-0.110471,51.517265,On or near FURNIVAL STREET,E01032740,City of London 001G,Investigation complete; no suspect identified
fabf022b8780fd81036ff910eaa9ef885d0ad519018830baa51e324ec030e39c,2015-05,City of London Police,City of London Police,-0.075389,51.511775,On or near MINORIES,E01000005,City of London 001E,Investigation complete; no suspect identified
eb1c9dc8ded6108d3d258ad85ce4b97addb78d22d78847c0d3d85c848bf26176,2015-05,City of London Police,City of London Police,-0.081516,51.510014,On or near GREAT TOWER STREET,E01032739,City of London 001F,Investigation complete; no suspect identified
90277b09e313f261cf87c56b5a0d9136e22077912099668fb5be028ad7eba56e,2015-05,City of London Police,City of London Police,-0.096363,51.513377,On or near NEW CHANGE,E01032739,City of London 001F,Investigation complete; no suspect identified
1d56c632a58d4d099d42721c98c83bcd941f83862d678f71db2178bd5e5ee421,2015-05,City of London Police,City of London Police,-0.077694,51.513171,On or near ALDGATE,E01032739,City of London 001F,Suspect charged
8b3b0e779a82f1bf3dc2034611eaec54de95ac5a8e5deb0568f481cbd2541bdc,2015-05,City of London Police,City of London Police,-0.089838,51.516067,On or near COLEMAN STREET,E01032739,City of London 001F,Investigation complete; no suspect identified
4ab31a9c8e2303ea2d75bee3277b8a96d601e092f5b0d10e57a7675b23d001fc,2015-05,City of London Police,City of London Police,-0.096561,51.514513,On or near CHEAPSIDE,E01032739,City of London 001F,Suspect charged
702d54ceb523d7d130a130c0de6cfe9a18158d5fb91242b1eb6dc5fe7b6da8f2,2015-05,City of London Police,City of London Police,-0.104252,51.516733,On or near Supermarket,E01032740,City of London 001G,Suspect charged
96006cfde2dbfd732be025de58674ee94080fa1943e28cb42e630f7e2ae68ab4,2015-05,City of London Police,City of London Police,-0.082965,51.516351,On or near WORMWOOD STREET,E01032739,City of London 001F,Investigation complete; no suspect identified
60cf6576a046fdec1e6fc294236887d67137de6401f7bf5c637791339c69fd7b,2015-05,City of London Police,City of London Police,-0.097562,51.518864,On or near Parking Area,E01000001,City of London 001A,Investigation complete; no suspect identified
096254e75569a222795ae19efae696c7b1602e9c7175cad98612127e9ff421c6,2015-05,City of London Police,City of London Police,-0.085833,51.513952,On or near FINCH LANE,E01032739,City of London 001F,Suspect charged
e3d5e3933d34e6bc436b6eb79c9dcbe675b8152dcc7bec91118d920f3cee33dc,2015-05,City of London Police,City of London Police,-0.084618,51.512682,On or near GRACECHURCH STREET,E01032739,City of London 001F,Investigation complete; no suspect identified
37f1df677e8d7931d6a0e86c53a2c66f6b066dd096a4c2172cb5dca0b8c89da9,2015-05,City of London Police,City of London Police,-0.076437,51.519050,On or near BRUSHFIELD STREET,E01004307,Tower Hamlets 015B,Investigation complete; no suspect identified
b291b20f54e624f1d21dd83e5e0f668a49f1d0d8d517738091bb223602295330,2015-05,City of London Police,City of London Police,-0.097562,51.518864,On or near Parking Area,E01000001,City of London 001A,Investigation complete; no suspect identified
baaf2c3d7b11a0219fe62421aac76c3fd69ee222274831f0078654bfd8df5e76,2015-05,City of London Police,City of London Police,-0.086764,51.510307,On or near FISH STREET HILL,E01032739,City of London 001F,Suspect charged
aee8b9cc48b1f5cc394cef40ccf9301d35b1f8b24d42da1678687e9f477ac7e0,2015-05,City of London Police,City of London Police,-0.090203,51.511118,On or near SCOTT'S YARD,E01032739,City of London 001F,Investigation complete; no suspect identified
9832eb8dc27554f5d55627d810bdfc37c235ec2f1bcbcadeb2a3c7b5ef9b3ca9,2015-05,City of London Police,City of London Police,-0.074330,51.513647,On or near LITTLE SOMERSET STREET,E01000005,City of London 001E,Suspect charged
5b8970a3065327630e47ea566b3da26d4963e5460e434470786635253331165a,2015-05,City of London Police,City of London Police,-0.096814,51.512952,On or near ST PAUL'S CHURCH YARD,E01032739,City of London 001F,Investigation complete; no suspect identified
f927c9415e0deb78ecba97d3c96331063a07118ae67091246cbe5be002891026,2015-05,City of London Police,City of London Police,-0.086624,51.511923,On or near CLEMENT'S LANE,E01032739,City of London 001F,Investigation complete; no suspect identified
b266a9005242abdc5af87da38372c4b75ba6f84757d77e41a8fbd7f92ffff78f,2015-05,City of London Police,City of London Police,-0.082965,51.516351,On or near WORMWOOD STREET,E01032739,City of London 001F,Unable to prosecute suspect
eaeeddb0c9dea8c8cbaa44fc2bec41617bf22103c9b0a574880d8ed7b4f29ad7,2015-05,City of London Police,City of London Police,-0.087084,51.519530,On or near Shopping Area,E01002704,Islington 023D,Investigation complete; no suspect identified
39e9e0b2b281cce7a50a13f6304da3f8e313076e3f6220928989ed69451edbe5,2015-05,City of London Police,City of London Police,-0.086051,51.513569,On or near FINCH LANE,E01032739,City of London 001F,Investigation complete; no suspect identified
989188e60c90a610847674b5e2741dbdf47fdd3ba695078b33b01809182837ff,2015-05,City of London Police,City of London Police,-0.077596,51.515849,On or near ARTIZAN STREET,E01000005,City of London 001E,Offender given a drugs possession warning
605f269997802d4b3f3e98e55e2b06e6514f688def74551d636125f4cb52ec22,2015-05,City of London Police,City of London Police,-0.086624,51.511923,On or near CLEMENT'S LANE,E01032739,City of London 001F,Local resolution
2f41a828c40117ab642a2d2d707b98527f51c5b6665516024fa048d5a1f72bc4,2015-05,City of London Police,City of London Police,-0.089465,51.510855,On or near GOPHIR LANE,E01032739,City of London 001F,Offender given a drugs possession warning
982a60516888ddaa297582880d28a89d1726eaefc6273a02c8c7d442dd21d869,2015-05,City of London Police,City of London Police,-0.083972,51.510549,On or near LOVAT LANE,E01032739,City of London 001F,Investigation complete; no suspect identified
53d9d862a82dc520d4f56d1316a13748f6cd2896400ffb4e6d12cbc78b1eb5cc,2015-05,City of London Police,City of London Police,-0.076853,51.511916,On or near Nightclub,E01032739,City of London 001F,Offender given a caution
dafb13f1118b39f34bb1a0d4bf914707ba5dabcd36cb30c23c3da9ce0b29b5fb,2015-05,City of London Police,City of London Police,-0.092719,51.512652,On or near QUEEN VICTORIA STREET,E01032739,City of London 001F,Investigation complete; no suspect identified
58d2bd9d68645fda11f99f836afe4c92406a4df26fe59bdbea89a7cc384d64dc,2015-05,City of London Police,City of London Police,-0.085355,51.510563,On or near PUDDING LANE,E01032739,City of London 001F,Investigation complete; no suspect identified
867bed068b086025cd6b9497802227e6517ce0d273b92bace1ad6c3917ae8f21,2015-05,City of London Police,City of London Police,-0.079080,51.519615,On or near BISHOPSGATE,E01004307,Tower Hamlets 015B,Investigation complete; no suspect identified
24643c6b607443da23c5773ed9deba318a34506277d13c4d7776826fe72d116d,2015-05,City of London Police,City of London Police,-0.108231,51.513928,On or near PLEYDELL STREET,E01032740,City of London 001G,Investigation complete; no suspect identified
148a497e533d3c1baca5959cea0de9b47cfd863cccb6fa1272c21dfd8eb3d207,2015-05,City of London Police,City of London Police,-0.096814,51.512952,On or near ST PAUL'S CHURCH YARD,E01032739,City of London 001F,Investigation complete; no suspect identified
b673e1970c37815fde84483992464fb6242eb8fabdefd93081083638672c19bf,2015-05,City of London Police,City of London Police,-0.088203,51.518262,On or near MOORGATE,E01032739,City of London 001F,Formal action is not in the public interest
7c6619620e65e943736bc80e195cb9f76c5cd6b5d5e5ea610a9a90701b3e3b3f,2015-05,City of London Police,City of London Police,-0.095377,51.520789,On or near BRIDGEWATER STREET,E01000003,City of London 001C,Investigation complete; no suspect identified
fcefff492e91f1d9fb085c47f7a41524d8137bc6bb968ad383e36a2b34ac7339,2015-05,City of London Police,City of London Police,-0.084201,51.510949,On or near PHILPOT LANE,E01032739,City of London 001F,Investigation complete; no suspect identified
7a1b84ef9d92dec584bec34ebf125cc5b567322dd00c7898055f6ec484a99998,2015-05,City of London Police,City of London Police,-0.081890,51.515173,On or near ST HELEN'S PLACE,E01032739,City of London 001F,Investigation complete; no suspect identified
9c8514166741ff33e30b356acf1fde11561aa738311c1d52946ef4f5f1216871,2015-05,City of London Police,City of London Police,-0.082571,51.514753,On or near GREAT ST HELEN'S,E01032739,City of London 001F,Unable to prosecute suspect
a511e4f4730f9340f955592a791fe4a496e893b0f18e3693a084c92448358450,2015-05,City of London Police,City of London Police,-0.092926,51.511477,On or near QUEEN STREET,E01032739,City of London 001F,Investigation complete; no suspect identified
d3b5634d08ee9f2fee930228b3cab8be717689918c3d070f8b176deda09cd8ef,2015-05,City of London Police,City of London Police,-0.096363,51.513377,On or near NEW CHANGE,E01032739,City of London 001F,Suspect charged
dee2b2878830572be45f0ac1c415b5f57dfdd34c8a815c2bca6e91699f013611,2015-05,City of London Police,City of London Police,-0.079786,51.517576,On or near Police Station,E01032739,City of London 001F,Suspect charged
d9d93b34cec231b66f0582b614052b83e49c4ee412c3a8e8bfc0d269200640dc,2015-05,City of London Police,City of London Police,-0.077694,51.513171,On or near ALDGATE,E01032739,City of London 001F,Investigation complete; no suspect identified
941b8263e1871bd945328c966ca61d8b7817bd00ad2aa73226a051f5787002a4,2015-05,City of London Police,City of London Police,-0.090710,51.513132,On or near QUEEN VICTORIA STREET,E01032739,City of London 001F,Investigation complete; no suspect identified
671a8c74593b5158c2c3e5cb372c25d9f21935b02b47c0f81b36753c066090af,2015-05,City of London Police,City of London Police,-0.079162,51.514940,On or near BEVIS MARKS,E01032739,City of London 001F,Investigation complete; no suspect identified
5780020e18fae557667837ba39fd2f1058b6a64ac6dfc320003d1136fe54e2f6,2015-05,City of London Police,City of London Police,-0.096363,51.513377,On or near NEW CHANGE,E01032739,City of London 001F,Investigation complete; no suspect identified
08fa09633d21b9d50146e12bc9902d9a5c847b86d788c65cad438a8d065ab65d,2015-05,City of London Police,City of London Police,-0.080728,51.511611,On or near Supermarket,E01032739,City of London 001F,Suspect charged
dab76c5dbd5185a2fc04c24e266bbc6c5164bd319d3569f5762fd64560e5ab39,2015-05,City of London Police,City of London Police,-0.080665,51.509344,On or near Pedestrian Subway,E01032739,City of London 001F,Investigation complete; no suspect identified
24219f0c40b797702f6cd44d6cdb07f54d4619d20baa17676b266f5c7c600f9b,2015-05,City of London Police,City of London Police,-0.086278,51.509876,On or near FISH STREET HILL,E01032739,City of London 001F,Suspect charged
a86225639bc8e06aeaa1cfe0640ce80e983bb6990c24beba20582b271c7962c1,2015-05,City of London Police,City of London Police,-0.082965,51.516351,On or near WORMWOOD STREET,E01032739,City of London 001F,Investigation complete; no suspect identified
00acdd43c03c794360b0b9c37b6c7754cf7d594c993aabb7e01aaff7084ff04d,2015-05,City of London Police,City of London Police,-0.084967,51.512598,On or near BELL INN YARD,E01032739,City of London 001F,Local resolution
b3bec0b9b730f9a91be645e26fe7712015e47e2422247d9f0dbaad8737635f71,2015-05,City of London Police,City of London Police,-0.080782,51.514804,On or near ST MARY AXE,E01032739,City of London 001F,Investigation complete; no suspect identified
a2348ec1c388c53ebda339c2a878ecbb8fec6eaf5e1c2baf9003660cec51249b,2015-05,City of London Police,City of London Police,-0.086624,51.511923,On or near CLEMENT'S LANE,E01032739,City of London 001F,Suspect charged
73431e8be0099334720ff04f7bd6beeda968fa2959acf5299ccaa13674b32fdb,2015-05,City of London Police,City of London Police,-0.097601,51.520699,On or near CARTHUSIAN STREET,E01000001,City of London 001A,Investigation complete; no suspect identified
faad17e8759f439331ed0517f6cacd5b872078ab87399a05295f5e9e238c45f8,2015-05,City of London Police,City of London Police,-0.075146,51.513435,On or near Bus/Coach Station,E01000005,City of London 001E,Investigation complete; no suspect identified
cb609362c584829bc53cb6b06f7a2423c557b19a93131f7344da85da8bdf02fe,2015-05,City of London Police,City of London Police,-0.103494,51.518654,On or near Shopping Area,E01032740,City of London 001G,Unable to prosecute suspect
39c1ee40b673228c8a545f98df3e5540311b11d4d530df4c60fa5dd8b2a34679,2015-05,City of London Police,City of London Police,-0.113256,51.516824,On or near OLD SQUARE,E01000914,Camden 028B,Investigation complete; no suspect identified
adeb5d75a2bfe4e695c2afa7fdd5f15272073ee4007569daf8783b24231c3f69,2015-05,City of London Police,City of London Police,-0.088843,51.509532,On or near Parking Area,E01032739,City of London 001F,Investigation complete; no suspect identified
240565f6982a1a247e0d45258803cf3e851685d3db676452d2f12d8671315ede,2015-05,City of London Police,City of London Police,-0.078856,51.518433,On or near ARTILLERY LANE,E01032739,City of London 001F,Investigation complete; no suspect identified
7d6cf0ee85295b161fce5ccc8e8ed8e2e6546b839c8ae6e91127783f44997cbd,2015-05,City of London Police,City of London Police,-0.086624,51.511923,On or near CLEMENT'S LANE,E01032739,City of London 001F,Offender given a caution
a07fa271aab71dfb0d4db45469146c0547912f5ebe7482c7d036194598c3f00e,2015-05,City of London Police,City of London Police,-0.092267,51.511745,On or near CLOAK LANE,E01032739,City of London 001F,Investigation complete; no suspect identified
b8571f69a113df635ce0911394273418481246a7536de85c8bb40974f6000db1,2015-05,City of London Police,City of London Police,-0.113767,51.517372,On or near STONE BUILDINGS,E01000914,Camden 028B,Investigation complete; no suspect identified
0427aebb1829bedf04c7871503a2a17013a2596a74838c67532e8823762eca5e,2015-05,City of London Police,City of London Police,-0.088995,51.512088,On or near ST SWITHIN'S LANE,E01032739,City of London 001F,Investigation complete; no suspect identified
d74d9d37b5d62dc3e290deb3b244749ab5de2371a8907cef8fe02bace17cfc1e,2015-05,City of London Police,City of London Police,-0.082571,51.514753,On or near GREAT ST HELEN'S,E01032739,City of London 001F,Investigation complete; no suspect identified
c61dac84498dbcd4134c84a52d192a81b243910b5dc95f979785b7493f6d77bf,2015-05,City of London Police,City of London Police,-0.074330,51.513647,On or near LITTLE SOMERSET STREET,E01000005,City of London 001E,Suspect charged
e9f531754b4f1cfb564c0c6cc190841e8849e0be688f14444954a0a65438b210,2015-05,City of London Police,City of London Police,-0.086278,51.509876,On or near FISH STREET HILL,E01032739,City of London 001F,Investigation complete; no suspect identified
ac8a0b05167bdc860913246936c767c0aa3161f14c55d4644c2e578cd6a19485,2015-05,City of London Police,City of London Police,-0.082913,51.513463,On or near LEADENHALL STREET,E01032739,City of London 001F,Investigation complete; no suspect identified
463e4c8b2dac5c3ea83c141fe9d72897d006ff5627aae00d15649d6858658998,2015-05,City of London Police,City of London Police,-0.093969,51.519300,On or near Park/Open Space,E01000002,City of London 001B,Offender given a drugs possession warning
3d34fe44057b348837d4e4ab032ea2efb96f7a5f9d877a3eee38005b48433653,2015-05,City of London Police,City of London Police,-0.096363,51.513377,On or near NEW CHANGE,E01032739,City of London 001F,Investigation complete; no suspect identified
5c32bb92679cd4d4e070df201549ab4ad39690f99218d4f556ec79bd31565cd3,2015-05,City of London Police,City of London Police,-0.090710,51.513132,On or near QUEEN VICTORIA STREET,E01032739,City of London 001F,Unable to prosecute suspect
e0fd8264982dca5772b393c90cfc0768e70fae7b02c2f93891ed260eb8e80f94,2015-05,City of London Police,City of London Police,-0.104973,51.512887,On or near BRIDEWELL PLACE,E01032740,City of London 001G,Investigation complete; no suspect identified
348a5497b047871f36587e1b0838b21ec949b03196e9280039c0a7e100cf11ae,2015-05,City of London Police,City of London Police,-0.080244,51.511828,On or near MARK LANE,E01032739,City of London 001F,Investigation complete; no suspect identified
8d4cb57e444e27fb93c88fa43bf9c58202e6dfebe7934dc9f7eadec52f7a12a4,2015-05,City of London Police,City of London Police,-0.084566,51.517690,On or near BLOMFIELD STREET,E01032739,City of London 001F,Investigation complete; no suspect identified
7fce586d14e51936ebacbcb775b29c83ac58c76ea7123ad52743a98dd57d68fe,2015-05,City of London Police,City of London Police,-0.105134,51.513869,On or near BRIDE LANE,E01032740,City of London 001G,Suspect charged
b5fcd80589cead5bbd414b919a2b93ca08d295555c81bf1dd917fa183030f649,2015-05,City of London Police,City of London Police,-0.084095,51.516900,On or near NEW BROAD STREET,E01032739,City of London 001F,Investigation complete; no suspect identified
6df61e6750c3594019579ef5acc13d8542df4ad3dd654b9528d954d4b396dd02,2015-05,City of London Police,City of London Police,-0.091823,51.514418,On or near IRONMONGER LANE,E01032739,City of London 001F,Investigation complete; no suspect identified
db5a6059e543524bdd77747b9ad1baa65863357372aa289719efbd9b58a92ee5,2015-05,City of London Police,City of London Police,-0.096363,51.513377,On or near NEW CHANGE,E01032739,City of London 001F,Suspect charged
d856f768a9780c453604b71354611127274787a2a1b58ae12c681b3362cbe8aa,2015-05,City of London Police,City of London Police,-0.076592,51.514367,On or near Pedestrian Subway,E01000005,City of London 001E,Unable to prosecute suspect
b9e5ed73e531a427a9edd90271b56ba2c5fbd49ef0b4ed7d59e8b72b4d9a2a16,2015-05,City of London Police,City of London Police,-0.077601,51.518799,On or near STEWARD STREET,E01004307,Tower Hamlets 015B,Investigation complete; no suspect identified
189e3d44e119120a7fa3aa9c74ed035bac0fcda1cc38e4af926f8b5b65e1471a,2015-05,City of London Police,City of London Police,-0.097277,51.515307,On or near ST MARTIN'S LE GRAND,E01000001,City of London 001A,Suspect charged
af621bdad3e0f0173bc40b7f5dd9b7bde7bf0c93db7d57171f81a5058fb5c6ac,2015-05,City of London Police,City of London Police,-0.080376,51.517244,On or near Supermarket,E01032739,City of London 001F,Investigation complete; no suspect identified
e5bf2b60450b1ee6d4e5f10fdb033037abac7010ae41c64771b87a3aad9b69de,2015-05,City of London Police,City of London Police,-0.084618,51.512682,On or near GRACECHURCH STREET,E01032739,City of London 001F,Investigation complete; no suspect identified
f5edca93b37aac16c2aa38e8c07b7c04acdfd082e2de63ea23c1cc2dd808f49b,2015-05,City of London Police,City of London Police,-0.077451,51.515523,On or near WHITE KENNETT STREET,E01000005,City of London 001E,Unable to prosecute suspect
81839c961f8ab67ecf9ede0cf10697300995d302305660d81be97837afe87413,2015-05,City of London Police,City of London Police,-0.104494,51.509848,On or near A201,E01032739,City of London 001F,Investigation complete; no suspect identified
d8b89f0426fe1a16da224285c5cf1df6da8fc73462a355ebba3538b05560669f,2015-05,City of London Police,City of London Police,-0.095377,51.520789,On or near BRIDGEWATER STREET,E01000003,City of London 001C,Investigation complete; no suspect identified
101ee842089012d459c5d08af2d1981876ccdd898484e8647678498323098751,2015-05,City of London Police,City of London Police,-0.079786,51.517576,On or near Police Station,E01032739,City of London 001F,Investigation complete; no suspect identified
fe871b511ac9184fabb63d57971586d15588d8c084163f2d088d73fa41a39838,2015-05,City of London Police,City of London Police,-0.079786,51.517576,On or near Police Station,E01032739,City of London 001F,Suspect charged
559d52a6ed44ea5964c5c2b87ab999345387263d3ada0c511bda0e0d5b8283f7,2015-05,City of London Police,City of London Police,-0.088843,51.509532,On or near Parking Area,E01032739,City of London 001F,Investigation complete; no suspect identified
0a0b2869c22eebcdc6588d05553049f1a6c5ddf5987ecb1ad76ffd645c7e8480,2015-05,City of London Police,City of London Police,-0.084967,51.512598,On or near BELL INN YARD,E01032739,City of London 001F,Local resolution
2692fb0d3bfbf846c27f5c6882dca7567d0ccc99c89d9030b5bc3e499482cd2a,2015-05,City of London Police,City of London Police,-0.108231,51.513928,On or near PLEYDELL STREET,E01032740,City of London 001G,Investigation complete; no suspect identified
ebe768b8724a35a8ed324f7c51d1fcb0e6f1e7c79ebaf440f48da17aa95852e4,2015-05,City of London Police,City of London Police,-0.074210,51.511711,On or near PORTSOKEN STREET,E01000005,City of London 001E,Investigation complete; no suspect identified
1d56c632a58d4d099d42721c98c83bcd941f83862d678f71db2178bd5e5ee421,2015-05,City of London Police,City of London Police,-0.077694,51.513171,On or near ALDGATE,E01032739,City of London 001F,Suspect charged
04648769075d93df2aac375c500c6cfc49d5aef7827dc01d049095e660eb049e,2015-05,City of London Police,City of London Police,-0.088767,51.520303,On or near FINSBURY STREET,E01002704,Islington 023D,Investigation complete; no suspect identified
538e52770b2d54308af9a2400a227ea65e2b5a1e737e3ad9489134c6d659150c,2015-05,City of London Police,City of London Police,-0.084618,51.512682,On or near GRACECHURCH STREET,E01032739,City of London 001F,Investigation complete; no suspect identified
6710aa171996f49a2677de7f8a8a9dddaf804c0b5618299c4a66337e76eebb2b,2015-05,City of London Police,City of London Police,-0.107147,51.517130,On or near ST ANDREW STREET,E01032740,City of London 001G,Suspect charged
bc078cbe582efc54d5a3610f8749681b4c7652dc66f078cdf37fcb26606c9ce9,2015-05,City of London Police,City of London Police,-0.092719,51.512652,On or near QUEEN VICTORIA STREET,E01032739,City of London 001F,Investigation complete; no suspect identified
42b68960fd30d67b3488e7b29c20f52a0f8d0ea8089f84b7d4cbe3a092330b9c,2015-05,City of London Police,City of London Police,-0.079287,51.511956,On or near FENCHURCH PLACE,E01032739,City of London 001F,Investigation complete; no suspect identified
1762c512446dba6f107ae0ed48799597842b0e2ab5f4d84d28a5e630b066e08e,2015-05,City of London Police,City of London Police,-0.091732,51.521080,On or near Nightclub,E01002704,Islington 023D,Investigation complete; no suspect identified
e56947f0f400f0fd2a274f322d5685a501cedbdcebd02685a3d3f8ec451abf70,2015-05,City of London Police,City of London Police,-0.106680,51.515882,On or near Parking Area,E01032740,City of London 001G,Investigation complete; no suspect identified
0370882d0335985f44ea87b68768a6c55ffb6fe308d13c150182f80423cc620a,2015-05,City of London Police,City of London Police,-0.082913,51.513463,On or near LEADENHALL STREET,E01032739,City of London 001F,Investigation complete; no suspect identified
ad9875be6fcbf314efb446fb85f49bb5dd9bef6b4d8cdabc8c9f3ea8fbab0fa8,2015-05,City of London Police,City of London Police,-0.097962,51.519635,On or near CLOTH STREET,E01032740,City of London 001G,Investigation complete; no suspect identified
4ab31a9c8e2303ea2d75bee3277b8a96d601e092f5b0d10e57a7675b23d001fc,2015-05,City of London Police,City of London Police,-0.096561,51.514513,On or near CHEAPSIDE,E01032739,City of London 001F,Suspect charged
3c3ebfa505d16de2f45b31074ee2abbbe456859ba1f09f0d871c25d6f2dace4e,2015-05,City of London Police,City of London Police,-0.091084,51.513830,On or near OLD JEWRY,E01032739,City of London 001F,Investigation complete; no suspect identified
2735b1aa70a42f5818baaa2b04c75421356a819276ca65221cdba50a7f7e5eba,2015-05,City of London Police,City of London Police,-0.078718,51.521038,On or near NORTON FOLGATE,E01004307,Tower Hamlets 015B,Suspect charged
254b1634f9d744fb45dcf8ea2f4454e798939d57de78afe3050d016bb6e790db,2015-05,City of London Police,City of London Police,-0.082571,51.514753,On or near GREAT ST HELEN'S,E01032739,City of London 001F,Unable to prosecute suspect
e1c9fba2f865d5c9677e12158030817d716afc43883914ab9466fdea0f4a825b,2015-05,City of London Police,City of London Police,-0.079398,51.516508,On or near DEVONSHIRE SQUARE,E01032739,City of London 001F,Investigation complete; no suspect identified
1ff195d62c0a25b4d029f3c2c8f01a472de62a0cac4b4ae7d31e7207f07980f2,2015-05,City of London Police,City of London Police,-0.088621,51.518619,On or near MOORFIELDS,E01000002,City of London 001B,Investigation complete; no suspect identified
eb6943e01f1544db69284868c25dd8dc80fb772b66e133b7d8a687c923e58cba,2015-05,City of London Police,City of London Police,-0.079786,51.517576,On or near Police Station,E01032739,City of London 001F,Investigation complete; no suspect identified
0a14fbd8742858da6a896b7fa5cbe43af454dc607378546188ce1ab515f248c8,2015-05,City of London Police,City of London Police,-0.088621,51.518619,On or near MOORFIELDS,E01000002,City of London 001B,Investigation complete; no suspect identified
0495363832c7237b0a553c47e1193575080926d5ad80208e06d4ab8e6ddc1fac,2015-05,City of London Police,City of London Police,-0.081091,51.516014,On or near CAMOMILE STREET,E01032739,City of London 001F,Investigation complete; no suspect identified
39cb3ce6900e059e25612ae91a7f5850a935ebc10d702dbc40baf22ae6767631,2015-05,City of London Police,City of London Police,-0.085310,51.518511,On or near ELDON STREET,E01032739,City of London 001F,Suspect charged
3c494fdca9ef8bfdb79c140650fab7b052b692b347a2b5f69687dbf40030b4c5,2015-05,City of London Police,City of London Police,-0.075508,51.514763,On or near Pedestrian Subway,E01000005,City of London 001E,Investigation complete; no suspect identified
48e39c06736fb0fe2db80277fc8903576090784ba745c019cb97b01571b1a31e,2015-05,City of London Police,City of London Police,-0.087084,51.519530,On or near Shopping Area,E01002704,Islington 023D,Investigation complete; no suspect identified
0e059e0ca4c20fa70be2c6f4b58ea53c06cb1242c09ed50ae441348cd94063d9,2015-05,City of London Police,City of London Police,-0.084566,51.517690,On or near BLOMFIELD STREET,E01032739,City of London 001F,Investigation complete; no suspect identified
2aea81b94eecbf7f300b392cb498fe9c2f24385adef030fd6e8cfb5ffb3689f9,2015-05,City of London Police,City of London Police,-0.094628,51.514203,On or near CHEAPSIDE,E01032739,City of London 001F,Unable to prosecute suspect
6dd031b3e1fddd22d2ba6f6d8cdc759f5d9b45a88c70999d785fcbf760ae40e0,2015-05,City of London Police,City of London Police,-0.097277,51.515307,On or near ST MARTIN'S LE GRAND,E01000001,City of London 001A,Suspect charged
d6927e37c18f9608ceb6ea46375fa57fcffb2d69fbb941c640f33efabb7d67b6,2015-05,City of London Police,City of London Police,-0.087549,51.514276,On or near BARTHOLOMEW LANE,E01032739,City of London 001F,Investigation complete; no suspect identified
784d303672d50795648db29ba97ad4ead7c0225659f6c2336885bf9fe36b5486,2015-05,City of London Police,City of London Police,-0.101794,51.516207,On or near NEWGATE STREET,E01032740,City of London 001G,Offender given a caution
e8b545dfdae2fb178a750d7cea99071885fd619f6a13e1ca560c61861b90e9be,2015-05,City of London Police,City of London Police,-0.105134,51.513869,On or near BRIDE LANE,E01032740,City of London 001G,Investigation complete; no suspect identified
078ce9855aea64680d64f1f82f32ec508c307afd8c4cb9b8962a4813a294ea32,2015-05,City of London Police,City of London Police,-0.088203,51.518262,On or near MOORGATE,E01032739,City of London 001F,Investigation complete; no suspect identified
c891e5dad368285007fe319abe29386018499ce3cab67813688391996fda1098,2015-05,City of London Police,City of London Police,-0.089716,51.514501,On or near PRINCE'S STREET,E01032739,City of London 001F,Investigation complete; no suspect identified
590ce948fb59d5c8f20f1e4c2a83eef2802d12ff91c59ef1397030f3edcce6f2,2015-05,City of London Police,City of London Police,-0.084967,51.512598,On or near BELL INN YARD,E01032739,City of London 001F,Unable to prosecute suspect
153a76ac06bd5450e80d059159f095cb15cced19207812a284545f01d1ba0fcb,2015-05,City of London Police,City of London Police,-0.097562,51.518864,On or near Parking Area,E01000001,City of London 001A,Investigation complete; no suspect identified
1d56c632a58d4d099d42721c98c83bcd941f83862d678f71db2178bd5e5ee421,2015-05,City of London Police,City of London Police,-0.077694,51.513171,On or near ALDGATE,E01032739,City of London 001F,Suspect charged
333de50ea1068424ddef37fb9b038902da3363094e526474d3ce1ae8c58fe91d,2015-05,City of London Police,City of London Police,-0.110710,51.513914,On or near FLEET STREET,E01032740,City of London 001G,Investigation complete; no suspect identified
5ec1db3d4ff20461490e086fe1ac07ffa1163367164e479c431c81e485bc1f0e,2015-05,City of London Police,City of London Police,-0.097277,51.515307,On or near ST MARTIN'S LE GRAND,E01000001,City of London 001A,Investigation complete; no suspect identified
fe8f418aec6c8479ca4fa2bcfdf1d97f8ef7792ec3968614887eff1278e8edc1,2015-05,City of London Police,City of London Police,-0.101073,51.513453,On or near CREED LANE,E01032739,City of London 001F,Investigation complete; no suspect identified
75928591b8c8d383ff17485456bfad76c29da1a04f6dd61552fde96015301a7c,2015-05,City of London Police,City of London Police,-0.080244,51.511828,On or near MARK LANE,E01032739,City of London 001F,Investigation complete; no suspect identified
b0df666da9b09ed573654becbf64b5abf7e6adaf4f765a3423618ca8d68b25a5,2015-05,City of London Police,City of London Police,-0.099933,51.519720,On or near LINDSEY STREET,E01032740,City of London 001G,Investigation complete; no suspect identified
7bb03baf08c87cc9230ef8b7fc2c3f52c3386678d46264da7b24a697847c0dfe,2015-05,City of London Police,City of London Police,-0.076080,51.511445,On or near AMERICA SQUARE,E01000005,City of London 001E,Investigation complete; no suspect identified
c3e9fefa1d9b9f049e0a39a4161b27a3c216828f786d9170e29e58c436fc6a74,2015-05,City of London Police,City of London Police,-0.101074,51.515162,On or near WARWICK SQUARE,E01032739,City of London 001F,Investigation complete; no suspect identified
8cb7becb6bb1377dfe09eb4d00a0353fd93f11b42bdc646fde8de3fbbe56f13a,2015-05,City of London Police,City of London Police,-0.091732,51.521080,On or near Nightclub,E01002704,Islington 023D,Investigation complete; no suspect identified
ad8d7fad0200c68c7a6275b9d767f9aec57508216a2ebf1ffe077095cb99ec36,2015-05,City of London Police,City of London Police,-0.097973,51.512108,On or near DISTAFF LANE,E01032739,City of London 001F,Investigation complete; no suspect identified
76ba9689f32bf254361ea846acfc0b0dbcb686750ad85a2e7eb2f99f822f3289,2015-05,City of London Police,City of London Police,-0.102502,51.516165,On or near GREEN ARBOUR COURT,E01032740,City of London 001G,Investigation complete; no suspect identified
061005e4cf56111009c91cf3c1d089e237e881c6c7b1a9b8a76f1f600e471199,2015-05,City of London Police,City of London Police,-0.084566,51.517690,On or near BLOMFIELD STREET,E01032739,City of London 001F,Unable to prosecute suspect
9d92b3a4927dca1e47a658326909627452dc2ec8bc1c5eec29d2720fc8335499,2015-05,City of London Police,City of London Police,-0.074330,51.513647,On or near LITTLE SOMERSET STREET,E01000005,City of London 001E,Suspect charged
b3f2d73408d86ac450478a795597038a00c414a0cc0384920455067c7374ee92,2015-05,City of London Police,City of London Police,-0.085014,51.509775,On or near MONUMENT STREET,E01032739,City of London 001F,Investigation complete; no suspect identified
c38816528fe2103301a40d061ae2fa119f6bff33c97a707c14ef54bdf2d0382e,2015-05,City of London Police,City of London Police,-0.082571,51.514753,On or near GREAT ST HELEN'S,E01032739,City of London 001F,Offender given a caution
cef8f8c8541a30a7fe67b6520bbb4c7d36454ab56190f809aff3e7b85e7c7336,2015-05,City of London Police,City of London Police,-0.084701,51.509320,On or near LOWER THAMES STREET,E01032739,City of London 001F,Investigation complete; no suspect identified
628082bcca0490248a732310a6c3eb9d13a8b2ecb4e0993450b7de025f9adfbe,2015-05,City of London Police,City of London Police,-0.088621,51.518619,On or near MOORFIELDS,E01000002,City of London 001B,Investigation complete; no suspect identified
a96745b445dd0b520789f97f4365f51223cc5cf66a2503f43248fc63e92de269,2015-05,City of London Police,City of London Police,-0.075722,51.511053,On or near CRESCENT,E01000005,City of London 001E,Investigation complete; no suspect identified
dbb7a31cebb6f69f71d4c10949ee69e28de22450fb0023a4829452d5b681f1c7,2015-05,City of London Police,City of London Police,-0.078127,51.512135,On or near LLOYD'S AVENUE,E01032739,City of London 001F,Investigation complete; no suspect identified
50b9181ecd2a6b72cbb3c3c0294b7f4504384b04e41c29b360c3d6ab28edb382,2015-05,City of London Police,City of London Police,-0.078308,51.518091,On or near WIDEGATE STREET,E01032739,City of London 001F,Investigation complete; no suspect identified
0a696d98e50a37851c7053d4a14edca033a849faf5435324cac75bb769ee34a7,2015-05,City of London Police,City of London Police,-0.082571,51.514753,On or near GREAT ST HELEN'S,E01032739,City of London 001F,Unable to prosecute suspect
69c5821ffdb18f0ebbb3957d794753ee76e344b83c0b364210f1ec5373480e99,2015-05,City of London Police,City of London Police,-0.101959,51.513297,On or near CARTER LANE,E01032739,City of London 001F,Investigation complete; no suspect identified
7f345bcbbeadcf19cb1603e4b4352f0c5b392a355f25eb74ea8fe419a9dd77f9,2015-05,City of London Police,City of London Police,-0.082913,51.513463,On or near LEADENHALL STREET,E01032739,City of London 001F,Investigation complete; no suspect identified
a2348ec1c388c53ebda339c2a878ecbb8fec6eaf5e1c2baf9003660cec51249b,2015-05,City of London Police,City of London Police,-0.086624,51.511923,On or near CLEMENT'S LANE,E01032739,City of London 001F,Suspect charged
02637f74bbcdf7e819f99ea12fc0fcd060f82afb7428785d33240d6dac6791ac,2015-05,City of London Police,City of London Police,-0.074330,51.513647,On or near LITTLE SOMERSET STREET,E01000005,City of London 001E,Suspect charged
56b516d3c5741704c71722f709a38b06776f6f1faa74aead17628bb6af20d8db,2015-05,City of London Police,City of London Police,-0.092865,51.510182,On or near Parking Area,E01032739,City of London 001F,Offender given a caution
4bb30d7d6ed3511f4d0ee304fb2b3396f420eec67da99cb0a181dcdba418dc57,2015-05,City of London Police,City of London Police,-0.097645,51.515142,On or near ST MARTIN'S LE GRAND,E01032739,City of London 001F,Investigation complete; no suspect identified
36ba0a38af2775ef63d48668f41e0b55b234d41423727fffd63637330023a815,2015-05,City of London Police,City of London Police,-0.077637,51.511453,On or near CRUTCHED FRIARS,E01032739,City of London 001F,Suspect charged
7c1bbe59f093866e9ad6e50f936ecea27fdf1fd9da6a1c05583edc9864e3ac0c,2015-05,City of London Police,City of London Police,-0.089040,51.512745,On or near MANSION HOUSE PLACE,E01032739,City of London 001F,Investigation complete; no suspect identified
1ae45772f7e980c605b0f96718fa462f535a34cb657169e36e9fbddcbf7cbfe0,2015-05,City of London Police,City of London Police,-0.084566,51.517690,On or near BLOMFIELD STREET,E01032739,City of London 001F,Investigation complete; no suspect identified
ac34f6a465643567490123d9e3bff710b249c997fa560740f98fdad859605091,2015-05,City of London Police,City of London Police,-0.101963,51.519097,On or near Conference/Exhibition Centre,E01032740,City of London 001G,Offender given penalty notice
77141bf8791a9beeeb847bc1f4188600bba87523be91ddf7035fb767cc9b3cfe,2015-05,City of London Police,City of London Police,-0.074793,51.511208,On or near Pedestrian Subway,E01000005,City of London 001E,Investigation complete; no suspect identified
a76f087e22dadd56fbfeb431e51f55b1255d7030c112fa671c591608ce344e2c,2015-05,City of London Police,City of London Police,-0.088843,51.509532,On or near Parking Area,E01032739,City of London 001F,Offender given a caution
cc3943c1c83edfc83e47c6ec83a7b52590b5630306719577675c04628680afba,2015-05,City of London Police,City of London Police,-0.093969,51.519300,On or near Park/Open Space,E01000002,City of London 001B,Offender given a drugs possession warning
fe4848747ae283d6d8ebbb7bc21feeabc4fc50405f699bc854b4ae1a1effa83c,2015-05,City of London Police,City of London Police,-0.097645,51.515142,On or near ST MARTIN'S LE GRAND,E01032739,City of London 001F,Investigation complete; no suspect identified
b72bb7cb3d8d7c25a3c5f9b249655d6c5726287d4d98ba7931c2ca0adba1f308,2015-05,City of London Police,City of London Police,-0.106680,51.515882,On or near Parking Area,E01032740,City of London 001G,Investigation complete; no suspect identified
be98b7a0b97bdb5ab52c2e79703cb01f672b739d147b2ce0ea938335cde8b275,2015-05,City of London Police,City of London Police,-0.079786,51.517576,On or near Police Station,E01032739,City of London 001F,Investigation complete; no suspect identified
ff1e90992b59a1cfc45095ce2da154f493ffeb316bd9c074aa170e48562e4bf6,2015-05,City of London Police,City of London Police,-0.096643,51.512545,On or near DISTAFF LANE,E01032739,City of London 001F,Unable to prosecute suspect
a36014684dfe967afd6ec011c7960dd2c7d1f287705b5ba774c0a5bff68c1e97,2015-05,City of London Police,City of London Police,-0.106680,51.515882,On or near Parking Area,E01032740,City of London 001G,Formal action is not in the public interest
562e1dfef167e5de8c7c038b3b3314e4cd5a49624f1dfe832f0efe29af67f5b6,2015-05,City of London Police,City of London Police,-0.082571,51.514753,On or near GREAT ST HELEN'S,E01032739,City of London 001F,Suspect charged
2484b1dbb27b74dafb84207756103b6839a9566fbae1bf75da7b56bc0a77a1db,2015-05,City of London Police,City of London Police,-0.106680,51.515882,On or near Parking Area,E01032740,City of London 001G,Unable to prosecute suspect
1149bf31cdfd9359afe6af84db74f0f2be72ccd78c3d79e154d7cb056395eee1,2015-05,City of London Police,City of London Police,-0.081580,51.520510,On or near PINDAR STREET,E01032739,City of London 001F,Investigation complete; no suspect identified
04b628fed18d6487773f70c063072e070e876ada121da9d3a3c77f56095475dc,2015-05,City of London Police,City of London Police,-0.084701,51.509320,On or near LOWER THAMES STREET,E01032739,City of London 001F,Investigation complete; no suspect identified
e73a9b083fad9f277dec17c42df0b8f1d9eb2ecf1c747962fe85a4212c5e7dea,2015-05,City of London Police,City of London Police,-0.086272,51.513114,On or near BIRCHIN LANE,E01032739,City of London 001F,Investigation complete; no suspect identified
b6348f7a424aa853614cb266d58503292732982f2e2597985a1ccf3cac12319d,2015-05,City of London Police,City of London Police,-0.079080,51.519615,On or near BISHOPSGATE,E01004307,Tower Hamlets 015B,Investigation complete; no suspect identified
dda2ad10439bf83c97b8ee829863bde3290663bd2bb6bb75626e6018984e6947,2015-05,City of London Police,City of London Police,-0.074330,51.513647,On or near LITTLE SOMERSET STREET,E01000005,City of London 001E,Offender given a drugs possession warning
d300933d3c04e2c972df87aa0fd3617098675010a83d99392a2d1f4b659a97ef,2015-05,City of London Police,City of London Police,-0.095860,51.521660,On or near FANN STREET,E01000003,City of London 001C,Investigation complete; no suspect identified
6be48aff58455a7e71211d64dc41f39fadfa1613ad3bcfd2a1066891b95e003b,2015-05,City of London Police,City of London Police,-0.086624,51.511923,On or near CLEMENT'S LANE,E01032739,City of London 001F,Offender given penalty notice
38c8fe0ce56b595ddddb4cb5b548edcd1455e95ba5c763a5e593b62a7b05d419,2015-05,City of London Police,City of London Police,-0.111497,51.518226,On or near Pedestrian Subway,E01000914,Camden 028B,Investigation complete; no suspect identified
9f201e22e20b09f793f61e7cb3f23f9086428495ea62afcb0e2496998c33c2c1,2015-05,City of London Police,City of London Police,-0.079162,51.514940,On or near BEVIS MARKS,E01032739,City of London 001F,Offender given a caution
b78ea52502cf42c52403e244be7d90fda610a9bf434864cc1558e19fe848ca16,2015-05,City of London Police,City of London Police,-0.080376,51.517244,On or near Supermarket,E01032739,City of London 001F,Offender given a caution
d61b1e6f22c172cd7efea5c2f48f143fb7120b5e94528e1a283042d11bee19d4,2015-05,City of London Police,City of London Police,-0.084967,51.512598,On or near BELL INN YARD,E01032739,City of London 001F,Investigation complete; no suspect identified
33f120923b1092d7befcdb9e25c29197c215f37a9d50c3324d8024913510850c,2015-05,City of London Police,City of London Police,-0.112039,51.514547,On or near BELL YARD,E01004735,Westminster 018B,Investigation complete; no suspect identified
b8552fa4a344c23e05c4b6069527f517a2145499a7c40686a9a98cf961d8df60,2015-05,City of London Police,City of London Police,-0.096814,51.512952,On or near ST PAUL'S CHURCH YARD,E01032739,City of London 001F,Investigation complete; no suspect identified
cb41059c524398e80181c881d0854cb16e693a54cd8d320963dbdbd90e200509,2015-05,City of London Police,City of London Police,-0.086624,51.511923,On or near CLEMENT'S LANE,E01032739,City of London 001F,Suspect charged
9f12cdfccdcb399a5ce3d9378a025526c69cb06a529dcb92789f2cfd008e24a1,2015-05,City of London Police,City of London Police,-0.111132,51.512420,On or near MIDDLE TEMPLE LANE,E01032740,City of London 001G,Unable to prosecute suspect
bc16d6f456fdb509d26061e02e4759aeccc75c1c934b56305ebcf33fc495871b,2015-05,City of London Police,City of London Police,-0.073515,51.510414,On or near Parking Area,E01000005,City of London 001E,Investigation complete; no suspect identified
a8d9971ab45d96a7773dacacf45fcdd508e402b6e0fd1bf3662d02722ffa60cd,2015-05,City of London Police,City of London Police,-0.105134,51.513869,On or near BRIDE LANE,E01032740,City of London 001G,Suspect charged
7d6cf0ee85295b161fce5ccc8e8ed8e2e6546b839c8ae6e91127783f44997cbd,2015-05,City of London Police,City of London Police,-0.086624,51.511923,On or near CLEMENT'S LANE,E01032739,City of London 001F,Offender given a caution
a206edc148297225e27faabaa5cbdba4c36e83cf67bb34156024df7f9c2df7dc,2015-05,City of London Police,City of London Police,-0.087549,51.514276,On or near BARTHOLOMEW LANE,E01032739,City of London 001F,Investigation complete; no suspect identified
9b5987fc5ffca90f2338f5201e609177644fd64b8def3609b2e3cae6e87519d2,2015-05,City of London Police,City of London Police,-0.082571,51.514753,On or near GREAT ST HELEN'S,E01032739,City of London 001F,Offender given a drugs possession warning
a5df02155a697c9cf0c93ae175619293b0b7eadd5f596c0b8892169246b71045,2015-05,City of London Police,City of London Police,-0.079786,51.517576,On or near Police Station,E01032739,City of London 001F,Suspect charged
f325eb52f5d0d90adf7da44a7448d037294c3521c7e4e5539c7db055b120e93c,2015-05,City of London Police,City of London Police,-0.078779,51.508971,On or near GLOUCESTER COURT,E01004293,Tower Hamlets 027B,Investigation complete; no suspect identified
eddfc41aefad7938bfdb9cad8d5021e5bb731242bb116457f99ca3d96a5afa28,2015-05,City of London Police,City of London Police,-0.084618,51.512682,On or near GRACECHURCH STREET,E01032739,City of London 001F,Investigation complete; no suspect identified
09e36be622ebca7fe308a9060e573f64d44ce175cbff2e1534f637d0eb4b1b55,2015-05,City of London Police,City of London Police,-0.084701,51.509320,On or near LOWER THAMES STREET,E01032739,City of London 001F,Investigation complete; no suspect identified
