Crime ID,Month,Reported by,Falls within,Longitude,Latitude,Location,LSOA code,LSOA name,Outcome type
fbe0d21ebfb573e88fc4c7b8538aa8ebc864396bf5d204b15bb8bab595b6b17f,2016-05,City of London Police,City of London Police,,,No location,,,Offender fined
53c0e5fb32d694901f6cc85c07a6d19dab6fc13e81a09b9ca702543b7421c0ed,2016-05,City of London Police,City of London Police,,,No location,,,Offender sent to prison
d7def068cb271248d11422c91f2dd61278d0bff802944e70702d375d61be21b3,2016-05,City of London Police,City of London Police,-0.078924,51.508587,On or near PETTY WALES,E01032739,City of London 001F,Offender sent to prison
2b849ed10900b9dc93946cf88bf1eef44b96714aabdae7ad7d976379f0909382,2016-05,City of London Police,City of London Police,-0.091720,51.513454,On or near Supermarket,E01032739,City of London 001F,Offender fined
7ecb1001c06ee8437ffc179b5c61b2e755e031b7ad741a7cd629dad831fcadbb,2016-05,City of London Police,City of London Police,-0.078856,51.518433,On or near ARTILLERY LANE,E01032739,City of London 001F,Offender given community sentence
2cd26c88d18edd88a5066963298628d304d91b36b726a169995a5a1f1055b30a,2016-05,City of London Police,City of London Police,-0.086624,51.511923,On or near CLEMENT'S LANE,E01032739,City of London 001F,Offender fined
95f8f8b4b4f35ac905b2399723b0c4009274ed60d6415321e689ae25e906eecd,2016-05,City of London Police,City of London Police,-0.088203,51.518262,On or near MOORGATE,E01032739,City of London 001F,Offender given suspended prison sentence
831d699c01632a83edb5b5730ab2e4683b971f40f9f2743016922cbd1ebe9166,2016-05,City of London Police,City of London Police,-0.082571,51.514753,On or near GREAT ST HELEN'S,E01032739,City of London 001F,Offender sent to prison
96e92050b3d1896c2dbd15fdcf7c328d70729b9df6b50e20951fc4e8c48c82c9,2016-05,City of London Police,City of London Police,-0.087760,51.517149,On or near LONDON WALL,E01032739,City of London 001F,Offender sent to prison
d8686139be55f966a575166ff73f90d16e8d8338c6e77aa80c96c0a4ddb20351,2016-05,City of London Police,City of London Police,-0.087118,51.513199,On or near Nightclub,E01032739,City of London 001F,Offender sent to prison
a1e9318ccb4dcb3927180ff28f1c3a2c53dcc2ae5c25491ea5f7d4a5675a209f,2016-05,City of London Police,City of London Police,-0.108231,51.513928,On or near PLEYDELL STREET,E01032740,City of London 001G,Offender sent to prison
7251dd7ff9fe880e7a619a4fb769b768d7a33c8ed74820b7ce7577f28ec27eb1,2016-05,City of London Police,City of London Police,-0.083086,51.511407,On or near ROOD LANE,E01032739,City of London 001F,Court case unable to proceed
1d6e241359e5fbfd9caa7923ba9623933e901e90c625946dd7813826ef911276,2016-05,City of London Police,City of London Police,-0.096561,51.514513,On or near CHEAPSIDE,E01032739,City of London 001F,Offender fined
72dbc0300986cb71e667c18cefad0b6ca99f1cd22813a920ca4413e98f563b55,2016-05,City of London Police,City of London Police,-0.079398,51.516508,On or near DEVONSHIRE SQUARE,E01032739,City of London 001F,Court case unable to proceed
1be2872a37efc83f2a2a1190cc22146786946212093ee5759c43b79c15824a74,2016-05,City of London Police,City of London Police,-0.104494,51.509848,On or near A201,E01032739,City of London 001F,Defendant found not guilty
bf41412ab46da026f494f331d8254c7cf19217a487e9c7a524f9eeb4f51b0176,2016-05,City of London Police,City of London Police,-0.097645,51.515142,On or near ST MARTIN'S LE GRAND,E01032739,City of London 001F,Defendant found not guilty
aebdef4530212632bcaab27474928c15d74ad9668c5e71fa6346cd28667c9272,2016-05,City of London Police,City of London Police,,,No location,,,Offender sent to prison
d768438b499e220a3d9f42453c9de4c77f6c13aa924f6f1e8a779e06424e4748,2016-05,City of London Police,City of London Police,-0.078718,51.521038,On or near NORTON FOLGATE,E01004307,Tower Hamlets 015B,Offender sent to prison
743a2fb9e898040e169311e1387d485899cbb0b6e362267ebb92c51b2af6935f,2016-05,City of London Police,City of London Police,-0.080318,51.520678,On or near PRIMROSE STREET,E01032739,City of London 001F,Offender fined
1a9866267d55b98df412814bf9db9845259b375fde3a03a97913e199e6cb6638,2016-05,City of London Police,City of London Police,-0.080665,51.509344,On or near Pedestrian Subway,E01032739,City of London 001F,Offender fined
52b6893cd624b4ae063874da3d887f4090d006448f6b3e232a46240f8ea7f51c,2016-05,City of London Police,City of London Police,-0.080376,51.517244,On or near Supermarket,E01032739,City of London 001F,Offender fined
92e557a04b2556cf97e6c0659c1f5f128722c15e4fc1e79e75ea7bbcb45f1138,2016-05,City of London Police,City of London Police,-0.080376,51.517244,On or near Supermarket,E01032739,City of London 001F,Offender fined
c2c1681c9ae7d125cbbf7fc233d73c7661c3979510fcb0383984278576fb69bf,2016-05,City of London Police,City of London Police,-0.076592,51.514367,On or near Pedestrian Subway,E01000005,City of London 001E,Offender sent to prison
fbe0d21ebfb573e88fc4c7b8538aa8ebc864396bf5d204b15bb8bab595b6b17f,2016-05,City of London Police,City of London Police,,,No location,,,Suspect charged
27dbfae13501b2344d2ddbcd3641881f04f731968ff9674d7b85a8b1213eccb6,2016-05,City of London Police,City of London Police,,,No location,,,Offender given a drugs possession warning
a3b3ad0e560602492b4a6d56f5ca551000dbdeba8d5dd20b66d0132b7663962b,2016-05,City of London Police,City of London Police,,,No location,,,Investigation complete; no suspect identified
35567599078be617f70e6023056c11b28265c009b4535853b80c8ec531cb198d,2016-05,City of London Police,City of London Police,-0.092517,51.520580,On or near WHITECROSS STREET,E01000002,City of London 001B,Investigation complete; no suspect identified
f1fd7baf12b5ba5f7e6ca9bc736918443587fda21a1fcc0754bdc142ef338e39,2016-05,City of London Police,City of London Police,-0.082965,51.516351,On or near WORMWOOD STREET,E01032739,City of London 001F,Unable to prosecute suspect
70a71bf441120341ad033ad29c85772e0c29d124abbec203c0e41246f641261d,2016-05,City of London Police,City of London Police,-0.101073,51.513453,On or near CREED LANE,E01032739,City of London 001F,Investigation complete; no suspect identified
81dc2e17acb21c3a6d7476b76f9c92a21fc15d5fc78dcb8441f6fb5ab26ad392,2016-05,City of London Police,City of London Police,-0.093969,51.519300,On or near Park/Open Space,E01000002,City of London 001B,Investigation complete; no suspect identified
eb326b1dec4682d5cb9b4f8da4b123bdd7743cb930f557c8d79f4f538d4b58f2,2016-05,City of London Police,City of London Police,-0.080376,51.517244,On or near Supermarket,E01032739,City of London 001F,Investigation complete; no suspect identified
07253a3a432057071b79a02543673ab60380612bca5199c8b7e658035077e57f,2016-05,City of London Police,City of London Police,-0.097277,51.515307,On or near ST MARTIN'S LE GRAND,E01000001,City of London 001A,Investigation complete; no suspect identified
412471b225cc93cb04f925078ea95f6cda0c17db3aeba3cc49a28c0f7b39eac4,2016-05,City of London Police,City of London Police,-0.088203,51.518262,On or near MOORGATE,E01032739,City of London 001F,Investigation complete; no suspect identified
d3d661922bbb307812746dd26981019813104d95a8747be429a654cb586bddf7,2016-05,City of London Police,City of London Police,-0.087549,51.514276,On or near BARTHOLOMEW LANE,E01032739,City of London 001F,Investigation complete; no suspect identified
19c73869a924c36295d49515a5c0de69e059b39401fb3f72c1ffd92d7cdc8773,2016-05,City of London Police,City of London Police,-0.084566,51.517690,On or near BLOMFIELD STREET,E01032739,City of London 001F,Investigation complete; no suspect identified
086f336c83c8af724febcb93a0502cc7f0632c6e28794d3e23da00cd287ffb8c,2016-05,City of London Police,City of London Police,-0.084085,51.513366,On or near GRACECHURCH STREET,E01032739,City of London 001F,Investigation complete; no suspect identified
51a5d609a9b8dabbf68081f736131e98d71fffae59a772fa098ed7150c6ff644,2016-05,City of London Police,City of London Police,-0.077451,51.515523,On or near WHITE KENNETT STREET,E01000005,City of London 001E,Investigation complete; no suspect identified
7ab04cf8505519e057c3d4dd267e864ab3976efd539555d70fcc950e62f6a326,2016-05,City of London Police,City of London Police,-0.089435,51.511223,On or near BUSH LANE,E01032739,City of London 001F,Unable to prosecute suspect
8e24c3689368803e8171c76c065ac364b20946d90ae50009369adfd04c8e82f9,2016-05,City of London Police,City of London Police,-0.103280,51.514109,On or near LUDGATE HILL,E01032740,City of London 001G,Further investigation is not in the public interest
3a75b3ce651ac691b0c1be83e51979f721113e302fbf9b3ec2d537805de82c55,2016-05,City of London Police,City of London Police,-0.083993,51.511440,On or near PHILPOT LANE,E01032739,City of London 001F,Investigation complete; no suspect identified
415d5de99d8451a392037b37f3dff0390e6ea1204bd8184aa47dd4cb55a920e1,2016-05,City of London Police,City of London Police,-0.088203,51.518262,On or near MOORGATE,E01032739,City of London 001F,Investigation complete; no suspect identified
c28dd2e2399f8d25e0d697ef9c672233950c6e3127d0aaecd058d8bf34a194f2,2016-05,City of London Police,City of London Police,-0.079875,51.510995,On or near HART STREET,E01032739,City of London 001F,Investigation complete; no suspect identified
8c6f47e229a37f75e083f3c6ab18c71cce4cb8c7b14e461a9db768e5cc64df0d,2016-05,City of London Police,City of London Police,-0.094468,51.521853,On or near GOLDEN LANE,E01000003,City of London 001C,Investigation complete; no suspect identified
aa81b685857630a64fc1035c7423fa99f07b4c73daf0c0ac2e95bf8b5b0ba30e,2016-05,City of London Police,City of London Police,-0.105134,51.513869,On or near BRIDE LANE,E01032740,City of London 001G,Investigation complete; no suspect identified
5cea244a8aa825c5c15cb7d5d83989d21597df7f4375606a337a2fbe4cd3e181,2016-05,City of London Police,City of London Police,-0.083755,51.514358,On or near THREADNEEDLE STREET,E01032739,City of London 001F,Investigation complete; no suspect identified
176fe1db1f051a48f183bb9c450a432a91e2be9cd1d1e9532351022409b77f79,2016-05,City of London Police,City of London Police,-0.113767,51.517372,On or near STONE BUILDINGS,E01000914,Camden 028B,Investigation complete; no suspect identified
49b31dd298ab475f2013ac67bb92cbdec8122a792662c5662b870b7f09021496,2016-05,City of London Police,City of London Police,-0.076080,51.511445,On or near AMERICA SQUARE,E01000005,City of London 001E,Investigation complete; no suspect identified
1d36e5eddfc0727287571431ddb367b6be3efbc32cbd146b39f6c86a63673776,2016-05,City of London Police,City of London Police,-0.074793,51.511208,On or near Pedestrian Subway,E01000005,City of London 001E,Investigation complete; no suspect identified
410b7196ce2f9697b7521312ba8c2690f12274b866971672cad4bd4c2f8715da,2016-05,City of London Police,City of London Police,-0.097645,51.515142,On or near ST MARTIN'S LE GRAND,E01032739,City of London 001F,Investigation complete; no suspect identified
d2f294e922a3f7a474dfe2b9f00be0363326c64a0cbfbf55a7743b627d78a3c9,2016-05,City of London Police,City of London Police,-0.101959,51.513297,On or near CARTER LANE,E01032739,City of London 001F,Investigation complete; no suspect identified
83b83b33deb40197afc448668e907fa5d348cf16bcc97637ae2ac061d80e40d0,2016-05,City of London Police,City of London Police,-0.025145,51.517217,On or near BURGESS STREET,E01004272,Tower Hamlets 014D,Investigation complete; no suspect identified
6f8b52dfc18eca58a63fbdcd4b6fc726cfb773d4abcbdcc794eec6b9841fcb7b,2016-05,City of London Police,City of London Police,-0.078924,51.508587,On or near PETTY WALES,E01032739,City of London 001F,Investigation complete; no suspect identified
d0404728f3c1f172a622a22e20d45a94e8a0b1a20ad2963e2c9ce97615482a23,2016-05,City of London Police,City of London Police,-0.099818,51.519017,On or near CLOTH FAIR,E01032740,City of London 001G,Investigation complete; no suspect identified
20e3d5f36d3c9e791883deec117d32327a82946d58c7e81db4d928ed70bc9051,2016-05,City of London Police,City of London Police,-0.080318,51.520678,On or near PRIMROSE STREET,E01032739,City of London 001F,Investigation complete; no suspect identified
ad757ab83b8deced530121611d37741db9b7b4cb67485a5a0f18e4532c591801,2016-05,City of London Police,City of London Police,-0.102721,51.515404,On or near ST GEORGES'S COURT,E01032740,City of London 001G,Investigation complete; no suspect identified
f2fde3b9d4caeb56a9afec2b8b51b36e910d982da277963227d83eb8869b60a6,2016-05,City of London Police,City of London Police,-0.105134,51.513869,On or near BRIDE LANE,E01032740,City of London 001G,Investigation complete; no suspect identified
805385e99b443d287aeda457d9b6e152d1936abe025f4bb89e2575e34beb9ea3,2016-05,City of London Police,City of London Police,-0.105134,51.513869,On or near BRIDE LANE,E01032740,City of London 001G,Investigation complete; no suspect identified
2d9b13d13348bd5ac48b08fb18ee3cd43c5ff5d1067e531957ab8dc99d85a82c,2016-05,City of London Police,City of London Police,-0.101794,51.516207,On or near NEWGATE STREET,E01032740,City of London 001G,Investigation complete; no suspect identified
86362a46ef14a897506c22aac8600a4e67ac46be58af8fb2d8329d4bc39f3d15,2016-05,City of London Police,City of London Police,-0.089451,51.517032,On or near Bus/Coach Station,E01032739,City of London 001F,Unable to prosecute suspect
efb08e599a43f9b8544f60dd4b67169090efacfe621aee4eb37a8197c1cdd958,2016-05,City of London Police,City of London Police,-0.105134,51.513869,On or near BRIDE LANE,E01032740,City of London 001G,Investigation complete; no suspect identified
6e098095715369f9766ad9d7075d91d5b5b1867c1d8d65ca737b7a3002c7af3f,2016-05,City of London Police,City of London Police,-0.095960,51.517534,On or near LONDON WALL,E01000001,City of London 001A,Investigation complete; no suspect identified
bc8342899103fc795e3a4d0af504a3cf977c7e4667b5e1b22ae54cfcb0658941,2016-05,City of London Police,City of London Police,-0.100884,51.516966,On or near Hospital,E01032740,City of London 001G,Unable to prosecute suspect
08d885a4b897953c6471f243c533ce4b4a511f9e78fb6fec55c2e52cf681aa66,2016-05,City of London Police,City of London Police,-0.094758,51.512829,On or near Nightclub,E01032739,City of London 001F,Investigation complete; no suspect identified
6ce0399df05ffd1f9270947d974c84c7a425694c0ad1079850b143c8bd4493a9,2016-05,City of London Police,City of London Police,-0.079875,51.510995,On or near HART STREET,E01032739,City of London 001F,Investigation complete; no suspect identified
890288795f13938d5a9c5a7a59d8c130877645036db9e59bbe1e60b0082b8c3f,2016-05,City of London Police,City of London Police,-0.095377,51.520789,On or near BRIDGEWATER STREET,E01000003,City of London 001C,Investigation complete; no suspect identified
156608cdd51e093fbe4461a0e7c13823d776ecee31f7da75fafa709ec9ccb605,2016-05,City of London Police,City of London Police,-0.076592,51.514367,On or near Pedestrian Subway,E01000005,City of London 001E,Investigation complete; no suspect identified
c27e1300f9c518afb641a27667a28c208b0bfadd04c0c27612ea18a74128372b,2016-05,City of London Police,City of London Police,-0.085173,51.518680,On or near FINSBURY AVENUE,E01032739,City of London 001F,Investigation complete; no suspect identified
c689ad326e26c0dbb727d9ab2f9436f0e822278690617c98cacfcf8bfe65743d,2016-05,City of London Police,City of London Police,-0.101055,51.513552,On or near CREED LANE,E01032739,City of London 001F,Investigation complete; no suspect identified
b698285023def9cffe9b69e8921110f71345464a788a0d25d23cbf91ad8ab03b,2016-05,City of London Police,City of London Police,,,No location,,,Unable to prosecute suspect
af24649768cefaec5fb2849d01984ca01a43c371aec9753d9ea931e8645e2424,2016-05,City of London Police,City of London Police,-0.073152,51.512206,On or near MANSELL STREET,E01000005,City of London 001E,Unable to prosecute suspect
120823ea692b5c2dce8b78ec624591fd4d67ddf63055cf7606b8c9039366d28d,2016-05,City of London Police,City of London Police,-0.091151,51.514992,On or near GRESHAM STREET,E01032739,City of London 001F,Investigation complete; no suspect identified
eeab4b5003fc97075981207284eea8609d552e653d2b763575900e2dd73f739d,2016-05,City of London Police,City of London Police,-0.074210,51.511711,On or near PORTSOKEN STREET,E01000005,City of London 001E,Unable to prosecute suspect
b30aa07ab9e1101b84a8207d57fb4a31f554bbf8648c4cd143fdffe0320645ff,2016-05,City of London Police,City of London Police,-0.087670,51.516877,On or near COPTHALL AVENUE,E01032739,City of London 001F,Investigation complete; no suspect identified
37f17ed2f6add72c5c7fa0b6cbc75ff6cd90e959380eb4bfa6992be3c54413e7,2016-05,City of London Police,City of London Police,-0.097645,51.515142,On or near ST MARTIN'S LE GRAND,E01032739,City of London 001F,Investigation complete; no suspect identified
4cdf4779a2320644d70beb9f01a06d323485b7700163323abbdd0767c12b4285,2016-05,City of London Police,City of London Police,-0.084566,51.517690,On or near BLOMFIELD STREET,E01032739,City of London 001F,Investigation complete; no suspect identified
f0787a8e1852b10cae6d153f7be920f8236a6ecb5b8ec9de5d9fe254e204813d,2016-05,City of London Police,City of London Police,-0.107147,51.517130,On or near ST ANDREW STREET,E01032740,City of London 001G,Investigation complete; no suspect identified
d99d5c90ecbe62ffe651835879940899a42dd14e443bdaa03d2a28bfe6fab686,2016-05,City of London Police,City of London Police,-0.091151,51.514992,On or near GRESHAM STREET,E01032739,City of London 001F,Investigation complete; no suspect identified
514deea49cbfd120d4232e36ab36a45304a0399a95387bc1eb153bb12fd12ad5,2016-05,City of London Police,City of London Police,-0.082571,51.514753,On or near GREAT ST HELEN'S,E01032739,City of London 001F,Investigation complete; no suspect identified
5f7f3cc5e3850e02ffbff316febd1f5534a5a66ee42ce2b243f2a07239d92af3,2016-05,City of London Police,City of London Police,-0.104244,51.512749,On or near NEW BRIDGE STREET,E01032739,City of London 001F,Investigation complete; no suspect identified
e8cf708ee2dbf6ac24561ddddddda008c7ba2e32b90a2817fb1c96d528523786,2016-05,City of London Police,City of London Police,-0.088955,51.513382,On or near LOMBARD STREET,E01032739,City of London 001F,Unable to prosecute suspect
846a812f8a370818c1e41763bb3ec482fbb214594fa9d1fd003db7168877f728,2016-05,City of London Police,City of London Police,-0.086051,51.513569,On or near FINCH LANE,E01032739,City of London 001F,Investigation complete; no suspect identified
3997642c8fb30b3fcebe7b6cb6fa9b7ea0ce7a48b00297ebdac379f7581f43a5,2016-05,City of London Police,City of London Police,-0.090348,51.519358,On or near MOOR LANE,E01000002,City of London 001B,Investigation complete; no suspect identified
63657a63ca86f929ecfc44c1c24158b29ad66b0d3b0e9586176ee1514d45141d,2016-05,City of London Police,City of London Police,,,No location,,,Investigation complete; no suspect identified
b7ce5cd8394e6190f200fd7f17a3535ccfdb7078364a0b84b08111e157aabbc8,2016-05,City of London Police,City of London Police,-0.097645,51.515142,On or near ST MARTIN'S LE GRAND,E01032739,City of London 001F,Investigation complete; no suspect identified
4fb44f48537160cbe37548066d79708cd0761b91dc4fc9f4644370aa10b1061c,2016-05,City of London Police,City of London Police,-0.084618,51.512682,On or near GRACECHURCH STREET,E01032739,City of London 001F,Investigation complete; no suspect identified
b988c2a9817e7b1e16865d09d5af02a20ebb8448fd4af602fa78bee02858b66d,2016-05,City of London Police,City of London Police,-0.086051,51.513569,On or near FINCH LANE,E01032739,City of London 001F,Investigation complete; no suspect identified
381eb0e1e22306c833a5610346d8f75fae575a4f68947dd6c86a2418c4fa8b24,2016-05,City of London Police,City of London Police,-0.083972,51.510549,On or near LOVAT LANE,E01032739,City of London 001F,Investigation complete; no suspect identified
da0564e1697815d36c34d0df8af730d0dacc67cf89d98d6500e83d31864bf856,2016-05,City of London Police,City of London Police,-0.079195,51.513798,On or near CREECHURCH LANE,E01032739,City of London 001F,Investigation complete; no suspect identified
bc34227e2ef37edc1f756c38c305f95b0e64bc701a67356f3d0f7cb40133f23d,2016-05,City of London Police,City of London Police,-0.091823,51.514418,On or near IRONMONGER LANE,E01032739,City of London 001F,Investigation complete; no suspect identified
f988f12dbcd4947d37deda6d73ac7bfdec2e8370662b6b5e7931ef751b46fa46,2016-05,City of London Police,City of London Police,-0.073152,51.512206,On or near MANSELL STREET,E01000005,City of London 001E,Unable to prosecute suspect
0d27f8cb24274a0588ab572088c34faa926025e542cdc10c9c027245f454b3d2,2016-05,City of London Police,City of London Police,-0.112039,51.514547,On or near BELL YARD,E01004735,Westminster 018B,Investigation complete; no suspect identified
73c0e63eff8ac1cc060efa9d19e73991afc808129a0d1fbecf6ddd6f795f71e7,2016-05,City of London Police,City of London Police,-0.086393,51.510894,On or near EASTCHEAP,E01032739,City of London 001F,Unable to prosecute suspect
ad2297890c94098fd808e3ea2958becf4921dbe64cd117663c4f925f4f6891a3,2016-05,City of London Police,City of London Police,-0.097210,51.523156,On or near BALTIC STREET WEST,E01033490,Islington 022H,Formal action is not in the public interest
e1586d64eb4850df6d76d01631a68638fd2b9a9a379c5501321efbfb3616e044,2016-05,City of London Police,City of London Police,-0.082913,51.513463,On or near LEADENHALL STREET,E01032739,City of London 001F,Investigation complete; no suspect identified
d5242b80a70041f5f2de897b71e80d02c9c6c8529af49bc68caf1ce94360f242,2016-05,City of London Police,City of London Police,-0.084566,51.517690,On or near BLOMFIELD STREET,E01032739,City of London 001F,Investigation complete; no suspect identified
b920fa0de72fea5861973a29e9f7628f497c82dabf95ce66f0066a48277bb5c6,2016-05,City of London Police,City of London Police,-0.086051,51.513569,On or near FINCH LANE,E01032739,City of London 001F,Investigation complete; no suspect identified
641f56393b75f4d9149b16ca3a18f654f3150d83f77406f96626b939402cdfac,2016-05,City of London Police,City of London Police,-0.075196,51.512609,On or near ST CLARE STREET,E01000005,City of London 001E,Investigation complete; no suspect identified
a788b816d45a78ade726f3b93e1b7b553670af9a9ddc7ac4ff1c776e0cc04d94,2016-05,City of London Police,City of London Police,-0.079162,51.514940,On or near BEVIS MARKS,E01032739,City of London 001F,Investigation complete; no suspect identified
21e3a5154c7d4d1e1d11daba03afa2b9f426ac58ef71c79983dcfb9b690aaf30,2016-05,City of London Police,City of London Police,,,No location,,,Investigation complete; no suspect identified
2735ad7c64ec15d0c27af5014349a30413e6ce3aa267feae8086979b22f7fa3e,2016-05,City of London Police,City of London Police,-0.106922,51.514204,On or near FLEET STREET,E01032740,City of London 001G,Investigation complete; no suspect identified
256ee3d6e7026d22505ee4e20e826d9000f859028637c85b19ec8450bea298e6,2016-05,City of London Police,City of London Police,-0.091151,51.514992,On or near GRESHAM STREET,E01032739,City of London 001F,Investigation complete; no suspect identified
a2b98c65b72301997de13e470b294e57783c10286af29b861b91b0a234a1d52d,2016-05,City of London Police,City of London Police,-0.102930,51.518375,On or near WEST SMITHFIELD,E01032740,City of London 001G,Unable to prosecute suspect
843c05173869294c1e9d0e6e8415ca77cff329074932fc2ef0d1ed2c0167b9d2,2016-05,City of London Police,City of London Police,-0.102930,51.518375,On or near WEST SMITHFIELD,E01032740,City of London 001G,Unable to prosecute suspect
dae475c06c46459f9bb4e8dee4ec149deb4c697dd3747839f3a6f4fe6e883e12,2016-05,City of London Police,City of London Police,,,No location,,,Investigation complete; no suspect identified
deb3c3767accb566ca461c6f6cf6b71481222423aba33e5dc48a4ca6cf31486e,2016-05,City of London Police,City of London Police,-0.108018,51.511749,On or near TEMPLE AVENUE,E01032740,City of London 001G,Investigation complete; no suspect identified
ec5fe313455ff6db59e484b9cea62bf24770be59f32437cb91ad100486d9d5ec,2016-05,City of London Police,City of London Police,-0.089838,51.516067,On or near COLEMAN STREET,E01032739,City of London 001F,Investigation complete; no suspect identified
d3d6411d15ea56fa19e843cbb09419e7280c7ec59e791224937047eae09773dc,2016-05,City of London Police,City of London Police,-0.087118,51.513199,On or near Nightclub,E01032739,City of London 001F,Investigation complete; no suspect identified
32d91255716cd4c43e24866756de50854dc6231eebfc7625727ba2a750cef5f8,2016-05,City of London Police,City of London Police,-0.082571,51.514753,On or near GREAT ST HELEN'S,E01032739,City of London 001F,Unable to prosecute suspect
7d0cc1c8af3db496960532276980f7ed95de04c6cec7613e2c5b917e14dbd17e,2016-05,City of London Police,City of London Police,-0.088075,51.512388,On or near KING WILLIAM STREET,E01032739,City of London 001F,Investigation complete; no suspect identified
374d65f73387f6caf1cd2e5de8180171dbb760b752c6aaad3cf4a3eb5448ec5b,2016-05,City of London Police,City of London Police,-0.085669,51.515100,On or near AUSTIN FRIARS,E01032739,City of London 001F,Investigation complete; no suspect identified
d1578f780e8e858a2186abd064b3d44ad887b54f5fd4000e5d910dfd729fab86,2016-05,City of London Police,City of London Police,-0.086728,51.510477,On or near KING WILLIAM STREET,E01032739,City of London 001F,Investigation complete; no suspect identified
a5c43e86cb8984097a4abf9609157e1227bbd8e0bf07fa45a268f77a1303ab33,2016-05,City of London Police,City of London Police,-0.079875,51.510995,On or near HART STREET,E01032739,City of London 001F,Investigation complete; no suspect identified
cac6e8ae38b666377aa7fc457b54e081a9a5016f15e86a4ece553911921e2cf9,2016-05,City of London Police,City of London Police,-0.079080,51.519615,On or near BISHOPSGATE,E01004307,Tower Hamlets 015B,Investigation complete; no suspect identified
4a4a52ece879cff612164a4d8ed125fcfa429acdd810e6f0e56f0f7821bbb166,2016-05,City of London Police,City of London Police,-0.102502,51.516165,On or near GREEN ARBOUR COURT,E01032740,City of London 001G,Investigation complete; no suspect identified
25c0124ef2d51de762b9bf09a1adbf85466dc8b12bcbc1eab9c808a1f520f546,2016-05,City of London Police,City of London Police,-0.112039,51.514547,On or near BELL YARD,E01004735,Westminster 018B,Investigation complete; no suspect identified
019598854722a81994a4df15bdb5da4ccabf1b60ac1707f6475bc8185eb93c94,2016-05,City of London Police,City of London Police,-0.084095,51.516900,On or near NEW BROAD STREET,E01032739,City of London 001F,Investigation complete; no suspect identified
fac924e208d173f4f28faa793ded1f5240e735536dbe8676ef2ff0132ac13934,2016-05,City of London Police,City of London Police,-0.086278,51.509876,On or near FISH STREET HILL,E01032739,City of London 001F,Investigation complete; no suspect identified
85da488be83c126991f1438b5ad2d5984ec4d201a9e4e74bd878c12e83d9831b,2016-05,City of London Police,City of London Police,-0.092517,51.520580,On or near WHITECROSS STREET,E01000002,City of London 001B,Investigation complete; no suspect identified
6a811922e48118bcc08b962a6aaec60762840542c859fff151b50cdc294b9060,2016-05,City of London Police,City of London Police,,,No location,,,Investigation complete; no suspect identified
a2732d5cedcbebe26d1f6f06f4171845bede141cf1dfa341a8e0655b4b510f49,2016-05,City of London Police,City of London Police,-0.101345,51.518709,On or near Parking Area,E01032740,City of London 001G,Investigation complete; no suspect identified
e042fa5f8b3d39e45105ec69d4ddcd5a3e11e89375813f8fd090354b489d1d66,2016-05,City of London Police,City of London Police,-0.080376,51.517244,On or near Supermarket,E01032739,City of London 001F,Investigation complete; no suspect identified
03b06a5b2b67b2d5d68cfe027d17220de8c5a7b9bb963dbb3ce9afd496b9c095,2016-05,City of London Police,City of London Police,-0.092719,51.512652,On or near QUEEN VICTORIA STREET,E01032739,City of London 001F,Investigation complete; no suspect identified
072d73705c8ae7943429e7acc26da8c4e64308f7cd8d87cce645c7dc90e06227,2016-05,City of London Police,City of London Police,-0.106922,51.514204,On or near FLEET STREET,E01032740,City of London 001G,Investigation complete; no suspect identified
89ed4e30d999de0573b3d962d4fb30c2b3c0b7fe63b3333b7092d379fa3e2d72,2016-05,City of London Police,City of London Police,-0.089435,51.511223,On or near BUSH LANE,E01032739,City of London 001F,Investigation complete; no suspect identified
20283c4648047d225393123603546bd77bb5f43ab388e81dd2b487939f45109b,2016-05,City of London Police,City of London Police,-0.082913,51.513463,On or near LEADENHALL STREET,E01032739,City of London 001F,Investigation complete; no suspect identified
23a565e73131c3618c15592dac6fb54e4d68f6579b54d49b3ad882fbf71f784b,2016-05,City of London Police,City of London Police,-0.074958,51.514151,On or near ALDGATE HIGH STREET,E01000005,City of London 001E,Investigation complete; no suspect identified
eda851971d8fe633d1d3eb4de999e6357834facee1a08d9a7937673a3b296221,2016-05,City of London Police,City of London Police,-0.081938,51.513007,On or near LIME STREET,E01032739,City of London 001F,Investigation complete; no suspect identified
6a6ad32e2ac15d5077c858ae9078e7abd4a954db13f22692e30c2bf52d001e07,2016-05,City of London Police,City of London Police,-0.092719,51.512652,On or near QUEEN VICTORIA STREET,E01032739,City of London 001F,Investigation complete; no suspect identified
aff0a73f72ef927b38bd264463e27d49b788425b0ed90106ea53b5071239343f,2016-05,City of London Police,City of London Police,-0.074901,51.506255,On or near A100,E01004293,Tower Hamlets 027B,Unable to prosecute suspect
dc95dbed395213b1e551138687092b2a269d746256f15dba41542f8c86de4483,2016-05,City of London Police,City of London Police,-0.087670,51.516877,On or near COPTHALL AVENUE,E01032739,City of London 001F,Investigation complete; no suspect identified
e14ad08d96ceb4dd2bbc3d003d90616105419642515303dba5e663bc7248ce83,2016-05,City of London Police,City of London Police,-0.089451,51.517032,On or near Bus/Coach Station,E01032739,City of London 001F,Investigation complete; no suspect identified
fdef159ef90de7e495cd79b0ea648785a7c4e5f1ec56674a0e632c6e1a72867e,2016-05,City of London Police,City of London Police,-0.087153,51.518910,On or near SOUTH PLACE MEWS,E01032739,City of London 001F,Investigation complete; no suspect identified
ae6aa4b7cdc69177e5f1395d2d4093e6a0a47d63b25f82e9d6363e5e0af37f3a,2016-05,City of London Police,City of London Police,-0.107485,51.516614,On or near THAVIES INN,E01032740,City of London 001G,Investigation complete; no suspect identified
603537d332083153dcb6bb4da7335a0ae6585905e7b5998393fae6aeb37d7ede,2016-05,City of London Police,City of London Police,-0.101345,51.518709,On or near Parking Area,E01032740,City of London 001G,Investigation complete; no suspect identified
db7d3149ea5e5cb26b67d7ab9562131af59569162d5a069318d36e1dc302f959,2016-05,City of London Police,City of London Police,-0.084768,51.512882,On or near CORBET COURT,E01032739,City of London 001F,Investigation complete; no suspect identified
cd17f4735109d2983c2d6caa1c3bd57aab5db2e90f612864bc9752a768c2cf70,2016-05,City of London Police,City of London Police,-0.097645,51.515142,On or near ST MARTIN'S LE GRAND,E01032739,City of London 001F,Investigation complete; no suspect identified
cfcb5efd5e3b52e02b9188dcb83e1fbfe331dcf53da3d6eb341e9f829c6c343c,2016-05,City of London Police,City of London Police,-0.090348,51.519358,On or near MOOR LANE,E01000002,City of London 001B,Investigation complete; no suspect identified
2ba7f5ca8dc0623a2e9fac64dfd2e2bc1379761dc91b09d1cf02c491c7855fd4,2016-05,City of London Police,City of London Police,-0.104621,51.512692,On or near Supermarket,E01032740,City of London 001G,Investigation complete; no suspect identified
0f4cb4d5c8affa7883fcfc504cd799d25a65740be80da521e600fb33c7489a51,2016-05,City of London Police,City of London Police,-0.078856,51.518433,On or near ARTILLERY LANE,E01032739,City of London 001F,Investigation complete; no suspect identified
c2432c9c70d0fc328b3a5a533052bc8bf3f6c96713935ba0a7115b4eb7a3d8c7,2016-05,City of London Police,City of London Police,-0.090203,51.511118,On or near SCOTT'S YARD,E01032739,City of London 001F,Investigation complete; no suspect identified
5548117daf50565defd2834d1418f81d65a412410ef28293051817a7b497b8d7,2016-05,City of London Police,City of London Police,-0.112039,51.514547,On or near BELL YARD,E01004735,Westminster 018B,Investigation complete; no suspect identified
f9e057fda63e1e5fd3b4851664e1b0f265ac48c01ae05f24b0da50205d3fab59,2016-05,City of London Police,City of London Police,-0.080665,51.509344,On or near Pedestrian Subway,E01032739,City of London 001F,Investigation complete; no suspect identified
cdd4a1fd6ea082e7149529ea5dc2b7af105bb8abd82e39a86c61039b2665794a,2016-05,City of London Police,City of London Police,-0.097601,51.520699,On or near CARTHUSIAN STREET,E01000001,City of London 001A,Investigation complete; no suspect identified
4b647e78fb06938a4ace0e3241e740821cc9d9130cf38d73bc2fe27c3eb21954,2016-05,City of London Police,City of London Police,-0.089838,51.516067,On or near COLEMAN STREET,E01032739,City of London 001F,Investigation complete; no suspect identified
eee1556a9160961a4cdc4b6e0e35eacd1da7b1fa6359e2470b88158077126278,2016-05,City of London Police,City of London Police,-0.093493,51.513447,On or near BOW LANE,E01032739,City of London 001F,Investigation complete; no suspect identified
3cb4bbf4973a991363b1b607dcebca79ad3e5d5ccdae38c4d2823356838ead0b,2016-05,City of London Police,City of London Police,-0.084621,51.510200,On or near BOTOLPH LANE,E01032739,City of London 001F,Investigation complete; no suspect identified
0d61896ec17398f1884b15e5c59bd0671e580fa9c0235e0e18f053a6e7526ab5,2016-05,City of London Police,City of London Police,-0.102741,51.513885,On or near PAGEANTMASTER COURT,E01032740,City of London 001G,Investigation complete; no suspect identified
0e88e8f165733fc797a14a21ca1e67cd153de6e6bd51a38c3d306a468df72492,2016-05,City of London Police,City of London Police,-0.086051,51.513569,On or near FINCH LANE,E01032739,City of London 001F,Investigation complete; no suspect identified
297f9125eea4db7afc935de0f8d118dfdad085b133cf757d1c23be3b0e2ea327,2016-05,City of London Police,City of London Police,-0.106922,51.514204,On or near FLEET STREET,E01032740,City of London 001G,Unable to prosecute suspect
f9ff44f216028e45ee21a2558301f6f0fe81ee992799bc87ff3f6caa32173ce7,2016-05,City of London Police,City of London Police,-0.078924,51.508587,On or near PETTY WALES,E01032739,City of London 001F,Unable to prosecute suspect
2286f1e42bd935f91f7341165a0fd98707b83a34e5cebfd7673b0e80c9fb88b3,2016-05,City of London Police,City of London Police,-0.084618,51.512682,On or near GRACECHURCH STREET,E01032739,City of London 001F,Investigation complete; no suspect identified
9ba82355e580b134c64849e168fef5e12c98ee23c8391b54724cbc5858faed06,2016-05,City of London Police,City of London Police,-0.086393,51.510894,On or near EASTCHEAP,E01032739,City of London 001F,Unable to prosecute suspect
9e1c1c17f734e39ebe3453a2cbde874cbefcc439f55c251327c8f9e22e23979c,2016-05,City of London Police,City of London Police,-0.084967,51.512598,On or near BELL INN YARD,E01032739,City of London 001F,Investigation complete; no suspect identified
064aa87742171409215e1ea5e0154d4aeeae1074db18dc5b4a07ad8ac2285203,2016-05,City of London Police,City of London Police,-0.104621,51.512692,On or near Supermarket,E01032740,City of London 001G,Investigation complete; no suspect identified
d2777c789006358bf88942dbc579bd32df5a62c091a125869599cf9753f26410,2016-05,City of London Police,City of London Police,-0.109155,51.516668,On or near FETTER LANE,E01032740,City of London 001G,Investigation complete; no suspect identified
b189be09ea03acc2f748580b8052a6819030b436fd0672bd1d8f5e40ebb9616a,2016-05,City of London Police,City of London Police,-0.108418,51.513581,On or near LOMBARD LANE,E01032740,City of London 001G,Investigation complete; no suspect identified
32af9387e1a36bcf6e8ef31e144052d2ffabe56d6c5064f234968a8bcad37230,2016-05,City of London Police,City of London Police,-0.081540,51.510806,On or near MINCING LANE,E01032739,City of London 001F,Investigation complete; no suspect identified
60ed309e43fb3605abc83be87561487bc3a37293a293ab801ee9a0d04e7727b8,2016-05,City of London Police,City of London Police,-0.085173,51.518680,On or near FINSBURY AVENUE,E01032739,City of London 001F,Investigation complete; no suspect identified
9a284aeb1a829d90c6625ec567c5d59cd2f4f221921e58d2b6bc783f35e60a5f,2016-05,City of London Police,City of London Police,-0.092865,51.510182,On or near Parking Area,E01032739,City of London 001F,Investigation complete; no suspect identified
67805c9b992fb7893fc0ac4fe5c1bc58123a73f24a3488bfe6b5bf77acf4b0fd,2016-05,City of London Police,City of London Police,-0.074793,51.511208,On or near Pedestrian Subway,E01000005,City of London 001E,Investigation complete; no suspect identified
fd27b30063b86bb79e668d9aaebe1c82ba6bed6cd7aef2d63422fc607865084f,2016-05,City of London Police,City of London Police,-0.082571,51.514753,On or near GREAT ST HELEN'S,E01032739,City of London 001F,Investigation complete; no suspect identified
306665e04a70d4bef6bf368373d4fe3f0435d95fefe9749154c26248a43668d7,2016-05,City of London Police,City of London Police,,,No location,,,Investigation complete; no suspect identified
9a376a295b71ba61f534a52e9d70b40c6d4709b20b957e083320db8203fa4cb1,2016-05,City of London Police,City of London Police,-0.084723,51.514986,On or near Conference/Exhibition Centre,E01032739,City of London 001F,Investigation complete; no suspect identified
f5cce6c3b84438b921d892f8ebdbd9216f69316304fcfc7fb104e9cd38728ebc,2016-05,City of London Police,City of London Police,-0.094464,51.512959,On or near WATLING COURT,E01032739,City of London 001F,Investigation complete; no suspect identified
ab116e1a4000a120aae24a69edab5102d6535ef35c6948c11fd7440c42b92868,2016-05,City of London Police,City of London Police,-0.092625,51.513865,On or near CHEAPSIDE,E01032739,City of London 001F,Investigation complete; no suspect identified
37d6749da5a44174d7695c6825ea61257d7152930daecaf903c0f547d9f59753,2016-05,City of London Police,City of London Police,-0.096363,51.513377,On or near NEW CHANGE,E01032739,City of London 001F,Investigation complete; no suspect identified
9c5ae026019202a5b371415a95017698536545dd1479babfb63dd4f3e287e7e3,2016-05,City of London Police,City of London Police,-0.094720,51.514420,On or near WOOD STREET,E01032739,City of London 001F,Investigation complete; no suspect identified
2bbe00a6346c7423a5e694907da4adc93916e0af9770f05933545e9c8a309eeb,2016-05,City of London Police,City of London Police,-0.108231,51.513928,On or near PLEYDELL STREET,E01032740,City of London 001G,Investigation complete; no suspect identified
9e99d4b62ba5696051968a22ed22ae190d9ca15489bdb6999cdd6836e5ae4585,2016-05,City of London Police,City of London Police,-0.077777,51.518046,On or near SANDY'S ROW,E01032739,City of London 001F,Investigation complete; no suspect identified
72975b70eac23621ce454acb08598d452a9466fd5a8bbec7e76748e9930539de,2016-05,City of London Police,City of London Police,-0.089838,51.516067,On or near COLEMAN STREET,E01032739,City of London 001F,Investigation complete; no suspect identified
c02dfb826e8ba326a56acf2fd0d3eb6db3fc34fa4cb51b66897328dd52c8e3bb,2016-05,City of London Police,City of London Police,-0.096900,51.510868,On or near BROKEN WHARF,E01032739,City of London 001F,Investigation complete; no suspect identified
5abd3dfe549998c7af779e93f020e27dd74ca7c4705c057c4dc02b821561fbd2,2016-05,City of London Police,City of London Police,-0.087118,51.513199,On or near Nightclub,E01032739,City of London 001F,Investigation complete; no suspect identified
f16d35622873e5bebd12ab22d3604aaa50a9c6513fa7dcb1b4f346a5834e073d,2016-05,City of London Police,City of London Police,-0.105134,51.513869,On or near BRIDE LANE,E01032740,City of London 001G,Unable to prosecute suspect
7b9e4cd58bf58bbeb079da05fe4e0d1e3ceb4932f6a29db41e35ac20e6def096,2016-05,City of London Police,City of London Police,-0.080665,51.509344,On or near Pedestrian Subway,E01032739,City of London 001F,Investigation complete; no suspect identified
2307e1d888e48e6aa13d8266f1e19f5287ed35ccb0515e3b6f3ea4d29ec4e23c,2016-05,City of London Police,City of London Police,-0.076592,51.514367,On or near Pedestrian Subway,E01000005,City of London 001E,Investigation complete; no suspect identified
163cb9af9dc966b0c60c924cdc3cc751ac11d80a55cdc2c93d105a27a423b8b4,2016-05,City of London Police,City of London Police,-0.084618,51.512682,On or near GRACECHURCH STREET,E01032739,City of London 001F,Investigation complete; no suspect identified
d71b4e2335f2b3e7075f05b2ac601d96b88d481298e2576679bc33460378a141,2016-05,City of London Police,City of London Police,-0.076080,51.511445,On or near AMERICA SQUARE,E01000005,City of London 001E,Investigation complete; no suspect identified
2498b8683fe3ebdfc4de47dd6bab81d3abc3bf7a83c9466ca3cd522ad60fa09d,2016-05,City of London Police,City of London Police,-0.086764,51.510307,On or near FISH STREET HILL,E01032739,City of London 001F,Investigation complete; no suspect identified
ff6e7ecc264fe4e4c3423571fa982629e456fc166d866c7affa0cb762264ffc8,2016-05,City of London Police,City of London Police,,,No location,,,Unable to prosecute suspect
6d25ff7631033634f6f1b30a29509ce2d407e72421369262a2adb495d798d64b,2016-05,City of London Police,City of London Police,-0.091151,51.514992,On or near GRESHAM STREET,E01032739,City of London 001F,Investigation complete; no suspect identified
69c0b556b239ad0199cce260fc56e6f5e883c3996d8d250c65a19a1731a32b1b,2016-05,City of London Police,City of London Police,-0.089698,51.511812,On or near OXFORD COURT,E01032739,City of London 001F,Investigation complete; no suspect identified
e05782b4ad7d470baa295a69c9f9c7da2d79be134a348913c4c0209301bc976d,2016-05,City of London Police,City of London Police,-0.074330,51.513647,On or near LITTLE SOMERSET STREET,E01000005,City of London 001E,Investigation complete; no suspect identified
55051e797a830e660a38673aded9e8435bdb0a330361ef9cf5dc9848f60afb30,2016-05,City of London Police,City of London Police,-0.080665,51.509344,On or near Pedestrian Subway,E01032739,City of London 001F,Investigation complete; no suspect identified
1b4c83801ebe3467217fbc5c394e2a110da45a4284244f0f41a23f8786002a0d,2016-05,City of London Police,City of London Police,-0.080665,51.509344,On or near Pedestrian Subway,E01032739,City of London 001F,Investigation complete; no suspect identified
237728673fffd08e2d590554de791e5bf7935cda376ccc85d7fa5634d442c2fa,2016-05,City of London Police,City of London Police,-0.085355,51.510563,On or near PUDDING LANE,E01032739,City of London 001F,Investigation complete; no suspect identified
3c9fdb1768ecb27bcdbb58a0d6382599c4d4e197938f64abac207baf69c09264,2016-05,City of London Police,City of London Police,-0.077451,51.515523,On or near WHITE KENNETT STREET,E01000005,City of London 001E,Investigation complete; no suspect identified
4bdb0c53b2bc4e6566c4587d38ec7eb60b0ffd56c86b8cebc9013019299a7bda,2016-05,City of London Police,City of London Police,-0.086278,51.509876,On or near FISH STREET HILL,E01032739,City of London 001F,Investigation complete; no suspect identified
a95e18f0fa74e5f6c8642139ee587352262cf99243ecac5add6842ade27af847,2016-05,City of London Police,City of London Police,-0.096363,51.513377,On or near NEW CHANGE,E01032739,City of London 001F,Investigation complete; no suspect identified
726e3e39396f8ea8b8cba40456081baae4ab628bdfe46c89a24a00c86707a654,2016-05,City of London Police,City of London Police,-0.092719,51.512652,On or near QUEEN VICTORIA STREET,E01032739,City of London 001F,Investigation complete; no suspect identified
806b6d6a89be2ba882726a98938501e3bcdc7560531d113820ad5217eed53356,2016-05,City of London Police,City of London Police,-0.097223,51.515225,On or near ST MARTIN'S LE GRAND,E01000001,City of London 001A,Investigation complete; no suspect identified
6e806170e0016c3e9b647d6f0108995868bfa3e4032b67584055bc40ca39ec5b,2016-05,City of London Police,City of London Police,-0.085833,51.513952,On or near FINCH LANE,E01032739,City of London 001F,Investigation complete; no suspect identified
86409021268230323f482308329d805918ce1726ea38d24ab573a251ea61d708,2016-05,City of London Police,City of London Police,-0.097601,51.520699,On or near CARTHUSIAN STREET,E01000001,City of London 001A,Investigation complete; no suspect identified
55c8589a0e112018ac8a67d58f75efa88f60c64b3100cd17b920885ac887992a,2016-05,City of London Police,City of London Police,-0.083618,51.517288,On or near BROAD STREET AVENUE,E01032739,City of London 001F,Investigation complete; no suspect identified
9f22cc7ebcd2326e13a734273c17bc0508e83bb0b7cbbf4a7974b89dc355f661,2016-05,City of London Police,City of London Police,-0.078308,51.518091,On or near WIDEGATE STREET,E01032739,City of London 001F,Investigation complete; no suspect identified
b0632eb60091d2bb349b52480cbe7fa84d5372a189f347518baa7a19af4cbe55,2016-05,City of London Police,City of London Police,-0.107148,51.511879,On or near TALLIS STREET,E01032740,City of London 001G,Investigation complete; no suspect identified
00116cd4ff4a337e908ee9463d8c3417c7105ba00b09403c8d9c869d225edac3,2016-05,City of London Police,City of London Police,-0.086624,51.511923,On or near CLEMENT'S LANE,E01032739,City of London 001F,Investigation complete; no suspect identified
5f298719c0ea49e722446da38da925d0bb8125a4b36e7b7363f964789722dc0f,2016-05,City of London Police,City of London Police,-0.080376,51.517244,On or near Supermarket,E01032739,City of London 001F,Investigation complete; no suspect identified
e8538b844c0c6584b6f079d4cb9d2a9bb7a7fbdfa4b838bc2a8fec515f8bfbc9,2016-05,City of London Police,City of London Police,-0.095436,51.514890,On or near GUTTER LANE,E01032739,City of London 001F,Investigation complete; no suspect identified
a6aa205953d1694218bfbba4dba6907fa3e64393acd542ed7ee311d06592bf0e,2016-05,City of London Police,City of London Police,-0.082571,51.514753,On or near GREAT ST HELEN'S,E01032739,City of London 001F,Investigation complete; no suspect identified
62dd7d6e7dbc93ba620b2258954a3b071b16f42ea6946bb07b09120ebbbbe4ae,2016-05,City of London Police,City of London Police,-0.096363,51.513377,On or near NEW CHANGE,E01032739,City of London 001F,Unable to prosecute suspect
419e3118fff24f8d61471314de9e3eeaaadd9ce6975d98d01b7c83a1029b2713,2016-05,City of London Police,City of London Police,-0.078488,51.517923,On or near MIDDLESEX STREET,E01032739,City of London 001F,Unable to prosecute suspect
5ec25b5c863075136c43d127fa4b12a0b89a6ab5655562667a1b31891bb15b69,2016-05,City of London Police,City of London Police,-0.086728,51.510477,On or near KING WILLIAM STREET,E01032739,City of London 001F,Investigation complete; no suspect identified
99ee236ed96143447a7e78036139615581d8e87928e44cd5bb1dcb70b17377aa,2016-05,City of London Police,City of London Police,-0.082811,51.510054,On or near IDOL LANE,E01032739,City of London 001F,Investigation complete; no suspect identified
9ca77b7ff661ddc6f96aced6179aedcb7e333cadedda2289c22af7133a316846,2016-05,City of London Police,City of London Police,-0.079786,51.517576,On or near Police Station,E01032739,City of London 001F,Unable to prosecute suspect
634bf427c9a24151a81c275364d07cffb604b52206670b2996c82ad738913784,2016-05,City of London Police,City of London Police,-0.106680,51.515882,On or near Parking Area,E01032740,City of London 001G,Unable to prosecute suspect
ed9cad46acbe167cbee848d4f47ef6e8630457fe8a227a7c0861e4a589ec317f,2016-05,City of London Police,City of London Police,-0.075722,51.511053,On or near CRESCENT,E01000005,City of London 001E,Unable to prosecute suspect
dc366b5924f3e6a87379960b3e0fed87f93dcedb3275149ea9b355f5d24f4817,2016-05,City of London Police,City of London Police,,,No location,,,Investigation complete; no suspect identified
6fe2d8e22ba27a61bd53f29a06a806f6b264cd5089eefe412ee6c2f147be44d8,2016-05,City of London Police,City of London Police,-0.083296,51.517058,On or near OLD BROAD STREET,E01032739,City of London 001F,Investigation complete; no suspect identified
7784ce0f8e3919fe4f741c02d14d79b6f84be48de2c11ba59e80d068a5ebda1c,2016-05,City of London Police,City of London Police,-0.094464,51.512959,On or near WATLING COURT,E01032739,City of London 001F,Investigation complete; no suspect identified
10c1e171322651e63f8e42a022ddb6aa4c0f142b34df5769985c181dcb33dd06,2016-05,City of London Police,City of London Police,-0.100884,51.516966,On or near Hospital,E01032740,City of London 001G,Investigation complete; no suspect identified
d140ccb8ed476968c08c9b40303ea201ebb6f01d78f49ae714db6b73e0d5ea03,2016-05,City of London Police,City of London Police,-0.082571,51.514753,On or near GREAT ST HELEN'S,E01032739,City of London 001F,Investigation complete; no suspect identified
712fc8a7c2226aef3340e54a89f6150b0f10725bc7a20d0b4c18ca4e3f8b9cf5,2016-05,City of London Police,City of London Police,-0.087760,51.517149,On or near LONDON WALL,E01032739,City of London 001F,Investigation complete; no suspect identified
7c51a00f48c839b88ab04e6f948f5613a222ab90c4fc037854f5a29643d3d50a,2016-05,City of London Police,City of London Police,-0.088995,51.512088,On or near ST SWITHIN'S LANE,E01032739,City of London 001F,Investigation complete; no suspect identified
fb2514502fa51542c7c31139b3d22925af21b63bd7365c2e809cb958dd88d837,2016-05,City of London Police,City of London Police,-0.083645,51.512504,On or near LIME STREET PASSAGE,E01032739,City of London 001F,Investigation complete; no suspect identified
3814b83e600eef18f5631087ae806cc52104075bf09b003f4f9ef44359dd309e,2016-05,City of London Police,City of London Police,-0.083972,51.510549,On or near LOVAT LANE,E01032739,City of London 001F,Investigation complete; no suspect identified
b632b72a808cc9a2fe2abec20a3b947810610aa3761f471b50f60a4fee1ff077,2016-05,City of London Police,City of London Police,-0.079283,51.511021,On or near SEETHING LANE,E01032739,City of London 001F,Investigation complete; no suspect identified
52d76e8f763be3ec3ade5742f1695b1c0a057d063d496caf82734ebce08fd04b,2016-05,City of London Police,City of London Police,-0.093465,51.514463,On or near RUSSIA ROW,E01032739,City of London 001F,Investigation complete; no suspect identified
6733a18fd46344a2f3fbfbbdcbe9f83d1cf636d938e5699ebcfc970a69007ea7,2016-05,City of London Police,City of London Police,-0.083086,51.511407,On or near ROOD LANE,E01032739,City of London 001F,Investigation complete; no suspect identified
2b1bef43da751a702839b787bbacd5c47e0013842878ae7ed0e258f39a6cd88f,2016-05,City of London Police,City of London Police,-0.096363,51.513377,On or near NEW CHANGE,E01032739,City of London 001F,Investigation complete; no suspect identified
9e2d6cd9ce8f21e84c6cd247ecb7d0d70110f07cd9b7704f39ccce2f2c9726c7,2016-05,City of London Police,City of London Police,-0.106922,51.514204,On or near FLEET STREET,E01032740,City of London 001G,Investigation complete; no suspect identified
20a7c5d16008e57057fbb830d2182e0c43da3c260d8ae2fcef6ba1d20e6c6fd5,2016-05,City of London Police,City of London Police,-0.085310,51.518511,On or near ELDON STREET,E01032739,City of London 001F,Investigation complete; no suspect identified
003c9a1771d891070b2f0ae8d4ce28378d0667453b5193dfc66c6fbebb8a1ccc,2016-05,City of London Police,City of London Police,-0.088767,51.520303,On or near FINSBURY STREET,E01002704,Islington 023D,Investigation complete; no suspect identified
68b12698ac2164a18182c83e1836a76466cebeee6174f7dc3c4fb1b97aeca563,2016-05,City of London Police,City of London Police,-0.102948,51.512719,On or near PLAYHOUSE YARD,E01032739,City of London 001F,Investigation complete; no suspect identified
6f9ccc18d667bc2255d9fb36c0d851412161467797e0305042e362df0b11b763,2016-05,City of London Police,City of London Police,-0.082965,51.516351,On or near WORMWOOD STREET,E01032739,City of London 001F,Unable to prosecute suspect
a75d139a112e64b828d69f761d5d59339d29b86564d8fcde5b7ddb8d84890d91,2016-05,City of London Police,City of London Police,-0.082571,51.514753,On or near GREAT ST HELEN'S,E01032739,City of London 001F,Investigation complete; no suspect identified
72d7667c26802ca920cd379032048acb663e2f6839cdadaa3e2e3ff35f50ea4a,2016-05,City of London Police,City of London Police,-0.081620,51.516814,On or near ALDERMAN'S WALK,E01032739,City of London 001F,Investigation complete; no suspect identified
3c530c027e9066e2e45ca205ea6ee8a840149e3990eba2fd74d94ceeaeb733ac,2016-05,City of London Police,City of London Police,-0.102721,51.515404,On or near ST GEORGES'S COURT,E01032740,City of London 001G,Formal action is not in the public interest
deee0086e1f86491d030a68ee289af0615c6496e4e2465a114db458c73cf7ac7,2016-05,City of London Police,City of London Police,-0.102721,51.515404,On or near ST GEORGES'S COURT,E01032740,City of London 001G,Unable to prosecute suspect
bd0ee0ad761e8a73a4b3ebec7e93d759579271d69e2b0a4111bd451ad91b9a8a,2016-05,City of London Police,City of London Police,-0.099907,51.512031,On or near QUEEN VICTORIA STREET,E01032739,City of London 001F,Investigation complete; no suspect identified
f61e6bdd62d092c0e391dd4dcc72a4f08c2caa8f97e0a811f2502a28957dd452,2016-05,City of London Police,City of London Police,-0.089040,51.512745,On or near MANSION HOUSE PLACE,E01032739,City of London 001F,Unable to prosecute suspect
833ef4e165cb23aa7d7a7c9b1ef2f4e0a521dac8570d673eb5578a63f65e874a,2016-05,City of London Police,City of London Police,-0.084723,51.514986,On or near Conference/Exhibition Centre,E01032739,City of London 001F,Investigation complete; no suspect identified
e28037094b12f268dadaee6621747e66992b87b137f16c82e693ed35b18d9e59,2016-05,City of London Police,City of London Police,-0.094231,51.511984,On or near GREAT TRINITY LANE,E01032739,City of London 001F,Unable to prosecute suspect
2c5525e5f1a40c3ecf94fa0e9858b1d34d9c70ae0c6e11e759c7598f7e7e3d31,2016-05,City of London Police,City of London Police,-0.094231,51.511984,On or near GREAT TRINITY LANE,E01032739,City of London 001F,Unable to prosecute suspect
bad2d7c58c51f0e42521f81a91152b9d2d938cd8b23ed8d88ca4ae861628977d,2016-05,City of London Police,City of London Police,-0.094231,51.511984,On or near GREAT TRINITY LANE,E01032739,City of London 001F,Unable to prosecute suspect
240f93607dea6c2d5f757768cd126891d961debd77e3cbf72aafbd870dd78256,2016-05,City of London Police,City of London Police,-0.088203,51.518262,On or near MOORGATE,E01032739,City of London 001F,Unable to prosecute suspect
caf0115784e37bf59a849b2ed88da2790df5f400af63ec7d90dd5a55355540f3,2016-05,City of London Police,City of London Police,-0.081580,51.520510,On or near PINDAR STREET,E01032739,City of London 001F,Investigation complete; no suspect identified
935a191992590231ee2e77c4325f9f865154920e1e9c45acf67470afae971818,2016-05,City of London Police,City of London Police,-0.075196,51.512609,On or near ST CLARE STREET,E01000005,City of London 001E,Unable to prosecute suspect
9e36a277b64f004bae3815fa316d202c6ba2085721b72294a16669a51a7ebc0b,2016-05,City of London Police,City of London Police,-0.090710,51.513132,On or near QUEEN VICTORIA STREET,E01032739,City of London 001F,Unable to prosecute suspect
1e40afe07f1a54b50973364ada507ba0fc64767e83175bacc92d9d3ec23636d4,2016-05,City of London Police,City of London Police,-0.083086,51.511407,On or near ROOD LANE,E01032739,City of London 001F,Investigation complete; no suspect identified
1743bf64b608403a8d0634f6d972a00b02a8f16a1ec64fe90aa77077ff8e5993,2016-05,City of London Police,City of London Police,-0.096363,51.513377,On or near NEW CHANGE,E01032739,City of London 001F,Unable to prosecute suspect
bdb5b3b9a3ce4a1955a536b99df42d3b2273a663be68c4fae37b647674c1c99f,2016-05,City of London Police,City of London Police,-0.096075,51.514766,On or near FOSTER LANE,E01032739,City of London 001F,Unable to prosecute suspect
0aa98879dcac21c0ff99cb77a48713b21a161d376c8ce7e768b652dfdd717fdc,2016-05,City of London Police,City of London Police,-0.079283,51.511021,On or near SEETHING LANE,E01032739,City of London 001F,Investigation complete; no suspect identified
97f866dd88af746c5910d6ab7e94dad898f84d28aa66dd5dbf9819428129b6c0,2016-05,City of London Police,City of London Police,-0.076080,51.511445,On or near AMERICA SQUARE,E01000005,City of London 001E,Investigation complete; no suspect identified
44d69622282c7dcdb365553e9027dc45c518e4f55fe3f9abac6c8c780e7d0f32,2016-05,City of London Police,City of London Police,-0.081912,51.516370,On or near Conference/Exhibition Centre,E01032739,City of London 001F,Investigation complete; no suspect identified
1eac0c614e3f99c4a70b89f418c8d147355318610ca2287e96eb75d4902f5029,2016-05,City of London Police,City of London Police,-0.077451,51.515523,On or near WHITE KENNETT STREET,E01000005,City of London 001E,Investigation complete; no suspect identified
05e6e7d1cd1c42dd7213800467ed8b1a4f57911528e9db9908dee5688ca16d39,2016-05,City of London Police,City of London Police,-0.083901,51.524280,On or near MARK STREET,E01033708,Hackney 027G,Investigation complete; no suspect identified
c009956dedd4609b96c922c73f0755efff879f0814600afa11eac31b71b91c9e,2016-05,City of London Police,City of London Police,-0.080034,51.513389,On or near LEADENHALL STREET,E01032739,City of London 001F,Unable to prosecute suspect
9c6bdee41dc522729f2c4c615210dcfa1a8a43962339628144135c7ecf8d707d,2016-05,City of London Police,City of London Police,-0.088203,51.518262,On or near MOORGATE,E01032739,City of London 001F,Unable to prosecute suspect
c7a9165f4b141fe07b344fd73252305dca8a6d3614ec3e0bbbd9b47896d29fcf,2016-05,City of London Police,City of London Police,-0.080318,51.520678,On or near PRIMROSE STREET,E01032739,City of London 001F,Unable to prosecute suspect
2fa6d0eea8b690a51d436bce8185280f58c8a8b19a881a7e3d58b79c04bd8f07,2016-05,City of London Police,City of London Police,-0.092865,51.510182,On or near Parking Area,E01032739,City of London 001F,Investigation complete; no suspect identified
f45e839087d5beb724420e2b908fddc698de9593c6203843249bcaa98113adb7,2016-05,City of London Police,City of London Police,-0.092865,51.510182,On or near Parking Area,E01032739,City of London 001F,Investigation complete; no suspect identified
db3525280ef4195501897338f802d9a8b0df7deb3367af2531b647733e1592b8,2016-05,City of London Police,City of London Police,-0.104300,51.511761,On or near Pedestrian Subway,E01032740,City of London 001G,Investigation complete; no suspect identified
c559a0fc99283ae5dad192cb7faf3e5ec032f8ad27b23587448146c070649979,2016-05,City of London Police,City of London Police,-0.093558,51.516703,On or near Police Station,E01000002,City of London 001B,Further investigation is not in the public interest
31469630f2347ce84c1f9877ab34f3fe01efeccfe38efaf336e2c730c55b9936,2016-05,City of London Police,City of London Police,-0.098886,51.519254,On or near KINGHORN STREET,E01032740,City of London 001G,Unable to prosecute suspect
6aa6d1152a033e49e4fb1c33e817ed22c870fa15d03b7acf43b8276b0842c684,2016-05,City of London Police,City of London Police,-0.104300,51.511761,On or near Pedestrian Subway,E01032740,City of London 001G,Investigation complete; no suspect identified
84a44d9393934ca62f66775477be49609ec25be61c286582321d5cab6752da4a,2016-05,City of London Police,City of London Police,-0.088042,51.511794,On or near ABCHURCH LANE,E01032739,City of London 001F,Unable to prosecute suspect
89c289afc6f9833ead0cfe0e01b6dc3a39e24601f012db6bb18aaadfe72cf131,2016-05,City of London Police,City of London Police,-0.079162,51.514940,On or near BEVIS MARKS,E01032739,City of London 001F,Unable to prosecute suspect
7c3b7ceb45134c4dcbdd712496a7b1cc35381216102ad313a9a86eab03e22a32,2016-05,City of London Police,City of London Police,-0.100884,51.516966,On or near Hospital,E01032740,City of London 001G,Investigation complete; no suspect identified
22301ddb023a2affed77714ad6b03861aafde4bbdd7a45f3f5d1aef29f0abe75,2016-05,City of London Police,City of London Police,-0.088517,51.515236,On or near KING'S ARMS YARD,E01032739,City of London 001F,Unable to prosecute suspect
eff96f7bb9139e2466991eeb583de7b055bc03cbcde67f122282fe1170ff0f1a,2016-05,City of London Police,City of London Police,-0.088075,51.512388,On or near KING WILLIAM STREET,E01032739,City of London 001F,Unable to prosecute suspect
ea39f02d385dc200c221ac883e6c0dc30d2a1416311c06f5e71b5cbfce3102b0,2016-05,City of London Police,City of London Police,-0.078856,51.518433,On or near ARTILLERY LANE,E01032739,City of London 001F,Unable to prosecute suspect
e911a7d9bf265f12539cad06d575522517c983dd844e9d8d6730669f2ca473eb,2016-05,City of London Police,City of London Police,,,No location,,,Investigation complete; no suspect identified
dace86e497fe22af5aebad93a009503712846646c9b3b2b85d632897eff3a7e4,2016-05,City of London Police,City of London Police,-0.081938,51.513007,On or near LIME STREET,E01032739,City of London 001F,Unable to prosecute suspect
b2e1dfe2b76f7b0ac0c6c2e971acc887376510448ca4043b555f19cf8a1df9bc,2016-05,City of London Police,City of London Police,-0.104494,51.509848,On or near A201,E01032739,City of London 001F,Local resolution
407f469bcf8a8d85eb03776d7b1d3ccf8ed65a28a141a092fcd06a021f132f54,2016-05,City of London Police,City of London Police,-0.093465,51.514463,On or near RUSSIA ROW,E01032739,City of London 001F,Local resolution
50dc6b7304d342b6ae003e089a0a5728f8fdcdae577b8b94312002f0004ae597,2016-05,City of London Police,City of London Police,-0.105134,51.513869,On or near BRIDE LANE,E01032740,City of London 001G,Offender given a caution
bb7de96224b20318a4b74555b06e610d74980fc9b18e3a5d146770d384779f8d,2016-05,City of London Police,City of London Police,-0.076044,51.512650,On or near INDIA STREET,E01000005,City of London 001E,Offender given a drugs possession warning
a397e45d7252fe344a1d57ac562577a9e3c459d9f6962b5d4c4a4e87c1cb437c,2016-05,City of London Police,City of London Police,-0.088203,51.518262,On or near MOORGATE,E01032739,City of London 001F,Offender given a caution
1d41085aa3983466ab940dcdafffbd78f13893d908574298a6a71159106838a0,2016-05,City of London Police,City of London Police,-0.105134,51.513869,On or near BRIDE LANE,E01032740,City of London 001G,Offender given a caution
bb4d7ec148d1c781f55fca48789649b86619bead54d66c47245074df294f0538,2016-05,City of London Police,City of London Police,-0.095484,51.515467,On or near GUTTER LANE,E01000002,City of London 001B,Offender given a caution
5478825e1d80daa288cd543a0658cab6032bcd96c9281900444038a82a9ee465,2016-05,City of London Police,City of London Police,-0.073065,51.511180,On or near GOODMAN'S YARD,E01000005,City of London 001E,Offender given a caution
3bdc7e043410668b12b692f105c65cb86434b9f5355070c0a8ecc18f0d80aa2f,2016-05,City of London Police,City of London Police,-0.079786,51.517576,On or near Police Station,E01032739,City of London 001F,Offender given a drugs possession warning
370a490ed256aa153aa2f19f3e655b734aaf99c729aafb7bdbb7600ea7246796,2016-05,City of London Police,City of London Police,-0.080376,51.517244,On or near Supermarket,E01032739,City of London 001F,Local resolution
3db77d191bb6a9cd217bf84adb819ef77489ebc9fd8f0bff8f2fed971e5f3dde,2016-05,City of London Police,City of London Police,-0.079786,51.517576,On or near Police Station,E01032739,City of London 001F,Offender given a caution
a7597d515ea1257e1c20bdfcb0304d937a5f4944417fddf111480b7b08ae197a,2016-05,City of London Police,City of London Police,-0.092719,51.512652,On or near QUEEN VICTORIA STREET,E01032739,City of London 001F,Offender given a caution
cb28e0200661c43461e753845a4783c9069cfb5fff5f44c1a55dbd5db7d803aa,2016-05,City of London Police,City of London Police,-0.108418,51.513581,On or near LOMBARD LANE,E01032740,City of London 001G,Offender given a caution
6e176c552871ad48b59c8a0bbcffae270db78b6eaee9b74d238f61f4988db892,2016-05,City of London Police,City of London Police,-0.097645,51.515142,On or near ST MARTIN'S LE GRAND,E01032739,City of London 001F,Offender given a caution
e4adcdfbbf7dd38cb4a68f0bfa67f561e9b21e4f161fd5bbdf1aae7f4a0773a4,2016-05,City of London Police,City of London Police,-0.084618,51.512682,On or near GRACECHURCH STREET,E01032739,City of London 001F,Offender given a caution
35b6c80b3d7c4b76d59a01c6c915564343588ebddf4a0de0c816474437693c05,2016-05,City of London Police,City of London Police,-0.086624,51.511923,On or near CLEMENT'S LANE,E01032739,City of London 001F,Offender given penalty notice
94234d9f79f067430b785feff7d0ee3c02a11869c7a90f2483a0a9ed41bbef2a,2016-05,City of London Police,City of London Police,-0.082965,51.516351,On or near WORMWOOD STREET,E01032739,City of London 001F,Offender given a caution
66dcb8dc4df0a84961a81b5d2571910aed0db9bacbf03851a4c3696c39350c80,2016-05,City of London Police,City of London Police,-0.075508,51.514763,On or near Pedestrian Subway,E01000005,City of London 001E,Offender given a drugs possession warning
f213ada91ab48f9d9c5520d47256d3188d88128e20a8568558ce44d660193a0f,2016-05,City of London Police,City of London Police,-0.104281,51.516032,On or near BEAR ALLEY,E01032740,City of London 001G,Offender given a drugs possession warning
90837126514132b50bbaa3cbaa5d934ee08b96c514d8b44274ffcdd773750448,2016-05,City of London Police,City of London Police,-0.102502,51.516165,On or near GREEN ARBOUR COURT,E01032740,City of London 001G,Offender given a caution
c5d7d6c7f95e3fc06e5ae4e84c15f8750c438d5fb4cf5085f699de58beecd6fc,2016-05,City of London Police,City of London Police,-0.080376,51.517244,On or near Supermarket,E01032739,City of London 001F,Offender given penalty notice
cd7a04dad3f10ea17e8e65c0f50e520d858e296b464db864ce12b60d41f23a5a,2016-05,City of London Police,City of London Police,-0.084566,51.517690,On or near BLOMFIELD STREET,E01032739,City of London 001F,Offender given a drugs possession warning
615cfd11688f58c78c82aaa15e2d1bc9fe1f1c484df7318d619ccc931163a812,2016-05,City of London Police,City of London Police,-0.092719,51.512652,On or near QUEEN VICTORIA STREET,E01032739,City of London 001F,Offender given a caution
ec854292a17e69cd025a89e74f67228df3b468e0b2c3a07581e173e0733751e0,2016-05,City of London Police,City of London Police,-0.086624,51.511923,On or near CLEMENT'S LANE,E01032739,City of London 001F,Offender given a caution
776ae9d1e18b2aa8294e9796588ead93df2af7dbdbbbc50fe8d7a7751d03b331,2016-05,City of London Police,City of London Police,-0.092719,51.512652,On or near QUEEN VICTORIA STREET,E01032739,City of London 001F,Offender given a caution
6e5367808bc35d9472b905332a5bab454e5795bca588b7637b335d8736e3f2a0,2016-05,City of London Police,City of London Police,-0.092517,51.520580,On or near WHITECROSS STREET,E01000002,City of London 001B,Offender given a drugs possession warning
475407cde05b9c1153c8a04791d81ffa8969a18be51877e27e40284dc3e50251,2016-05,City of London Police,City of London Police,-0.076270,51.515504,On or near GRAVEL LANE,E01000005,City of London 001E,Offender given a caution
604091e78a6f22253bb7efabb3e26c56e4635d8ccfb3d81b67e3f7586ef0ff97,2016-05,City of London Police,City of London Police,-0.098148,51.517938,On or near ALBION WAY,E01032740,City of London 001G,Offender given a caution
a8721c932b536f0fdf1e3686c931bfa37d5954f4fb13aa3b6f8f9166035bf866,2016-05,City of London Police,City of London Police,-0.084701,51.509320,On or near LOWER THAMES STREET,E01032739,City of London 001F,Offender given a caution
1309767ff1f8cd328463a6aa2e0744dbde37657e6e61f92941faddcd9febaefd,2016-05,City of London Police,City of London Police,-0.086624,51.511923,On or near CLEMENT'S LANE,E01032739,City of London 001F,Local resolution
1309767ff1f8cd328463a6aa2e0744dbde37657e6e61f92941faddcd9febaefd,2016-05,City of London Police,City of London Police,-0.086624,51.511923,On or near CLEMENT'S LANE,E01032739,City of London 001F,Local resolution
4fa2b111e7065b211362d66d84d8b00688350788388a1d7ed4bbf3c02f94a6a7,2016-05,City of London Police,City of London Police,-0.085355,51.510563,On or near PUDDING LANE,E01032739,City of London 001F,Offender given a caution
1ad1db8573d78dead92c32dc6a10eae613e1c9082914e3ffa259d8d5b30dc3a0,2016-05,City of London Police,City of London Police,,,No location,,,Offender given a drugs possession warning
55c3a901e4eb4b9a7f92c1d718b159247025561c7c3698a14e836b7db797c6f9,2016-05,City of London Police,City of London Police,-0.098138,51.520609,On or near CARTHUSIAN STREET,E01033490,Islington 022H,Offender given penalty notice
d5aaa94ab6c365076a48ab475bbf51b8a86fa114d56df47df4f5ad008f8b831e,2016-05,City of London Police,City of London Police,-0.084967,51.512598,On or near BELL INN YARD,E01032739,City of London 001F,Local resolution
8db48bbd75e24812894f01b63bb5ad912c8c31338965121ca92cf775383a687f,2016-05,City of London Police,City of London Police,-0.109709,51.517909,On or near HIGH HOLBORN,E01032740,City of London 001G,Offender given a caution
4a0624a7ea18f86f64b1d75d58062445c88d4439e9e4a0439341e3558b59ed59,2016-05,City of London Police,City of London Police,-0.096363,51.513377,On or near NEW CHANGE,E01032739,City of London 001F,Local resolution
cb787a9a367cabdf3f0bb7dacd2ca695e2716ac4b21316b5449600897ecbf7bc,2016-05,City of London Police,City of London Police,-0.081620,51.516814,On or near ALDERMAN'S WALK,E01032739,City of London 001F,Offender given a caution
a8138bb5d39d535311c827568bdd5ed36076beeff837eecb42d7573cf1067ee7,2016-05,City of London Police,City of London Police,-0.081620,51.516814,On or near ALDERMAN'S WALK,E01032739,City of London 001F,Offender given a caution
7334daedc501c908d1a20e1ef0d669c0ad74185bc145aa148426321475ae379d,2016-05,City of London Police,City of London Police,-0.104909,51.517912,On or near Parking Area,E01032740,City of London 001G,Local resolution
398c63e6854e21d579de37b435d78b7275311298828c065488952442a2817bb9,2016-05,City of London Police,City of London Police,-0.079613,51.517231,On or near NEW STREET,E01032739,City of London 001F,Offender given a caution
24c311c0386d8a1fc24f496d66b02e5178262228fbab9438cd8c8553fea49bd8,2016-05,City of London Police,City of London Police,-0.084199,51.513394,On or near CORNHILL,E01032739,City of London 001F,Suspect charged
710be79a1b54e9a3367026f02a3ab839f53450ed7bfeeb53c86c081ffaff4e87,2016-05,City of London Police,City of London Police,-0.084967,51.512598,On or near BELL INN YARD,E01032739,City of London 001F,Suspect charged
fcdaccd903b5bf9a2ded10fb7755ebc3b3d7f0d8814faca62ae4ee5e62dc3266,2016-05,City of London Police,City of London Police,-0.086051,51.513569,On or near FINCH LANE,E01032739,City of London 001F,Suspect charged
4998269d402db6c75f8d62bc950d7ad948d26379ef21c4c315e3bfc0786a0a5f,2016-05,City of London Police,City of London Police,-0.085355,51.510563,On or near PUDDING LANE,E01032739,City of London 001F,Suspect charged
0135610b142133e61e3e382d10c52763a2e5719f71fa6eb9cf0c857a3929cf71,2016-05,City of London Police,City of London Police,-0.084768,51.512882,On or near CORBET COURT,E01032739,City of London 001F,Suspect charged
0658a6e1b3dd37cf4d6cb8e6df422f873fe468a0c41f648ca6986776319c2dc1,2016-05,City of London Police,City of London Police,-0.086624,51.511923,On or near CLEMENT'S LANE,E01032739,City of London 001F,Suspect charged
d40607f33297694e6f6515df9fd888f5578ea6d394dc1a66da3c320f22ca7520,2016-05,City of London Police,City of London Police,-0.084201,51.510949,On or near PHILPOT LANE,E01032739,City of London 001F,Suspect charged
7bae968f98c676238da25b11ce4f3aaeb8d8dcf2f8578e9b1c4377923281c52c,2016-05,City of London Police,City of London Police,-0.087760,51.517149,On or near LONDON WALL,E01032739,City of London 001F,Suspect charged
7df80015e88be8ff7c2b92c8064c53ede2d131281e98f248a55dcaf9680e6635,2016-05,City of London Police,City of London Police,-0.092719,51.512652,On or near QUEEN VICTORIA STREET,E01032739,City of London 001F,Suspect charged
62c4b35651fa0052d9aac20f7044d8fa8447513f38db8afa5048df8d4b959cd6,2016-05,City of London Police,City of London Police,-0.086051,51.513569,On or near FINCH LANE,E01032739,City of London 001F,Suspect charged
6c7b2ec3ec5066cbb78a6e23e518ac6b09643e3b651e9353423256bb18fb2044,2016-05,City of London Police,City of London Police,,,No location,,,Suspect charged
2b849ed10900b9dc93946cf88bf1eef44b96714aabdae7ad7d976379f0909382,2016-05,City of London Police,City of London Police,-0.091720,51.513454,On or near Supermarket,E01032739,City of London 001F,Suspect charged
4270647e0c9370fd76150a178f0101a9dabbf6a14cbe290296e31b33862b2c8e,2016-05,City of London Police,City of London Police,-0.096561,51.514513,On or near CHEAPSIDE,E01032739,City of London 001F,Suspect charged
d215b41f9a3db9f0663c92bdc87f8241a84717802f2644932c1a1958023ecb7d,2016-05,City of London Police,City of London Police,,,No location,,,Suspect charged
6c7b2ec3ec5066cbb78a6e23e518ac6b09643e3b651e9353423256bb18fb2044,2016-05,City of London Police,City of London Police,,,No location,,,Suspect charged
24c311c0386d8a1fc24f496d66b02e5178262228fbab9438cd8c8553fea49bd8,2016-05,City of London Police,City of London Police,-0.084199,51.513394,On or near CORNHILL,E01032739,City of London 001F,Suspect charged
710be79a1b54e9a3367026f02a3ab839f53450ed7bfeeb53c86c081ffaff4e87,2016-05,City of London Police,City of London Police,-0.084967,51.512598,On or near BELL INN YARD,E01032739,City of London 001F,Suspect charged
fcdaccd903b5bf9a2ded10fb7755ebc3b3d7f0d8814faca62ae4ee5e62dc3266,2016-05,City of London Police,City of London Police,-0.086051,51.513569,On or near FINCH LANE,E01032739,City of London 001F,Suspect charged
4998269d402db6c75f8d62bc950d7ad948d26379ef21c4c315e3bfc0786a0a5f,2016-05,City of London Police,City of London Police,-0.085355,51.510563,On or near PUDDING LANE,E01032739,City of London 001F,Suspect charged
0135610b142133e61e3e382d10c52763a2e5719f71fa6eb9cf0c857a3929cf71,2016-05,City of London Police,City of London Police,-0.084768,51.512882,On or near CORBET COURT,E01032739,City of London 001F,Suspect charged
0658a6e1b3dd37cf4d6cb8e6df422f873fe468a0c41f648ca6986776319c2dc1,2016-05,City of London Police,City of London Police,-0.086624,51.511923,On or near CLEMENT'S LANE,E01032739,City of London 001F,Suspect charged
d40607f33297694e6f6515df9fd888f5578ea6d394dc1a66da3c320f22ca7520,2016-05,City of London Police,City of London Police,-0.084201,51.510949,On or near PHILPOT LANE,E01032739,City of London 001F,Suspect charged
8ff21df408e60de976b2ce78aee0449eb8cbecb98f4c45d5ad2e5e9028ba6215,2016-05,City of London Police,City of London Police,,,No location,,,Suspect charged
f98e191c651e76a1a6c0e09c8a6537fe0044e4b51f06585eb000f32f9e53b686,2016-05,City of London Police,City of London Police,-0.076044,51.512650,On or near INDIA STREET,E01000005,City of London 001E,Suspect charged
1bfa036901f99021488faf233a48807dac8ad03bbbd5fc34a7a2439208015648,2016-05,City of London Police,City of London Police,-0.079398,51.516508,On or near DEVONSHIRE SQUARE,E01032739,City of London 001F,Suspect charged
997a8cc2d3d03a2a56708c7738d7e3c7f2b2d39768cf51ce73a223e4572d1174,2016-05,City of London Police,City of London Police,-0.097562,51.518864,On or near Parking Area,E01000001,City of London 001A,Suspect charged
af9e3e81e15917ae602cb0129348d6bbb33c64fc6444a217e6bab28c030b39b5,2016-05,City of London Police,City of London Police,-0.086278,51.509876,On or near FISH STREET HILL,E01032739,City of London 001F,Suspect charged
155dc8bcee76c6f0590c76183b407ed5e354e0575af2ec37ef03cda95902d506,2016-05,City of London Police,City of London Police,-0.100884,51.516966,On or near Hospital,E01032740,City of London 001G,Suspect charged
16ff9a617615a30d031ca1abbf513babd6b2df308618398ac9fd0cde65486258,2016-05,City of London Police,City of London Police,-0.092719,51.512652,On or near QUEEN VICTORIA STREET,E01032739,City of London 001F,Suspect charged
df9f06bd60abb7993d72f4be4ec0a40f0004733ebd9b2cc8478a67d5bbd5ebef,2016-05,City of London Police,City of London Police,-0.080728,51.511611,On or near Supermarket,E01032739,City of London 001F,Suspect charged
1d87044a4c6c58b204a7a8fe7d7fca81ea4850a207c369481bc2399be002abd0,2016-05,City of London Police,City of London Police,-0.079786,51.517576,On or near Police Station,E01032739,City of London 001F,Suspect charged
3741d8d6fbb39c2df0f62c538ef4771af54d53e5f897dca5c4107feabf917bc8,2016-05,City of London Police,City of London Police,-0.079786,51.517576,On or near Police Station,E01032739,City of London 001F,Suspect charged
6269c87621c12578331bfdb4890d73db078a57c9b8f7fde68b1c11f8df8ffcd0,2016-05,City of London Police,City of London Police,-0.098572,51.516767,On or near KING EDWARD STREET,E01000001,City of London 001A,Suspect charged
a1bd6d9ef3c05e780e9975cde35d1d7c7e70d3c0468e0361b339269c45561fda,2016-05,City of London Police,City of London Police,-0.104300,51.511761,On or near Pedestrian Subway,E01032740,City of London 001G,Suspect charged
361866b8880bba01f8f2e929699a5384a79eb267874ae1aee21a3970e8ebb1f0,2016-05,City of London Police,City of London Police,-0.086624,51.511923,On or near CLEMENT'S LANE,E01032739,City of London 001F,Suspect charged
967c256a768c9b078dbdb70a9335b65f0179ef4dc9d5808b00710065d430a9fa,2016-05,City of London Police,City of London Police,-0.084095,51.516900,On or near NEW BROAD STREET,E01032739,City of London 001F,Suspect charged
6441b96743dd481df7d7f0d715ce65d68eec0bc10a5cc25935493ac3663e9abf,2016-05,City of London Police,City of London Police,-0.078308,51.518091,On or near WIDEGATE STREET,E01032739,City of London 001F,Suspect charged
ba97f6be89ec8af5bd988a00013c46269874eaa4e82144bcddb00afef5445233,2016-05,City of London Police,City of London Police,,,No location,,,Suspect charged
187e13206f7b2040cff01c746f1660b332a4954e2a134943800ee0add42386f8,2016-05,City of London Police,City of London Police,-0.106922,51.514204,On or near FLEET STREET,E01032740,City of London 001G,Suspect charged
2e8a0b7e980a12f3e28ec0bf9f2db5ee2adbf02253aedeccb254ea410fd9f11c,2016-05,City of London Police,City of London Police,-0.106922,51.514204,On or near FLEET STREET,E01032740,City of London 001G,Suspect charged
542c389fa124f2f749312e0b787842f65053d2f6babccb7866136c11b592bca9,2016-05,City of London Police,City of London Police,-0.106922,51.514204,On or near FLEET STREET,E01032740,City of London 001G,Suspect charged
453e2e7b964097d69d5c7c3373ed3766e989a5812a1b3fcddefcdf43e9ed0f7f,2016-05,City of London Police,City of London Police,-0.076270,51.515504,On or near GRAVEL LANE,E01000005,City of London 001E,Suspect charged
831d699c01632a83edb5b5730ab2e4683b971f40f9f2743016922cbd1ebe9166,2016-05,City of London Police,City of London Police,-0.082571,51.514753,On or near GREAT ST HELEN'S,E01032739,City of London 001F,Suspect charged
6269c87621c12578331bfdb4890d73db078a57c9b8f7fde68b1c11f8df8ffcd0,2016-05,City of London Police,City of London Police,-0.098572,51.516767,On or near KING EDWARD STREET,E01000001,City of London 001A,Suspect charged
1487e7803076140c3ad48b9d901608c0608c86f287c67c84ef3df58517e99603,2016-05,City of London Police,City of London Police,-0.086624,51.511923,On or near CLEMENT'S LANE,E01032739,City of London 001F,Suspect charged
52b6893cd624b4ae063874da3d887f4090d006448f6b3e232a46240f8ea7f51c,2016-05,City of London Police,City of London Police,-0.080376,51.517244,On or near Supermarket,E01032739,City of London 001F,Suspect charged
2cd26c88d18edd88a5066963298628d304d91b36b726a169995a5a1f1055b30a,2016-05,City of London Police,City of London Police,-0.086624,51.511923,On or near CLEMENT'S LANE,E01032739,City of London 001F,Suspect charged
3887f57f9944db8464020abe64931b8c87a91d52d3dc0d92d13780d0ebf05d94,2016-05,City of London Police,City of London Police,-0.083755,51.514358,On or near THREADNEEDLE STREET,E01032739,City of London 001F,Suspect charged
7f00f1c3e6dc58131f84a9a2f0e541f2055d2e81cc27b9542c198c0d49cfefd6,2016-05,City of London Police,City of London Police,-0.079786,51.517576,On or near Police Station,E01032739,City of London 001F,Suspect charged
abd4cbf4c7d58ec35cd729d9d8a97549665ffb9bdf31df58d956680085050090,2016-05,City of London Police,City of London Police,-0.096561,51.514513,On or near CHEAPSIDE,E01032739,City of London 001F,Suspect charged
46cd1582181a3203ff01ff6a69e36d2a2d192e0ad87fc1b1065a0ae75920754a,2016-05,City of London Police,City of London Police,-0.079011,51.509614,On or near Pedestrian Subway,E01032739,City of London 001F,Suspect charged
4919a8adfc27c19abc076506a813162170e5e89a1e9fc79713626c19a138b020,2016-05,City of London Police,City of London Police,-0.091732,51.521080,On or near Nightclub,E01002704,Islington 023D,Suspect charged
b81939a0fe491c63aba8f5299157f3c0aaf04b1a49b052041c216c59cb828f73,2016-05,City of London Police,City of London Police,-0.091732,51.521080,On or near Nightclub,E01002704,Islington 023D,Suspect charged
954bf5430c334997d11b9b7ba87580905fc30ab4ced49045c05ba83f4242059f,2016-05,City of London Police,City of London Police,-0.091732,51.521080,On or near Nightclub,E01002704,Islington 023D,Suspect charged
f2b4205a44166929c42b6295c6baeb3412215cbdbdc53484bcf95e572e37a246,2016-05,City of London Police,City of London Police,-0.091732,51.521080,On or near Nightclub,E01002704,Islington 023D,Suspect charged
81a3a62d451aef78f41f255a782d8e042e0e27dae273efc74addd4901622330a,2016-05,City of London Police,City of London Police,-0.087084,51.519530,On or near Shopping Area,E01002704,Islington 023D,Suspect charged
633e016ab002f397dee9b53b1503363ab2a9a06da7bceea5769e7988983ba6da,2016-05,City of London Police,City of London Police,-0.077451,51.515523,On or near WHITE KENNETT STREET,E01000005,City of London 001E,Suspect charged
1a9866267d55b98df412814bf9db9845259b375fde3a03a97913e199e6cb6638,2016-05,City of London Police,City of London Police,-0.080665,51.509344,On or near Pedestrian Subway,E01032739,City of London 001F,Suspect charged
71d34586fd0edca59037601426c8889b96826df716dd20cd0a25b826ab51ec78,2016-05,City of London Police,City of London Police,-0.079786,51.517576,On or near Police Station,E01032739,City of London 001F,Suspect charged
1753ca92659b3145043150e1b24c78ee52ecc92eef0eedf5042611345126c722,2016-05,City of London Police,City of London Police,-0.075508,51.514763,On or near Pedestrian Subway,E01000005,City of London 001E,Suspect charged
e83d4f8e26457ea4bdd61f55000dd3f49844fbeae642ab49e6cca826d0b10ac0,2016-05,City of London Police,City of London Police,-0.097645,51.515142,On or near ST MARTIN'S LE GRAND,E01032739,City of London 001F,Suspect charged
1ac1f0c9f09e211602ce07dd671709b9a64d8131b003cad01d2f3218d5503373,2016-05,City of London Police,City of London Police,-0.092297,51.518949,On or near Park/Open Space,E01000002,City of London 001B,Suspect charged
a4306bc07758b97ad4aec611e77cd43007df15227327d651d63c3aa1f774d87e,2016-05,City of London Police,City of London Police,-0.084095,51.516900,On or near NEW BROAD STREET,E01032739,City of London 001F,Suspect charged
0b1e99dfb54ca7a523619ef4603b2c65477ee273f386ec61c1d203d946b713c1,2016-05,City of London Police,City of London Police,-0.103280,51.514109,On or near LUDGATE HILL,E01032740,City of London 001G,Suspect charged
ff1441d29f99bee06444a932399fe44f01a913e38d7151436bb26a095bb5abe6,2016-05,City of London Police,City of London Police,-0.085355,51.510563,On or near PUDDING LANE,E01032739,City of London 001F,Suspect charged
b6dec34beddb5af3c44cfe4b2d02323cdec25ef57c2fd4a523a01085ac8aba9c,2016-05,City of London Police,City of London Police,-0.108418,51.513581,On or near LOMBARD LANE,E01032740,City of London 001G,Suspect charged
b92ea98a9cf13dfd0a0a387c62f32631d7f79ef7752c21082c8efe7664100894,2016-05,City of London Police,City of London Police,-0.086278,51.509876,On or near FISH STREET HILL,E01032739,City of London 001F,Suspect charged
feb7d055f643b0b862a665042a68390c40d9f598df91b615847960a9fc053e9f,2016-05,City of London Police,City of London Police,-0.079786,51.517576,On or near Police Station,E01032739,City of London 001F,Suspect charged
870d85b0599c67917bc2945e749aa334c335349df9cc5ccccadfe6fb34891339,2016-05,City of London Police,City of London Police,-0.083086,51.511407,On or near ROOD LANE,E01032739,City of London 001F,Suspect charged
ad4c68cdd187694477fb288a616fa6bb40f3b33e1de841e4422b86d40aa56f90,2016-05,City of London Police,City of London Police,-0.105134,51.513869,On or near BRIDE LANE,E01032740,City of London 001G,Suspect charged
ba97f6be89ec8af5bd988a00013c46269874eaa4e82144bcddb00afef5445233,2016-05,City of London Police,City of London Police,,,No location,,,Suspect charged
542c389fa124f2f749312e0b787842f65053d2f6babccb7866136c11b592bca9,2016-05,City of London Police,City of London Police,-0.106922,51.514204,On or near FLEET STREET,E01032740,City of London 001G,Suspect charged
c8fa9733e2735be3e7585b2f9a36f6375a3cee421a48b32e34e4aa650d15db3c,2016-05,City of London Police,City of London Police,-0.102380,51.517728,On or near HOSIER LANE,E01032740,City of London 001G,Suspect charged
d8686139be55f966a575166ff73f90d16e8d8338c6e77aa80c96c0a4ddb20351,2016-05,City of London Police,City of London Police,-0.087118,51.513199,On or near Nightclub,E01032739,City of London 001F,Suspect charged
fdddd0ee52d401036591a99df473fbf0d92ff50db0e7fb4abc180d5d3674a5e8,2016-05,City of London Police,City of London Police,-0.079786,51.517576,On or near Police Station,E01032739,City of London 001F,Suspect charged
4a7d568db5b885a7003b7e9f5a848a08b192b65b55415dac9d889457340edc08,2016-05,City of London Police,City of London Police,-0.079786,51.517576,On or near Police Station,E01032739,City of London 001F,Suspect charged
5e2881d5f7828c4f1613be4662190b49c9c1e225e13ed7f833a5014fda49da52,2016-05,City of London Police,City of London Police,-0.080376,51.517244,On or near Supermarket,E01032739,City of London 001F,Suspect charged
81a3a62d451aef78f41f255a782d8e042e0e27dae273efc74addd4901622330a,2016-05,City of London Police,City of London Police,-0.087084,51.519530,On or near Shopping Area,E01002704,Islington 023D,Suspect charged
