Crime ID,Month,Reported by,Falls within,Longitude,Latitude,Location,LSOA code,LSOA name,Outcome type
4192bae0de1c89ff495109e87da5a5aff6c00d563873fe1ab30e4673a3a3b616,2015-02,City of London Police,City of London Police,,,No location,,,Suspect charged
80941bf54aff277ba15e37a2d32a476aaab0332c848693746e7fb4a2815a869a,2015-02,City of London Police,City of London Police,,,No location,,,Offender given a caution
420e6940108b1567a87e1ed66e54b7680fdf12cee0a8e19899034c10696a39ec,2015-02,City of London Police,City of London Police,,,No location,,,Offender given a drugs possession warning
c6dd6292b848c208786c2f77f9e2617d85972e1eeb00fbb51a330effc198c668,2015-02,City of London Police,City of London Police,,,No location,,,Investigation complete; no suspect identified
b3e1030918829f4eb324cbc4608a73ccaf3a316e03b626b1de0dddc04d35df4d,2015-02,City of London Police,City of London Police,,,No location,,,Investigation complete; no suspect identified
25061297a779ec03dffb7ba6530541f3ed51525cdb88163e147dacb335718ec3,2015-02,City of London Police,City of London Police,,,No location,,,Investigation complete; no suspect identified
1f4383f509bd0a4829e29cd84a63f81978c75ce5d38a6b0032434a51159825df,2015-02,City of London Police,City of London Police,-0.097210,51.523156,On or near BALTIC STREET WEST,E01033490,Islington 022H,Offender given a drugs possession warning
a2fc8eb59e9f2cf6b344afcb6436b84b76b99634f1e2da96123a82df254bf188,2015-02,City of London Police,City of London Police,-0.075508,51.514763,On or near Pedestrian Subway,E01000005,City of London 001E,Offender given a caution
ab8fecd69295a4f28e88e940581f7e9171995b75324a9f83c505df5f266e2442,2015-02,City of London Police,City of London Police,-0.086624,51.511923,On or near CLEMENT'S LANE,E01032739,City of London 001F,Suspect charged
28fb9cf36768fe4d86fbec85344761a26f5afa3c1d59fb1a1fd281ea5ad4a82a,2015-02,City of London Police,City of London Police,-0.101794,51.516207,On or near NEWGATE STREET,E01032740,City of London 001G,Investigation complete; no suspect identified
b7c83509b31a127fa11b60dd07243b03ffd269b09a448467a3dc45ed8d4b3644,2015-02,City of London Police,City of London Police,-0.077694,51.513171,On or near ALDGATE,E01032739,City of London 001F,Investigation complete; no suspect identified
ba92d469206eb0898bf01f749ee1d7a24655579032413cd9a49246e7f4c5323c,2015-02,City of London Police,City of London Police,-0.093465,51.514463,On or near RUSSIA ROW,E01032739,City of London 001F,Investigation complete; no suspect identified
fa3eb936c2786d1a675fccfb562f51a517e506088dda82e00a66624b4405a6af,2015-02,City of London Police,City of London Police,-0.083086,51.511407,On or near ROOD LANE,E01032739,City of London 001F,Investigation complete; no suspect identified
a185fe06288429bf748e8e86bb6f3058a4656c66766e056bf1f7ae7645e9d733,2015-02,City of London Police,City of London Police,-0.081620,51.516814,On or near ALDERMAN'S WALK,E01032739,City of London 001F,Investigation complete; no suspect identified
ded09642892f80c6abc79853a52d2eac7c3be9f958a93f7588b3488f153ebcb1,2015-02,City of London Police,City of London Police,-0.093933,51.519812,On or near Conference/Exhibition Centre,E01000002,City of London 001B,Investigation complete; no suspect identified
7546f049a65bb6b55479334a48e9a237b355976eb091536ac644e01d1074cbfe,2015-02,City of London Police,City of London Police,,,No location,,,Investigation complete; no suspect identified
8946dd14073d3377429cde22c85621465b0f96e8f0c00ec688d648f697837c5f,2015-02,City of London Police,City of London Police,-0.075508,51.514763,On or near Pedestrian Subway,E01000005,City of London 001E,Investigation complete; no suspect identified
faf6ee563036eccebbb0024173200c2a7712cdb9c39976244262b8dac4d990cb,2015-02,City of London Police,City of London Police,-0.094464,51.512959,On or near WATLING COURT,E01032739,City of London 001F,Investigation complete; no suspect identified
ba262fe1d1af8b22601c947f16fcbf6b37680a07a7af9959adf9ea55445d3278,2015-02,City of London Police,City of London Police,-0.082913,51.513463,On or near LEADENHALL STREET,E01032739,City of London 001F,Investigation complete; no suspect identified
d1ac5980e74c760d7b6f668f1c45e0fb00562cc5485b28dcf66b56f6593fb054,2015-02,City of London Police,City of London Police,-0.102502,51.516165,On or near GREEN ARBOUR COURT,E01032740,City of London 001G,Investigation complete; no suspect identified
cc34dedb3e8422e45ec1453f64cdd72f2f1292daf73bfae4a99eeabdb18d3d0f,2015-02,City of London Police,City of London Police,-0.101794,51.516207,On or near NEWGATE STREET,E01032740,City of London 001G,Investigation complete; no suspect identified
1357f9b264754eac6eb43a844a491bbb0b6217d0325260c77cab9afb5e3bb857,2015-02,City of London Police,City of London Police,-0.082913,51.513463,On or near LEADENHALL STREET,E01032739,City of London 001F,Investigation complete; no suspect identified
36b77b8bde94e7f091cdb7911ee1864a14916f3935a6a0d8eac8b463f175482b,2015-02,City of London Police,City of London Police,-0.082571,51.514753,On or near GREAT ST HELEN'S,E01032739,City of London 001F,Investigation complete; no suspect identified
0592b2c97bb3e7c76670ad467dee1bedcc00861f658e454e9b2dd382a8607f12,2015-02,City of London Police,City of London Police,-0.077300,51.512607,On or near CARLISLE AVENUE,E01032739,City of London 001F,Unable to prosecute suspect
a822483d3b131f422147d77da3ce8572a813cdaa9d2720bcb61430d2dad62274,2015-02,City of London Police,City of London Police,-0.083993,51.511440,On or near PHILPOT LANE,E01032739,City of London 001F,Investigation complete; no suspect identified
2167de87f193dfe86569f9d25c949924b0d86f5772866b5e7ba02c41706c0824,2015-02,City of London Police,City of London Police,-0.088872,51.510890,On or near LAURENCE POUNTNEY HILL,E01032739,City of London 001F,Unable to prosecute suspect
6753a9476f9ff9ab6b7e8dfc67092ab5e4381b74bc03aa401d3ba371d5da2e6f,2015-02,City of London Police,City of London Police,,,No location,,,Investigation complete; no suspect identified
94cf4e9069aad0fac52781233194f93c7dad1a10ac6cfd80717a4921ad42b73d,2015-02,City of London Police,City of London Police,,,No location,,,Unable to prosecute suspect
c2d81157c0fbfbf443672f4220d576d694b4ba46c40add250c1b1c4a2fdb3c5c,2015-02,City of London Police,City of London Police,-0.092321,51.513194,On or near PANCRAS LANE,E01032739,City of London 001F,Investigation complete; no suspect identified
56fc18aa5b02344bb76bbd06e116e413a718ab4203a44dca39145069eee75a47,2015-02,City of London Police,City of London Police,-0.076044,51.512650,On or near INDIA STREET,E01000005,City of London 001E,Investigation complete; no suspect identified
19fb480a3b236ec89a479014c5395c0ebd9cf90b1cbf20419c0339caedf23fc8,2015-02,City of London Police,City of London Police,-0.077694,51.513171,On or near ALDGATE,E01032739,City of London 001F,Unable to prosecute suspect
28c1dd73609d33514812cfd246788ae889994572aae282a90db4b0cd2705e6e3,2015-02,City of London Police,City of London Police,-0.104001,51.513051,On or near APOTHECARY STREET,E01032739,City of London 001F,Investigation complete; no suspect identified
883c7661af8559a6b2aaebb07ab3c71750cdb1ec25926667433c8055e9826bb2,2015-02,City of London Police,City of London Police,-0.076044,51.512650,On or near INDIA STREET,E01000005,City of London 001E,Unable to prosecute suspect
534053aef0b360298e6732f10e44a89677f305c9abea620cab1068e180340c66,2015-02,City of London Police,City of London Police,-0.079786,51.517576,On or near Police Station,E01032739,City of London 001F,Offender given penalty notice
f86a34f37b387df1e8978b5b25f2d819adc3cbbc7464ce11758c9dcc3949cc6b,2015-02,City of London Police,City of London Police,,,No location,,,Offender given a drugs possession warning
76cd2ff2f94f8468d08f729db5a4c6f0c949360041a5fad7cc61f77d73cc7843,2015-02,City of London Police,City of London Police,-0.097645,51.515142,On or near ST MARTIN'S LE GRAND,E01032739,City of London 001F,Suspect charged
890c970d4359dd0b563fbe505a544d8a8df97fad5305cfb1a04ebe5e827bca01,2015-02,City of London Police,City of London Police,-0.104001,51.513051,On or near APOTHECARY STREET,E01032739,City of London 001F,Suspect charged
e30f34622cbc6d877afa8dcfb23c4e9f3a5aef4f57a6c04d44a79a2a510fde06,2015-02,City of London Police,City of London Police,-0.089040,51.512745,On or near MANSION HOUSE PLACE,E01032739,City of London 001F,Suspect charged
00b3af5f17fe4c5dbc88611757771c4e1d023d24a72e5297a3366527cb433674,2015-02,City of London Police,City of London Police,-0.081091,51.516014,On or near CAMOMILE STREET,E01032739,City of London 001F,Suspect charged
76cd2ff2f94f8468d08f729db5a4c6f0c949360041a5fad7cc61f77d73cc7843,2015-02,City of London Police,City of London Police,-0.097645,51.515142,On or near ST MARTIN'S LE GRAND,E01032739,City of London 001F,Suspect charged
ccc347ae6a7f2db5460ff87a9346890b9d7aad13bc65a5c6dcbe58ada9076438,2015-02,City of London Police,City of London Police,-0.073152,51.512206,On or near MANSELL STREET,E01000005,City of London 001E,Suspect charged
fc31768da87eac6f0cf2e85925becc17d895f890e5ad6cca409faaa4e6a9dd0c,2015-02,City of London Police,City of London Police,-0.102502,51.516165,On or near GREEN ARBOUR COURT,E01032740,City of London 001G,Suspect charged
0e1d7e136b5be5d6354ddfbc05f43c778e1dd857c5df2de69583d2797a9e8463,2015-02,City of London Police,City of London Police,-0.076095,51.512462,On or near VINE STREET,E01000005,City of London 001E,Suspect charged
7a4d18d37ed9e0854cad346b49da50c5a159614d3971bd8666e3fc34af26047f,2015-02,City of London Police,City of London Police,-0.095960,51.517534,On or near LONDON WALL,E01000001,City of London 001A,Suspect charged
8373a1b63187501055586d70b4c9fe0912ee27b48a217f89808079ae84cd5e5a,2015-02,City of London Police,City of London Police,,,No location,,,Investigation complete; no suspect identified
bd93381095bde8b96e4708fdfb87f997dfc7f67bf9588a82dac543f2e69ab362,2015-02,City of London Police,City of London Police,,,No location,,,Investigation complete; no suspect identified
b6bfe5269e0a97ffefa4eec298c7701c53c6bd7e029d6800bf0cf7d4d6c853f8,2015-02,City of London Police,City of London Police,-0.077300,51.512607,On or near CARLISLE AVENUE,E01032739,City of London 001F,Suspect charged
9b1b2c89718c0ff5f55edbbbfa4efe3b53e3a18dd0f614d100a5e24881f4d35d,2015-02,City of London Police,City of London Police,-0.086051,51.513569,On or near FINCH LANE,E01032739,City of London 001F,Investigation complete; no suspect identified
f96719b869299d7a0a0b369bbcacfbd7626569ae2702c785ba860a606e0c39e3,2015-02,City of London Police,City of London Police,-0.101452,51.512650,On or near ST ANDREW'S HILL,E01032739,City of London 001F,Investigation complete; no suspect identified
8977a2f12df67b74a91f3fc0e56392394cf5425f87148cbc3ebb058678603aef,2015-02,City of London Police,City of London Police,-0.084967,51.512598,On or near BELL INN YARD,E01032739,City of London 001F,Investigation complete; no suspect identified
49fa272ac222696265e935ef25796940019d6c8dbcb167ab2543ad31d31e477f,2015-02,City of London Police,City of London Police,-0.106922,51.514204,On or near FLEET STREET,E01032740,City of London 001G,Investigation complete; no suspect identified
d90256488578cb395c46baa8898ed511ccdc7c1416d4529c7f634fdbe18efc83,2015-02,City of London Police,City of London Police,-0.096075,51.514766,On or near FOSTER LANE,E01032739,City of London 001F,Investigation complete; no suspect identified
3846f4364349f3c3258fda81a1a07e5f5d503e7d1cb5785554348296a37c1de9,2015-02,City of London Police,City of London Police,-0.109826,51.516814,On or near NORWICH STREET,E01032740,City of London 001G,Offender given a caution
8b7574642cfbca2b9c2e735687dc384ed65a053e1f1c60009a4118b3fb258d0f,2015-02,City of London Police,City of London Police,-0.085173,51.518680,On or near FINSBURY AVENUE,E01032739,City of London 001F,Investigation complete; no suspect identified
d25bb127dde1aa174ee8fb20891fcef9a292ca6fdfbd8fdd76a578d6f130e1b1,2015-02,City of London Police,City of London Police,-0.097929,51.521810,On or near GLASSHOUSE YARD,E01033490,Islington 022H,Investigation complete; no suspect identified
8b3160ff0a787e48b5178663a6fd1901d7297733f88627c217cc40b09e79e606,2015-02,City of London Police,City of London Police,-0.078856,51.518433,On or near ARTILLERY LANE,E01032739,City of London 001F,Investigation complete; no suspect identified
58ae9fbfc26319a58ff88fed6ccff1ea689aa615d8adb600a4d1d76d0c102286,2015-02,City of London Police,City of London Police,-0.082571,51.514753,On or near GREAT ST HELEN'S,E01032739,City of London 001F,Suspect charged
da104054aac89a1e5d0f393b72eb3cb6483e63e700d222d1228e9e3445ec7824,2015-02,City of London Police,City of London Police,-0.094758,51.512829,On or near Nightclub,E01032739,City of London 001F,Unable to prosecute suspect
036878eeaafd9841eb0f8374dba0dcbd9bc51b7e4e1ec604096062be4320d2ab,2015-02,City of London Police,City of London Police,-0.079398,51.516508,On or near DEVONSHIRE SQUARE,E01032739,City of London 001F,Investigation complete; no suspect identified
7d08f4a5caa3598f644ee0ddf382693b9a63757ed9bd3d774426cc22081a123d,2015-02,City of London Police,City of London Police,-0.092719,51.512652,On or near QUEEN VICTORIA STREET,E01032739,City of London 001F,Offender given a drugs possession warning
8b8e697a7f9dae0e656faa4b33cadc2346b8ef351b39ea3b5fc73896b1fdbfdf,2015-02,City of London Police,City of London Police,-0.108283,51.517526,On or near Supermarket,E01032740,City of London 001G,Investigation complete; no suspect identified
cdd05df2411d3415419ccd2f8754d4b86b33557f51a0b867343b822eb0450183,2015-02,City of London Police,City of London Police,-0.083959,51.513606,On or near LEADENHALL STREET,E01032739,City of London 001F,Investigation complete; no suspect identified
ad567ad9c68fb3101c9a4ab1bb17ba568ea014a4fc54010281c9b622c2f470fe,2015-02,City of London Police,City of London Police,-0.088843,51.509532,On or near Parking Area,E01032739,City of London 001F,Investigation complete; no suspect identified
b8ceacf9c484cce0c96819b3aa245753c5ed67074f45e6272dceef0b46a10e28,2015-02,City of London Police,City of London Police,-0.088955,51.513382,On or near LOMBARD STREET,E01032739,City of London 001F,Suspect charged
82bdf812037d240689d4518264e4f5006981d50f419cbb0aeaa92a73ccd5b40d,2015-02,City of London Police,City of London Police,-0.081516,51.510014,On or near GREAT TOWER STREET,E01032739,City of London 001F,Unable to prosecute suspect
98c87310656b126d5e1e8de62d287762cd505af099826671059aabc2f497204f,2015-02,City of London Police,City of London Police,-0.100884,51.516966,On or near Hospital,E01032740,City of London 001G,Investigation complete; no suspect identified
24c0ce335e75313a53c02e1b33aefd8df9dfc3bea65cca3ea77da6e16d061ae7,2015-02,City of London Police,City of London Police,-0.090710,51.513132,On or near QUEEN VICTORIA STREET,E01032739,City of London 001F,Suspect charged
125ef9a7d8d3788448d4e63957da0c6fd60877a075506fe378bf48e43ef89fe0,2015-02,City of London Police,City of London Police,-0.090710,51.513132,On or near QUEEN VICTORIA STREET,E01032739,City of London 001F,Investigation complete; no suspect identified
6c69f48e130b151fc722b9c0cbef18390f1f56a1707543bf40dac67706f5f925,2015-02,City of London Police,City of London Police,-0.101452,51.512650,On or near ST ANDREW'S HILL,E01032739,City of London 001F,Suspect charged
339d8388a4de124373287c5f6bfc0f3a7022c6d716f29d018d160195dcb19e39,2015-02,City of London Police,City of London Police,-0.097929,51.521810,On or near GLASSHOUSE YARD,E01033490,Islington 022H,Investigation complete; no suspect identified
00b3af5f17fe4c5dbc88611757771c4e1d023d24a72e5297a3366527cb433674,2015-02,City of London Police,City of London Police,-0.081091,51.516014,On or near CAMOMILE STREET,E01032739,City of London 001F,Suspect charged
6df85998c64d11b1b35c33960a6938714daeabfc66aa0ac611d40c0574d4f271,2015-02,City of London Police,City of London Police,-0.082965,51.516351,On or near WORMWOOD STREET,E01032739,City of London 001F,Suspect charged
deb350bb2f34a6bf9b385b93a6ee2c3e20ac7948ad878b40c8d57cf26c8e08cf,2015-02,City of London Police,City of London Police,-0.081938,51.513007,On or near LIME STREET,E01032739,City of London 001F,Investigation complete; no suspect identified
bff2d786ff179ac033d1cf1f762fcf30265fd3bd952086bbc5cec8add0f10bc1,2015-02,City of London Police,City of London Police,-0.084621,51.510200,On or near BOTOLPH LANE,E01032739,City of London 001F,Investigation complete; no suspect identified
c1bee1345ecc9c8bb51bf619d7eb3f2fecc0be6c91bd581edfef57ae711581ea,2015-02,City of London Police,City of London Police,-0.084967,51.512598,On or near BELL INN YARD,E01032739,City of London 001F,Investigation complete; no suspect identified
78d0a2a7971fe5032e126f2315dcf90bcbd8a0ba6de0d86685508ad162571159,2015-02,City of London Police,City of London Police,-0.102741,51.513885,On or near PAGEANTMASTER COURT,E01032740,City of London 001G,Offender given a caution
388a5500af8b0fe8f5726cf671c2d9405f6bc7ec6a1c9d7ff1d84769e069d7db,2015-02,City of London Police,City of London Police,-0.104281,51.516032,On or near BEAR ALLEY,E01032740,City of London 001G,Investigation complete; no suspect identified
dcdf110b1f6adc63ebafd3ca895b94d19856df1e5de7b70ebde4b3cb9d40d984,2015-02,City of London Police,City of London Police,-0.086550,51.512651,On or near BIRCHIN LANE,E01032739,City of London 001F,Investigation complete; no suspect identified
71f1682a42ceb9124961811194740adbb84c0748f13ad3c31668c5c55289b61d,2015-02,City of London Police,City of London Police,-0.080318,51.520678,On or near PRIMROSE STREET,E01032739,City of London 001F,Unable to prosecute suspect
909f0d7b4cd84ee8c0beb75873777bdeee09aaceb530334c0e7ffa57e1e4990f,2015-02,City of London Police,City of London Police,-0.076044,51.512650,On or near INDIA STREET,E01000005,City of London 001E,Investigation complete; no suspect identified
f51a3d1e39023e0ace2bebcc89aca3bdb3e558b3730b8649ead7b94c2ab91593,2015-02,City of London Police,City of London Police,-0.101794,51.516207,On or near NEWGATE STREET,E01032740,City of London 001G,Investigation complete; no suspect identified
f7648acc19ecde2dd306ccc30572aed0bb6fc00fdcab771e5ba5e74607705072,2015-02,City of London Police,City of London Police,-0.111181,51.516476,On or near CURSITOR STREET,E01032740,City of London 001G,Investigation complete; no suspect identified
e8a08c44dcb0d5355bab05cae5b31c83a8582fa164efd6e4638c352bf63c3737,2015-02,City of London Police,City of London Police,-0.084618,51.512682,On or near GRACECHURCH STREET,E01032739,City of London 001F,Investigation complete; no suspect identified
b6bfe5269e0a97ffefa4eec298c7701c53c6bd7e029d6800bf0cf7d4d6c853f8,2015-02,City of London Police,City of London Police,-0.077300,51.512607,On or near CARLISLE AVENUE,E01032739,City of London 001F,Suspect charged
a3d6e0402585a5550473e527b515ffbf70eaf8f67210c3c4ee585106c3e23182,2015-02,City of London Police,City of London Police,-0.084618,51.512682,On or near GRACECHURCH STREET,E01032739,City of London 001F,Suspect charged
4e6b0075e1d859b3954a5dd7580ec0bd1bd41a9967db59cc5b44bcd52569b634,2015-02,City of London Police,City of London Police,-0.084768,51.512882,On or near CORBET COURT,E01032739,City of London 001F,Investigation complete; no suspect identified
1796985e7e49630647d236429949c2830355c50c0b7409c3a887a58244a6eab0,2015-02,City of London Police,City of London Police,,,No location,,,Investigation complete; no suspect identified
9fc76aa0263805260bf36cb771cd0f33810caa794b5a6a59793c66eb1f7a9a95,2015-02,City of London Police,City of London Police,-0.078856,51.518433,On or near ARTILLERY LANE,E01032739,City of London 001F,Unable to prosecute suspect
de7b80515f64d16e9bdeb0cf1f92228aa6b77247ed49c7e12b679fa94d025ffb,2015-02,City of London Police,City of London Police,-0.085173,51.518680,On or near FINSBURY AVENUE,E01032739,City of London 001F,Investigation complete; no suspect identified
e6e7bcce77fdeac85ecddf17a4207ef60d086f3604996a5fb2cab03c517cfcb5,2015-02,City of London Police,City of London Police,-0.086764,51.510307,On or near FISH STREET HILL,E01032739,City of London 001F,Investigation complete; no suspect identified
5c4e8c18745684ed5f184fb642b0ad44ae07f1a1117a2e87a0a38e95c89563e5,2015-02,City of London Police,City of London Police,-0.088233,51.515484,On or near TOKENHOUSE YARD,E01032739,City of London 001F,Investigation complete; no suspect identified
cf6054bc6e3f9e76263b536abdb3b53d232e87de594aeb31a2f2cd69087ed488,2015-02,City of London Police,City of London Police,-0.083993,51.511440,On or near PHILPOT LANE,E01032739,City of London 001F,Investigation complete; no suspect identified
31a95fa9f1e466f8b363db9ad8a26390e697b46056385013895918ca33227d6e,2015-02,City of London Police,City of London Police,-0.097277,51.515307,On or near ST MARTIN'S LE GRAND,E01000001,City of London 001A,Suspect charged
59ad537d9ae11191a1489a7dd692c9dc4250d6519cc023990f14db91161b1ac3,2015-02,City of London Police,City of London Police,-0.079875,51.510995,On or near HART STREET,E01032739,City of London 001F,Investigation complete; no suspect identified
cb4879b92e6f38551a42cca34fc42d5574068b1422f6f4ea51e2b6f72d0d1680,2015-02,City of London Police,City of London Police,-0.102741,51.513885,On or near PAGEANTMASTER COURT,E01032740,City of London 001G,Unable to prosecute suspect
7d25be253d11fee2a2e41fe767a1dec8f4a2ddba22fc8fb03cb57ea8339eb2ac,2015-02,City of London Police,City of London Police,-0.078308,51.518091,On or near WIDEGATE STREET,E01032739,City of London 001F,Investigation complete; no suspect identified
a6cf20707cf05b72f71d7f8b44d9632507e4c7f069af8d142a887d6c798f41b4,2015-02,City of London Police,City of London Police,-0.080318,51.520678,On or near PRIMROSE STREET,E01032739,City of London 001F,Investigation complete; no suspect identified
49410b58d62f77430aeb252faa3e707f9edf5c9b0dd13d92f6adc960cc8783d1,2015-02,City of London Police,City of London Police,-0.083296,51.517058,On or near OLD BROAD STREET,E01032739,City of London 001F,Suspect charged
1d466d18581980b13400a6cd8dfb417f6b8fd5846c38f2706a99011dc42a6e55,2015-02,City of London Police,City of London Police,-0.082571,51.514753,On or near GREAT ST HELEN'S,E01032739,City of London 001F,Unable to prosecute suspect
f0ecc1bd64238f8a700599f5b638b1c2b4b1d513aa99af047ab9d4a7608aa203,2015-02,City of London Police,City of London Police,-0.101055,51.513552,On or near CREED LANE,E01032739,City of London 001F,Offender given a drugs possession warning
d6ebd569c6f7ac06a5e38633962c75f5a2b1bb7e1e2cd869562cee9a8b71bcab,2015-02,City of London Police,City of London Police,-0.079786,51.517576,On or near Police Station,E01032739,City of London 001F,Investigation complete; no suspect identified
65e8ccab675fc69683843ae12c41f90e1154e5604999a4ecb4084eaaa8d6ff21,2015-02,City of London Police,City of London Police,-0.100884,51.516966,On or near Hospital,E01032740,City of London 001G,Investigation complete; no suspect identified
121b3b173134fef5781b79103f6fd45b94316acf3456723f9360cd78eca721b6,2015-02,City of London Police,City of London Police,-0.082571,51.514753,On or near GREAT ST HELEN'S,E01032739,City of London 001F,Suspect charged
121e26edd93005a506678cbcd9bf414da304153a8014c42b1ee326ffdb9eecec,2015-02,City of London Police,City of London Police,-0.086051,51.513569,On or near FINCH LANE,E01032739,City of London 001F,Investigation complete; no suspect identified
6c08e6ca20f03211a1faa5c9a8326b75880d7d42de237442b7c42cda7fcd9290,2015-02,City of London Police,City of London Police,-0.109826,51.516814,On or near NORWICH STREET,E01032740,City of London 001G,Unable to prosecute suspect
a6e719a6440abeb3b2658d5dfa5ca5dcaa9291226408ccb93c3bf2972bd5d916,2015-02,City of London Police,City of London Police,-0.082571,51.514753,On or near GREAT ST HELEN'S,E01032739,City of London 001F,Offender given a drugs possession warning
57a7a348bff53d8bb5dd89e71f9413e8782c5159d45324531f539cdab7ff17dd,2015-02,City of London Police,City of London Police,-0.080034,51.513389,On or near LEADENHALL STREET,E01032739,City of London 001F,Investigation complete; no suspect identified
073ce0368c5e0143d27ef5d710570a63860931da0e1f82bc13efe7fb70a6ab2a,2015-02,City of London Police,City of London Police,-0.104494,51.509848,On or near A201,E01032739,City of London 001F,Offender given a drugs possession warning
3bfe16695ffe482b7dfb7d4c125e7a9b884afd68be6a69a81ff294b99af54bd9,2015-02,City of London Police,City of London Police,-0.081580,51.520510,On or near PINDAR STREET,E01032739,City of London 001F,Investigation complete; no suspect identified
f3a5d9c7151b3219f6e7ef05e3a6edec28703b8b055cd5a5f5ea87cbd1c83491,2015-02,City of London Police,City of London Police,-0.074210,51.511711,On or near PORTSOKEN STREET,E01000005,City of London 001E,Unable to prosecute suspect
b739e2cf577c5c28a5299c5a244e04c9b2d0a7b8695ad159ad14126423049f7d,2015-02,City of London Police,City of London Police,-0.082571,51.514753,On or near GREAT ST HELEN'S,E01032739,City of London 001F,Unable to prosecute suspect
7e70fce65ac861bea16abd569a28d0f039ea4aae7812fb89a886f6e56ee16301,2015-02,City of London Police,City of London Police,-0.096363,51.513377,On or near NEW CHANGE,E01032739,City of London 001F,Suspect charged
6f84c71fab60f0d93c73fc5d821dc79e3f6d544e15259853f8ae21041958fd06,2015-02,City of London Police,City of London Police,-0.106357,51.512549,On or near TUDOR STREET,E01032740,City of London 001G,Investigation complete; no suspect identified
49d9efda7c032f056aa9682f6d4709430cdd113bc1b289cb5cdee802064fe744,2015-02,City of London Police,City of London Police,-0.088621,51.518619,On or near MOORFIELDS,E01000002,City of London 001B,Suspect charged
fd64770639c8d3571051bd9037c258742bac352b96c09003a46a91e89c176af0,2015-02,City of London Police,City of London Police,-0.079444,51.512678,On or near FENCHURCH BUILDINGS,E01032739,City of London 001F,Suspect charged
c8e3e735301b35ef0d31935bce3d97804c5869ec012782d7655edd475250f199,2015-02,City of London Police,City of London Police,-0.080318,51.520678,On or near PRIMROSE STREET,E01032739,City of London 001F,Investigation complete; no suspect identified
20e157c8da479a8c78db559d14a42832b38bcb171f1b79bdc60cd1608992e7e0,2015-02,City of London Police,City of London Police,-0.088393,51.511332,On or near ABCHURCH LANE,E01032739,City of London 001F,Investigation complete; no suspect identified
4e84b94caf1e8fa27d456ab012ff8b74f0f882a93746a64b9be6e3c01c2038fa,2015-02,City of London Police,City of London Police,-0.083755,51.514358,On or near THREADNEEDLE STREET,E01032739,City of London 001F,Investigation complete; no suspect identified
696a2622642232d136437b028f2fdbd201e03f0656107dbcd63ddb3824014678,2015-02,City of London Police,City of London Police,-0.086278,51.509876,On or near FISH STREET HILL,E01032739,City of London 001F,Unable to prosecute suspect
d42c0d3d617d7b80cf436a7ec8db56c2d7c0f148e8c58e4e9a8d5a45edadabac,2015-02,City of London Police,City of London Police,-0.093845,51.518462,On or near Park/Open Space,E01000002,City of London 001B,Suspect charged
12c724c5dbe1a1bea05651393b3180ee7d35771e0b24bc3de43b438b7aeacfb6,2015-02,City of London Police,City of London Police,-0.084967,51.512598,On or near BELL INN YARD,E01032739,City of London 001F,Suspect charged
91bf59c381b95dfdd13bf32e5a67ac5c599b3c08d9db32ba2522eb3656938582,2015-02,City of London Police,City of London Police,-0.104281,51.516032,On or near BEAR ALLEY,E01032740,City of London 001G,Investigation complete; no suspect identified
6b51fba7fe19d4ac02283eddb2835ba563cea53042a15c987ec86dc0ff1fa43f,2015-02,City of London Police,City of London Police,-0.083993,51.511440,On or near PHILPOT LANE,E01032739,City of London 001F,Investigation complete; no suspect identified
6d54bd6ce888aa4e017f6e59be6fd55ca171ba6c3b25a8d92c175530b5527174,2015-02,City of London Police,City of London Police,-0.090985,51.516886,On or near BASINGHALL AVENUE,E01032739,City of London 001F,Suspect charged
b9164d88050362b9091ce98f56aca5e77538a64f1e214fc1f10213a51d29b658,2015-02,City of London Police,City of London Police,-0.087760,51.517149,On or near LONDON WALL,E01032739,City of London 001F,Investigation complete; no suspect identified
ca2b43fe51b4f84aeb30bc9add4562f4ad02333de2b70494a471fe9e12681377,2015-02,City of London Police,City of London Police,-0.083993,51.511440,On or near PHILPOT LANE,E01032739,City of London 001F,Unable to prosecute suspect
f3c4d93868807e4f5665652bd50133f9451553d4ffb8458d96901ee4703231dc,2015-02,City of London Police,City of London Police,-0.096363,51.513377,On or near NEW CHANGE,E01032739,City of London 001F,Investigation complete; no suspect identified
0379cb2f4216f449452ac974ef598d75135c226fcaffafaf255ead3079e1136b,2015-02,City of London Police,City of London Police,-0.107147,51.517130,On or near ST ANDREW STREET,E01032740,City of London 001G,Investigation complete; no suspect identified
74f9a8f954ce84475f71532fa9bc1dba6b590328cacdd520a69a25647cbfd5f1,2015-02,City of London Police,City of London Police,-0.073065,51.511180,On or near GOODMAN'S YARD,E01000005,City of London 001E,Investigation complete; no suspect identified
3d62a7c6b84b3c96d5e33d91970c29c48d477f7c3b80bc97a061f5888fbebc9c,2015-02,City of London Police,City of London Police,-0.078856,51.518433,On or near ARTILLERY LANE,E01032739,City of London 001F,Investigation complete; no suspect identified
7ce10db0dd69a213f0cb78e72f8ae9f8dd0152f2aa0c31b849b7bf478594ee4a,2015-02,City of London Police,City of London Police,-0.096900,51.510868,On or near BROKEN WHARF,E01032739,City of London 001F,Unable to prosecute suspect
902c65a85dd1b42431bb6894a3f5cdbe87c9354d850d63ae93b8339f7dda406a,2015-02,City of London Police,City of London Police,-0.096846,51.511478,On or near LAMBETH HILL,E01032739,City of London 001F,Investigation complete; no suspect identified
8ea7d09b4a9ecee52b5c54bd744775276f4a6a2a7b930bfae84f66708c9586c2,2015-02,City of London Police,City of London Police,-0.097334,51.521567,On or near FANN STREET,E01000001,City of London 001A,Investigation complete; no suspect identified
b6168df31ec2301409bdc36433aa34958f1b406227e07671be30c2cae6e8cd2b,2015-02,City of London Police,City of London Police,-0.089536,51.516719,On or near NUN COURT,E01032739,City of London 001F,Investigation complete; no suspect identified
7849f8aed124373dd96ad1ca2401b7eeea9fe9929a0def93623bb9d54b891e78,2015-02,City of London Police,City of London Police,-0.091720,51.513454,On or near Supermarket,E01032739,City of London 001F,Offender given a caution
c2d6579b7d855d84d894622da33a400b353ebb6396561663af89d0293c01b50d,2015-02,City of London Police,City of London Police,-0.095960,51.517534,On or near LONDON WALL,E01000001,City of London 001A,Suspect charged
23ce3f51a86c813b19053497544ed667e7664a3dd95af5a3ba4ccacaa063ec38,2015-02,City of London Police,City of London Police,-0.084618,51.512682,On or near GRACECHURCH STREET,E01032739,City of London 001F,Suspect charged
4ca033472eb4efd627e4ea9b43a69535fa03a9399e4640c7d10d088e1c5bcf30,2015-02,City of London Police,City of London Police,-0.087763,51.516393,On or near COPTHALL AVENUE,E01032739,City of London 001F,Investigation complete; no suspect identified
bf5099cf2da8b75e1d78ca31ba55432ce28e98928ce2fd612b1c6c11e95d34b1,2015-02,City of London Police,City of London Police,-0.100884,51.516966,On or near Hospital,E01032740,City of London 001G,Investigation complete; no suspect identified
d4fc4d96586a0f13e3de74f37d2cf80337d38c7d4165879926753810a48c2405,2015-02,City of London Police,City of London Police,-0.083972,51.510549,On or near LOVAT LANE,E01032739,City of London 001F,Investigation complete; no suspect identified
a562d45423ff1b9d99ad63ec4898d730c82e87b239ecab5aa44fa31685e0609c,2015-02,City of London Police,City of London Police,-0.077777,51.518046,On or near SANDY'S ROW,E01032739,City of London 001F,Investigation complete; no suspect identified
2975425b05f001f9c93153bb30e226c996f0ddb7a6be166cf68714f23f0d957e,2015-02,City of London Police,City of London Police,-0.090710,51.513132,On or near QUEEN VICTORIA STREET,E01032739,City of London 001F,Unable to prosecute suspect
d35105f34431dfab4933b032a138d1a51725723e9aa9797e0088706879eede06,2015-02,City of London Police,City of London Police,-0.080318,51.520678,On or near PRIMROSE STREET,E01032739,City of London 001F,Investigation complete; no suspect identified
a763920b5a4b651c1cf56e8cbac19d58a3ef0c124cfc1a1b81b612384243556c,2015-02,City of London Police,City of London Police,-0.090348,51.519358,On or near MOOR LANE,E01000002,City of London 001B,Investigation complete; no suspect identified
5e12c6e356d7099e1f53145016e004b3081d6f8bad6cbc69056489883450e73d,2015-02,City of London Police,City of London Police,-0.101452,51.512650,On or near ST ANDREW'S HILL,E01032739,City of London 001F,Investigation complete; no suspect identified
902f3f985ae9ad97bb06d7c0e8a209032a9cf2baa9bc91b5311c24d532e7140a,2015-02,City of London Police,City of London Police,-0.082913,51.513463,On or near LEADENHALL STREET,E01032739,City of London 001F,Offender given a caution
992ea8736f4ff9945348d00d45cfecd3b65ce5b32dfffa97a5a755fe9a3004f4,2015-02,City of London Police,City of London Police,-0.079283,51.511021,On or near SEETHING LANE,E01032739,City of London 001F,Investigation complete; no suspect identified
8f40d3c14a5550ea12705f0010579251c8f8010302dd73b7f3be30b7a651e671,2015-02,City of London Police,City of London Police,-0.097223,51.515225,On or near ST MARTIN'S LE GRAND,E01000001,City of London 001A,Investigation complete; no suspect identified
81398a33a840da78f956f0db07cf41f58fe8ac12050f5ae4a3a1f1d435aa2c11,2015-02,City of London Police,City of London Police,-0.076095,51.512462,On or near VINE STREET,E01000005,City of London 001E,Suspect charged
c2ee2f3eacfc2f1426097fc846f04fc8588fbe7c04c54ad1a635c2d6199d482b,2015-02,City of London Police,City of London Police,-0.102721,51.515404,On or near ST GEORGES'S COURT,E01032740,City of London 001G,Investigation complete; no suspect identified
9edd9622e3fe315737523f1e7a4c9d336f053c539a82ae3eed72fdc0d89af02a,2015-02,City of London Police,City of London Police,-0.084618,51.512682,On or near GRACECHURCH STREET,E01032739,City of London 001F,Investigation complete; no suspect identified
59e994685bdf9d374e67b62a453ff59f251df1b2528384ab6f2c3b8dd5de7038,2015-02,City of London Police,City of London Police,-0.074330,51.513647,On or near LITTLE SOMERSET STREET,E01000005,City of London 001E,Investigation complete; no suspect identified
0c99c4d3161b3a4f2ed65a517466a06b353bf2f4042ff08bfec184249518cbf3,2015-02,City of London Police,City of London Police,-0.091440,51.519807,On or near SILK STREET,E01000002,City of London 001B,Suspect charged
49124a3576b19406f5fe8720da600aaed00625576ed40362bbd94d213801fa20,2015-02,City of London Police,City of London Police,-0.078856,51.518433,On or near ARTILLERY LANE,E01032739,City of London 001F,Investigation complete; no suspect identified
67639e9118aa2ba4c917dde8dafcf0a93457f8bf8bd9125251815592d8746b50,2015-02,City of London Police,City of London Police,-0.103419,51.514921,On or near LIMEBURNER LANE,E01032740,City of London 001G,Unable to prosecute suspect
e3b63eab8c9f60a6bab6acc332a27d52809ff2f7edf168ba59fa068bb0bf0da8,2015-02,City of London Police,City of London Police,-0.079786,51.517576,On or near Police Station,E01032739,City of London 001F,Investigation complete; no suspect identified
76e5c604c4b4a53302aab095a448ea6544b2a4ef671a6bdb21388a0351eb8470,2015-02,City of London Police,City of London Police,-0.111132,51.512420,On or near MIDDLE TEMPLE LANE,E01032740,City of London 001G,Unable to prosecute suspect
5c459f8135230d0ca935e79bd113eb882934aa25e63bc9df1766c68e625541b6,2015-02,City of London Police,City of London Police,-0.100179,51.514158,On or near Shopping Area,E01032739,City of London 001F,Unable to prosecute suspect
2f284d20f5037a05869a1e4a740ff0929a7c862428c65b11b250282d057633d7,2015-02,City of London Police,City of London Police,-0.083296,51.517058,On or near OLD BROAD STREET,E01032739,City of London 001F,Investigation complete; no suspect identified
6e207f9c803809bf3ca01e2fddb110bcc14f738b328d237f61cc85df53b58232,2015-02,City of London Police,City of London Police,-0.082512,51.512387,On or near LIME STREET,E01032739,City of London 001F,Investigation complete; no suspect identified
eaf2405cc1d41f39502142cfdd08d5371eb6d8caa736fd17596efb3114766c77,2015-02,City of London Police,City of London Police,-0.100179,51.514158,On or near Shopping Area,E01032739,City of London 001F,Investigation complete; no suspect identified
f99d66fdad24673aa584186072f7ace7bf6d17de68df45889cd93bd6f6aaf6a9,2015-02,City of London Police,City of London Police,-0.111242,51.516738,On or near TOOK'S COURT,E01032740,City of London 001G,Investigation complete; no suspect identified
3215489c0ab3c583d0c1e57045adfca61540a245a85a1ce88a8345c1ae354218,2015-02,City of London Police,City of London Police,-0.084768,51.512882,On or near CORBET COURT,E01032739,City of London 001F,Unable to prosecute suspect
723436c260d1e268e68dd88f4c62d9c0b13bf05d2d55bf3e5b1c06f0382dd8a2,2015-02,City of London Police,City of London Police,-0.080244,51.511828,On or near MARK LANE,E01032739,City of London 001F,Investigation complete; no suspect identified
e0197bc17fa436cc67b5d2acf34428465f76560f454306242ed8270bf0ed08a3,2015-02,City of London Police,City of London Police,-0.091440,51.519807,On or near SILK STREET,E01000002,City of London 001B,Suspect charged
3163411b219c2ba9a0a3cc4e552c5b5e0bd39fe6804f778121d43b24baea4bbc,2015-02,City of London Police,City of London Police,-0.094582,51.517376,On or near Parking Area,E01000002,City of London 001B,Investigation complete; no suspect identified
cb4ad56f8b7be1b8af309ccb36d2b620f3296c8d7ac3cf93f927d20458004f93,2015-02,City of London Police,City of London Police,-0.094720,51.514420,On or near WOOD STREET,E01032739,City of London 001F,Suspect charged
a7f2de626f50ef92aeaad60ba1bc18b803dc1c6c4afa2b7d6f5acc500d9d1d23,2015-02,City of London Police,City of London Police,-0.087760,51.517149,On or near LONDON WALL,E01032739,City of London 001F,Investigation complete; no suspect identified
2a81cd8e59166567c20a0208eae83cc7c703a1901f91f5e87e14143340712239,2015-02,City of London Police,City of London Police,-0.083993,51.511440,On or near PHILPOT LANE,E01032739,City of London 001F,Unable to prosecute suspect
5fa32920423906e98192f76d56ee8e0edb40bd80f6c5412a440acda434e66435,2015-02,City of London Police,City of London Police,-0.110735,51.517836,On or near Further/Higher Educational Building,E01032740,City of London 001G,Offender given a caution
d5fff49f68d365be1759a8d46ccc377569b782f488ecb233ed2f3cef63ad9511,2015-02,City of London Police,City of London Police,-0.082965,51.516351,On or near WORMWOOD STREET,E01032739,City of London 001F,Unable to prosecute suspect
38a3c9113adb5730ac9b758827aadf3340c6f4b4c4c62a9b297dcc80da08ae64,2015-02,City of London Police,City of London Police,-0.100884,51.516966,On or near Hospital,E01032740,City of London 001G,Investigation complete; no suspect identified
a3be5fbe0025630ecfce02a10d6df63db484d89f5397c22f8c4603b6c30ab24a,2015-02,City of London Police,City of London Police,-0.094628,51.514203,On or near CHEAPSIDE,E01032739,City of London 001F,Investigation complete; no suspect identified
ba7148f08b2f10ad1aed91b20693cd8dca9b3b638cb608b7d4483580d0c10757,2015-02,City of London Police,City of London Police,-0.097210,51.523156,On or near BALTIC STREET WEST,E01033490,Islington 022H,Investigation complete; no suspect identified
86b30eb1e0ed7bc825ce4908a088eb1fb651a271652aa3e5ee4eb78f512dc443,2015-02,City of London Police,City of London Police,-0.094464,51.512959,On or near WATLING COURT,E01032739,City of London 001F,Unable to prosecute suspect
582f24a77b639b724e51bb5aa1184779aefb20d56e537ece0fd83e266e27ebca,2015-02,City of London Police,City of London Police,-0.102741,51.513885,On or near PAGEANTMASTER COURT,E01032740,City of London 001G,Offender given a caution
76c1023618432992bf59e2ce9fe6af7246f36bf666a4071a7b6ceb8705e1662b,2015-02,City of London Police,City of London Police,-0.088621,51.518619,On or near MOORFIELDS,E01000002,City of London 001B,Investigation complete; no suspect identified
f87429f962d91ca07d0643ec95ef8643fe9da3c8386a0fadb843fb1d5705e63a,2015-02,City of London Police,City of London Police,-0.083086,51.511407,On or near ROOD LANE,E01032739,City of London 001F,Formal action is not in the public interest
6b795c5746c9e88a1f287c17a4dcedaa46a15142da8fb3be0781426ccc9422de,2015-02,City of London Police,City of London Police,-0.104621,51.512692,On or near Supermarket,E01032740,City of London 001G,Investigation complete; no suspect identified
0ce5d0468e9b19d00077cd5020e3fd4789c456993ea03b3430d97ab1aee77287,2015-02,City of London Police,City of London Police,-0.090985,51.516886,On or near BASINGHALL AVENUE,E01032739,City of London 001F,Unable to prosecute suspect
5314581d63d3cd4f431ace2513bb8c593fc73f4712d9b7d728421fab34cef300,2015-02,City of London Police,City of London Police,-0.082913,51.513463,On or near LEADENHALL STREET,E01032739,City of London 001F,Investigation complete; no suspect identified
5dce249480e8360674b67690889942a3b5f4a92c8a85eb4f1839c23139f67f0b,2015-02,City of London Police,City of London Police,-0.101794,51.516207,On or near NEWGATE STREET,E01032740,City of London 001G,Suspect charged
a23651d9a8a5a539f2b9b29a9832ca7a6cc83812fb8f9ea7b68df68484663247,2015-02,City of London Police,City of London Police,-0.083993,51.511440,On or near PHILPOT LANE,E01032739,City of London 001F,Investigation complete; no suspect identified
8b4c653220cb6ca33247bf2c21d00fbd118169ccdafd0b7778498a7f7527f54e,2015-02,City of London Police,City of London Police,-0.096561,51.514513,On or near CHEAPSIDE,E01032739,City of London 001F,Investigation complete; no suspect identified
5754acf6e7a8315726aa757a03cef73465eda1d4138e997c2e110779a72ef8cb,2015-02,City of London Police,City of London Police,-0.076080,51.511445,On or near AMERICA SQUARE,E01000005,City of London 001E,Investigation complete; no suspect identified
a7df8f1c34b0f13fb0a2bac76b2e3e42592bd6d546ac10a9eb15f8e71cb05504,2015-02,City of London Police,City of London Police,-0.084095,51.516900,On or near NEW BROAD STREET,E01032739,City of London 001F,Offender given a drugs possession warning
834b8dd6593fcad2958570c15de9c854033a5a7db458b6ab187e2d606caf2293,2015-02,City of London Police,City of London Police,-0.110735,51.517836,On or near Further/Higher Educational Building,E01032740,City of London 001G,Investigation complete; no suspect identified
ccdc1e96302a46122c13fe23b25a3d93dfcb24432318d43a2ba2c02f87e84c20,2015-02,City of London Police,City of London Police,-0.086051,51.513569,On or near FINCH LANE,E01032739,City of London 001F,Investigation complete; no suspect identified
3a91e46cb346eedc6f7c8448210dd194ce6bd1a74bae7af9a72f20895ffccd62,2015-02,City of London Police,City of London Police,-0.092628,51.517920,On or near ST ALPHAGE GARDEN,E01000002,City of London 001B,Offender given a caution
02dca5b713065681f71a58e67a71bd8ef23f27acbffcfbe65b0c81e37b0005a3,2015-02,City of London Police,City of London Police,-0.096363,51.513377,On or near NEW CHANGE,E01032739,City of London 001F,Investigation complete; no suspect identified
a2a6b1c8beb16a9c1578ce9e5c51188bba846ce80b1fc0d3ecfb09114915291c,2015-02,City of London Police,City of London Police,-0.079398,51.516508,On or near DEVONSHIRE SQUARE,E01032739,City of London 001F,Investigation complete; no suspect identified
52ab6df15a40dd9820deada81a6019ea88108d03ca1f13212d7dd8c938169123,2015-02,City of London Police,City of London Police,-0.074210,51.511711,On or near PORTSOKEN STREET,E01000005,City of London 001E,Investigation complete; no suspect identified
185578965950ba16b202dbe23762aee7a7b5afb9645757452d1edb10925e99d6,2015-02,City of London Police,City of London Police,-0.084618,51.512682,On or near GRACECHURCH STREET,E01032739,City of London 001F,Suspect charged
f10eeade3985d6785fa925c4b1f14880ad321c17c84bc7d8704c11ce3db169f8,2015-02,City of London Police,City of London Police,-0.086166,51.510828,On or near EASTCHEAP,E01032739,City of London 001F,Suspect charged
e7281260ff99b5897d182e4cb83b8097f47b401be66f76e1313a319c99d0c0f7,2015-02,City of London Police,City of London Police,-0.097562,51.518864,On or near Parking Area,E01000001,City of London 001A,Investigation complete; no suspect identified
a6bc65e8aebfadb957c8e14024151870d0478b5a8a59f90abafc98944611f00e,2015-02,City of London Police,City of London Police,-0.078393,51.515728,On or near CLOTHIER STREET,E01000005,City of London 001E,Investigation complete; no suspect identified
e85dd0d8523d65ee1cea37eaf4b75bb9658239ba737e34294deeffa89d574c3b,2015-02,City of London Police,City of London Police,-0.112519,51.517568,On or near SOUTHAMPTON BUILDINGS,E01032740,City of London 001G,Investigation complete; no suspect identified
3d76e2a363fb678842b7bfa43723794db3ed91b8ed1847e3edfa903ceabcae44,2015-02,City of London Police,City of London Police,-0.087760,51.517149,On or near LONDON WALL,E01032739,City of London 001F,Investigation complete; no suspect identified
bba05e6fbcb3812182c374e38a573708b4808f17467f7bfaa11036c2a21a5760,2015-02,City of London Police,City of London Police,-0.083618,51.517288,On or near BROAD STREET AVENUE,E01032739,City of London 001F,Investigation complete; no suspect identified
3fbb54bb0ca74ed8bdc58f1bcc97936758baf215ef97c1481e5b48b9908aec4d,2015-02,City of London Police,City of London Police,-0.086764,51.510307,On or near FISH STREET HILL,E01032739,City of London 001F,Unable to prosecute suspect
71e6e4ab2ef7a3eb48a2050395b36e0d905714bff5c0f8d33596caaea1f3b4cc,2015-02,City of London Police,City of London Police,-0.085173,51.518680,On or near FINSBURY AVENUE,E01032739,City of London 001F,Investigation complete; no suspect identified
28225bd400a25787d3a3c4a73964cb70477839fd5e2f4fcc6ed388a562078787,2015-02,City of London Police,City of London Police,-0.074793,51.511208,On or near Pedestrian Subway,E01000005,City of London 001E,Offender given penalty notice
ca8cd790b96c2066b5e3a19136a7766901d061c5497c4b49bcba1d670270b107,2015-02,City of London Police,City of London Police,-0.084967,51.512598,On or near BELL INN YARD,E01032739,City of London 001F,Offender given penalty notice
e47e9520e0dd0072a05c91f8504388f80e0bdbc1cc161f1194066b4df8812dba,2015-02,City of London Police,City of London Police,-0.082913,51.513463,On or near LEADENHALL STREET,E01032739,City of London 001F,Investigation complete; no suspect identified
27355c8f20493cd91c9bcb84d431c47bf959dbcdbcbff01e6fe086ebe13829e4,2015-02,City of London Police,City of London Police,-0.081281,51.512528,On or near FENCHURCH AVENUE,E01032739,City of London 001F,Investigation complete; no suspect identified
b7589e090d746b4a2137a3055831cb0158a0c82a17126e1db1aa96ae8bbd7d2e,2015-02,City of London Police,City of London Police,-0.112939,51.518231,On or near SOUTHAMPTON BUILDINGS,E01032740,City of London 001G,Investigation complete; no suspect identified
cdc955d880724119b43d194d1392d8c9f995ba0e7d99b026eed7bcde87ca2c25,2015-02,City of London Police,City of London Police,-0.102380,51.517728,On or near HOSIER LANE,E01032740,City of London 001G,Investigation complete; no suspect identified
bc0cffe3e4d6ee975735f0336b5f3f1c2fac73bb633d72f714c0eba47506846f,2015-02,City of London Police,City of London Police,-0.077694,51.513171,On or near ALDGATE,E01032739,City of London 001F,Investigation complete; no suspect identified
e0985f952e5f5aa10b310d4dc7e6e30c6b2fca09ed7ba48ed55fe2cd9de39cc9,2015-02,City of London Police,City of London Police,-0.110471,51.517265,On or near FURNIVAL STREET,E01032740,City of London 001G,Unable to prosecute suspect
1f6195463d10c8d90b62aa3a2a39d809a5582f308e3108a8dbf484d482082614,2015-02,City of London Police,City of London Police,-0.082571,51.514753,On or near GREAT ST HELEN'S,E01032739,City of London 001F,Suspect charged
6ce57ecd3f4088ff9202f8e9f6271593af39651a58e3312459c04f5c9ae82734,2015-02,City of London Police,City of London Police,-0.085355,51.510563,On or near PUDDING LANE,E01032739,City of London 001F,Suspect charged
6f7b32addf20527d0d5ea0dc4d49e2a589e75e80e3759d4a0c0f077309215722,2015-02,City of London Police,City of London Police,-0.080318,51.520678,On or near PRIMROSE STREET,E01032739,City of London 001F,Investigation complete; no suspect identified
8a400b7ce3fe752ab29f8a1c553e3a8738a000e0477f99bc4a354063be951feb,2015-02,City of London Police,City of London Police,-0.096075,51.514766,On or near FOSTER LANE,E01032739,City of London 001F,Investigation complete; no suspect identified
28715ea96f7f783fd98720ec4e98e75fee4c89fb0cb0d502b3dc8d1b1c8d3103,2015-02,City of London Police,City of London Police,-0.088995,51.512088,On or near ST SWITHIN'S LANE,E01032739,City of London 001F,Suspect charged
81859456c9c1f5e5853859234d87f6649708bfb1cd4bfa490541a8393b3b8139,2015-02,City of London Police,City of London Police,-0.089451,51.517032,On or near Bus/Coach Station,E01032739,City of London 001F,Suspect charged
2d290277b4112326a619e0b8d6e402ba9e03dc9234dfcb6a31ed49666ea58035,2015-02,City of London Police,City of London Police,-0.084566,51.517690,On or near BLOMFIELD STREET,E01032739,City of London 001F,Investigation complete; no suspect identified
9bfb4554fdaf632d0d907ceb9732d87da86b03aadd99cb588bd86877e4bb61ec,2015-02,City of London Police,City of London Police,-0.101794,51.516207,On or near NEWGATE STREET,E01032740,City of London 001G,Investigation complete; no suspect identified
38b245185d446747ff0ec1089e3a8bb83f09c5584c3c26afb62f8c9a0b19ad6b,2015-02,City of London Police,City of London Police,-0.090985,51.516886,On or near BASINGHALL AVENUE,E01032739,City of London 001F,Unable to prosecute suspect
18e56cdfc41bdcc5ff02cc58f9719d24bfd131cef004dec82bc7df62b3400b81,2015-02,City of London Police,City of London Police,-0.093398,51.512951,On or near WATLING STREET,E01032739,City of London 001F,Investigation complete; no suspect identified
5740b7532f449da27b4e2ac3377a96cfb5a70a46afa3a9f63cd6bcbf3779e5f7,2015-02,City of London Police,City of London Police,-0.076592,51.514367,On or near Pedestrian Subway,E01000005,City of London 001E,Investigation complete; no suspect identified
10f39383a7eca0925fa1785a2bd2e25e98b6500dd62e78764267bb1ae0306162,2015-02,City of London Police,City of London Police,-0.092040,51.515087,On or near GRESHAM STREET,E01032739,City of London 001F,Investigation complete; no suspect identified
5142884a12db035ee85c3f8df41d69b9897a32579f048eb0b3698854560dde4b,2015-02,City of London Police,City of London Police,-0.087086,51.512596,On or near LOMBARD STREET,E01032739,City of London 001F,Investigation complete; no suspect identified
7c5e97be3157557352f8a8525f2889d2f18a418ad0309801a5a891ecc2e53056,2015-02,City of London Police,City of London Police,-0.088203,51.518262,On or near MOORGATE,E01032739,City of London 001F,Unable to prosecute suspect
f56102e334e521b03fc17bf43fbe7c7f874980f8ec8f5169c9fa1af8a0e3360a,2015-02,City of London Police,City of London Police,-0.088843,51.509532,On or near Parking Area,E01032739,City of London 001F,Investigation complete; no suspect identified
5dd61be2c2a353dda1ad23d03e56d7182b239077c2441dabd7513d5bcde612c7,2015-02,City of London Police,City of London Police,-0.087763,51.516393,On or near COPTHALL AVENUE,E01032739,City of London 001F,Investigation complete; no suspect identified
eb9635d97097112a0a60c73ee42ee2008e644df724109389296caac1a15d3615,2015-02,City of London Police,City of London Police,-0.080318,51.520678,On or near PRIMROSE STREET,E01032739,City of London 001F,Investigation complete; no suspect identified
a6b1c5e2270a651a4cfa5acbfcd4428681a051e1167e5bbbdc8fe85a5bef404b,2015-02,City of London Police,City of London Police,-0.084566,51.517690,On or near BLOMFIELD STREET,E01032739,City of London 001F,Investigation complete; no suspect identified
38710d332b9ee16fe96f50aeabd0fc1ec277e8bb50754862acc47921374aac21,2015-02,City of London Police,City of London Police,-0.077694,51.513171,On or near ALDGATE,E01032739,City of London 001F,Investigation complete; no suspect identified
0a4f13389b87ef009888c72be9fb3809e888ed75c4b231c7f11c948bd1ae7bce,2015-02,City of London Police,City of London Police,-0.085833,51.513952,On or near FINCH LANE,E01032739,City of London 001F,Investigation complete; no suspect identified
84fa26d948353195d9388c3218c28ddb68224bd08ae6d73b8faba574e831498d,2015-02,City of London Police,City of London Police,-0.079786,51.517576,On or near Police Station,E01032739,City of London 001F,Suspect charged
caef4ffe1e4e4f45ac44afb4761300f32c0eac4d4ebcde8e002656112464f95c,2015-02,City of London Police,City of London Police,-0.080376,51.517244,On or near Supermarket,E01032739,City of London 001F,Suspect charged
f1f2f0f40aef77ec680875b1f9ee8ff1dea1fef657d612ac8516cc17c1168e6d,2015-02,City of London Police,City of London Police,-0.098642,51.517146,On or near LITTLE BRITAIN,E01000001,City of London 001A,Investigation complete; no suspect identified
ca9b885ea1522ea34c098c611aabaaacac23b733ef7763425ec6fa8ee299b200,2015-02,City of London Police,City of London Police,-0.088075,51.512388,On or near KING WILLIAM STREET,E01032739,City of London 001F,Investigation complete; no suspect identified
4fddb6af6dfc900243eda63ade998f62db169c0342e79d14e2a430cb378aff03,2015-02,City of London Police,City of London Police,-0.096363,51.513377,On or near NEW CHANGE,E01032739,City of London 001F,Suspect charged
46684696f8d2aa06eb43583fdad3ba3dfca4ed90941ad5a37a2e98bc22a2e20a,2015-02,City of London Police,City of London Police,-0.100179,51.514158,On or near Shopping Area,E01032739,City of London 001F,Investigation complete; no suspect identified
def27c726770c3ee313769ddf55e4bab6a27bcaefb19428aaebcaf85b13537e3,2015-02,City of London Police,City of London Police,-0.102741,51.513885,On or near PAGEANTMASTER COURT,E01032740,City of London 001G,Investigation complete; no suspect identified
6d3249eb57b986c3bfab4035c72cdeb449e35e32d4cff96f9e0507505bb45d67,2015-02,City of London Police,City of London Police,-0.082913,51.513463,On or near LEADENHALL STREET,E01032739,City of London 001F,Investigation complete; no suspect identified
709f6afe1ede1cbbe643b9bf0dbc3b6e90f9415e25687580bfb100cab3a4e1bc,2015-02,City of London Police,City of London Police,-0.097929,51.521810,On or near GLASSHOUSE YARD,E01033490,Islington 022H,Investigation complete; no suspect identified
b80248975db8410f167ab6f9511d5f5d3d27ad628a3da36692b9aa737ee39556,2015-02,City of London Police,City of London Police,-0.096814,51.512952,On or near ST PAUL'S CHURCH YARD,E01032739,City of London 001F,Investigation complete; no suspect identified
6d54bd6ce888aa4e017f6e59be6fd55ca171ba6c3b25a8d92c175530b5527174,2015-02,City of London Police,City of London Police,-0.090985,51.516886,On or near BASINGHALL AVENUE,E01032739,City of London 001F,Suspect charged
e2d7a77cfc3f11bf65c837079407037dee5c7df08cdaf98794305b80d8c9deca,2015-02,City of London Police,City of London Police,-0.088621,51.518619,On or near MOORFIELDS,E01000002,City of London 001B,Investigation complete; no suspect identified
bb074e81dee3177cae4f495d7fda271821a1f1ac3612ef93fde48005ead9937c,2015-02,City of London Police,City of London Police,-0.085310,51.518511,On or near ELDON STREET,E01032739,City of London 001F,Investigation complete; no suspect identified
f7fa50f0b4c264065d8891e5f2c9205d1e3893433af9b06333e636f5313f7ef5,2015-02,City of London Police,City of London Police,-0.077451,51.515523,On or near WHITE KENNETT STREET,E01000005,City of London 001E,Investigation complete; no suspect identified
15ac30cd39fffd33954371f36638a9fb68bf1371b0f98d6d191c98d7aa55f4f9,2015-02,City of London Police,City of London Police,-0.079786,51.517576,On or near Police Station,E01032739,City of London 001F,Investigation complete; no suspect identified
6272bd693e0a239b977997fd5dca52e3577318bfe3bcdefef4d92a83911bd033,2015-02,City of London Police,City of London Police,-0.083296,51.517058,On or near OLD BROAD STREET,E01032739,City of London 001F,Unable to prosecute suspect
cf632ee5274b9360587f22f2af494b4ba847a20d1d0f40b56bb2f60ffd9b4514,2015-02,City of London Police,City of London Police,-0.077777,51.518046,On or near SANDY'S ROW,E01032739,City of London 001F,Unable to prosecute suspect
54fc2c45f2a326ecc3ea29d2dea93029e591cd2e85eb896c83dafe170ddedbe4,2015-02,City of London Police,City of London Police,-0.088995,51.512088,On or near ST SWITHIN'S LANE,E01032739,City of London 001F,Suspect charged
5cfd14558c33d81c6236ace6436ffa7f8645d5d610888d979d2ce824bea06d55,2015-02,City of London Police,City of London Police,-0.074793,51.511208,On or near Pedestrian Subway,E01000005,City of London 001E,Unable to prosecute suspect
d4c9b7f022a00a408ce9db645859aaf58296aa9039d7737649658c08c684e87d,2015-02,City of London Police,City of London Police,-0.089698,51.511812,On or near OXFORD COURT,E01032739,City of London 001F,Investigation complete; no suspect identified
4c3d18c5724664211711307cc51516e263e564b08699f1bb8aa5819d2750df5d,2015-02,City of London Police,City of London Police,,,No location,,,Unable to prosecute suspect
88f41dd3c698559d493aa29b993974312f535be4527219b3e8b7babdbfecc84d,2015-02,City of London Police,City of London Police,-0.080376,51.517244,On or near Supermarket,E01032739,City of London 001F,Suspect charged
bb94f4aa7ecbad7e407289104bebb1b54431decb1155fd36f27ed42933c6cbbf,2015-02,City of London Police,City of London Police,-0.099818,51.519017,On or near CLOTH FAIR,E01032740,City of London 001G,Investigation complete; no suspect identified
08ddde517d8573283363471a0a3fed60d18fac44b4419da210361efcc579fb99,2015-02,City of London Police,City of London Police,-0.085355,51.510563,On or near PUDDING LANE,E01032739,City of London 001F,Suspect charged
5ddf2e1602cc810dd37eef79bbbd20e6983ee88b74d672a98625cf5742f7fadd,2015-02,City of London Police,City of London Police,-0.086764,51.510307,On or near FISH STREET HILL,E01032739,City of London 001F,Investigation complete; no suspect identified
5318f2fed26d5c41a955be5be303259c5b1736adff10a8a0feaa37c5096d447c,2015-02,City of London Police,City of London Police,-0.096561,51.514513,On or near CHEAPSIDE,E01032739,City of London 001F,Suspect charged
b7966b6796125a7ef8b61f9a071e8e00b795a2e1b0dbad926790d1a86a031f27,2015-02,City of London Police,City of London Police,-0.085257,51.511200,On or near TALBOT COURT,E01032739,City of London 001F,Offender given penalty notice
09517625c2856268a3938b556c553218365bf099b1bf2f48ac2faee6c2fa6cf0,2015-02,City of London Police,City of London Police,-0.084566,51.517690,On or near BLOMFIELD STREET,E01032739,City of London 001F,Offender given a caution
bd8ab894ff245fc4d8cd21c7fa26a7b68675aa3a0e44da10c1259d07bbcae297,2015-02,City of London Police,City of London Police,-0.079011,51.509614,On or near Pedestrian Subway,E01032739,City of London 001F,Investigation complete; no suspect identified
5dd157d6f2bffa909fb075c95265098fb64e050b4a47307b01b86f1ad9933ec4,2015-02,City of London Police,City of London Police,-0.101074,51.515162,On or near WARWICK SQUARE,E01032739,City of London 001F,Offender given a drugs possession warning
f59b17a6b5a5b685c004995df065945976d759e78055c01c5499bbeebb7d8884,2015-02,City of London Police,City of London Police,-0.075508,51.514763,On or near Pedestrian Subway,E01000005,City of London 001E,Investigation complete; no suspect identified
da735e515b46da6480bff02155485f3b68f3fca120ca87205b3d6c9865a62350,2015-02,City of London Police,City of London Police,-0.099818,51.519017,On or near CLOTH FAIR,E01032740,City of London 001G,Investigation complete; no suspect identified
e6edb4d7790ec9ca8471912d4e98aa6a81ac2c27c59e34e0fb5e7c0be9737a3f,2015-02,City of London Police,City of London Police,-0.077224,51.516122,On or near Shopping Area,E01000005,City of London 001E,Investigation complete; no suspect identified
a7cd1c9f8495e4f6ece9731166f510b250df9d7e70ae28fc0ac2420f0bfdfc38,2015-02,City of London Police,City of London Police,-0.084618,51.512682,On or near GRACECHURCH STREET,E01032739,City of London 001F,Investigation complete; no suspect identified
98db3f8c053a47e8d0f49f35c3c2fc05b6af14e661edbb1b313ac45f77a77fb0,2015-02,City of London Police,City of London Police,-0.091151,51.516026,On or near BASINGHALL STREET,E01032739,City of London 001F,Unable to prosecute suspect
1275a0e2d0bff8c2479424ea2472040482a8c85c016c557cefc950ead8f5a5df,2015-02,City of London Police,City of London Police,-0.082571,51.514753,On or near GREAT ST HELEN'S,E01032739,City of London 001F,Offender given penalty notice
9f31d6568fcc51c6b3b93a5560770ebee9ae2b8ba054de755a44adb6ad2e2337,2015-02,City of London Police,City of London Police,-0.083242,51.512165,On or near LIME STREET,E01032739,City of London 001F,Suspect charged
769e1aa86e62b5f3c4c08c8c140147a275ca721d0801ba57ced85c30f71950d2,2015-02,City of London Police,City of London Police,-0.113767,51.517372,On or near STONE BUILDINGS,E01000914,Camden 028B,Investigation complete; no suspect identified
e8ea3a8f95a4d06f2201d73b7d6dd8c092e19647ed7954fa64a5c07a117cde86,2015-02,City of London Police,City of London Police,-0.079786,51.517576,On or near Police Station,E01032739,City of London 001F,Suspect charged
2477b222ea770b80a1280fcbce2eb47706e1dbeb1b76d3ca813486e97c1524e0,2015-02,City of London Police,City of London Police,-0.108283,51.517526,On or near Supermarket,E01032740,City of London 001G,Investigation complete; no suspect identified
3b90673355565b6559e0f51ec198fde7161f376f84e544ae54d57fd5deb9c5f5,2015-02,City of London Police,City of London Police,-0.084618,51.512682,On or near GRACECHURCH STREET,E01032739,City of London 001F,Unable to prosecute suspect
08dabe518f1cadaad2eb8a2bf7eedd07c2954fb590891d7680f0b89e26894f9f,2015-02,City of London Police,City of London Police,-0.087549,51.514276,On or near BARTHOLOMEW LANE,E01032739,City of London 001F,Investigation complete; no suspect identified
20b7d5e568ce575838c3f548aabb2f4687f3874e09d226b1e1678e2ef2ce4fb9,2015-02,City of London Police,City of London Police,-0.093933,51.519812,On or near Conference/Exhibition Centre,E01000002,City of London 001B,Suspect charged
e5b8e4b03cfa0d7e16df66ccf30330dce73cf2d71f14f14065332b241d3c71f1,2015-02,City of London Police,City of London Police,-0.084967,51.512598,On or near BELL INN YARD,E01032739,City of London 001F,Investigation complete; no suspect identified
5b696369a55665d63e6c7ae1d730e1642ec79b9e941437d3c19dc2d0d2b21bc0,2015-02,City of London Police,City of London Police,-0.082913,51.513463,On or near LEADENHALL STREET,E01032739,City of London 001F,Unable to prosecute suspect
07b42cfcb1184fefc53977981bcb5e644812a22f7fa180e387fefc41f0243fca,2015-02,City of London Police,City of London Police,-0.108018,51.511749,On or near TEMPLE AVENUE,E01032740,City of London 001G,Investigation complete; no suspect identified
e9e2ae8c1343bc0cd534cfe6e8242cd28258174d144220e87a533508ca1ff718,2015-02,City of London Police,City of London Police,-0.106680,51.515882,On or near Parking Area,E01032740,City of London 001G,Investigation complete; no suspect identified
f2477c5da5f1d370978e1a2c72ead28f94835ec44e6d7afbd0482b47cadebd16,2015-02,City of London Police,City of London Police,-0.101794,51.516207,On or near NEWGATE STREET,E01032740,City of London 001G,Suspect charged
e4ea8ea85d8002e1067162c8cb1fa302ee765a83741a4a71b5b67b482d65cb1f,2015-02,City of London Police,City of London Police,-0.088995,51.512088,On or near ST SWITHIN'S LANE,E01032739,City of London 001F,Unable to prosecute suspect
80f0850e2e3cb018002487de2d2245ff9b466009466f0e1e7748af68608fd08a,2015-02,City of London Police,City of London Police,-0.082571,51.514753,On or near GREAT ST HELEN'S,E01032739,City of London 001F,Suspect charged
15c436a8e1a1b9877f6aa8fcb19d8369b84fd171ec9492074bb0e787bb3cb16c,2015-02,City of London Police,City of London Police,-0.084105,51.515281,On or near Conference/Exhibition Centre,E01032739,City of London 001F,Investigation complete; no suspect identified
4128326e9122ff3316c4ea65757024ed4acc9ff9dd6269935b35ad18189a1848,2015-02,City of London Police,City of London Police,-0.101452,51.512650,On or near ST ANDREW'S HILL,E01032739,City of London 001F,Investigation complete; no suspect identified
75dbbb00fd32caeba007db62469deddc27e308a8d8ccea458095457a1bc11192,2015-02,City of London Police,City of London Police,-0.085669,51.515100,On or near AUSTIN FRIARS,E01032739,City of London 001F,Investigation complete; no suspect identified
461ba1588ae6dd5a590d7034496ea367d6de6e12bd33affdba401b9ae2f28ffb,2015-02,City of London Police,City of London Police,-0.087525,51.510364,On or near ARTHUR STREET,E01032739,City of London 001F,Investigation complete; no suspect identified
8866e29d3852e7fe77aa07c67ade0d5214d6129bc745fa0d3cb63400f31847c9,2015-02,City of London Police,City of London Police,-0.085149,51.517196,On or near BLOMFIELD STREET,E01032739,City of London 001F,Investigation complete; no suspect identified
9778b8d077632e82966fc635b5f954a4e2b3bd44b31a71d41a252df29209d9f4,2015-02,City of London Police,City of London Police,-0.084566,51.517690,On or near BLOMFIELD STREET,E01032739,City of London 001F,Offender given a caution
1f6a5bd751c343ba9b46db71cd1ace3c4663d0c42de0ab634d602fe596433bd4,2015-02,City of London Police,City of London Police,-0.089536,51.516719,On or near NUN COURT,E01032739,City of London 001F,Investigation complete; no suspect identified
b8ceacf9c484cce0c96819b3aa245753c5ed67074f45e6272dceef0b46a10e28,2015-02,City of London Police,City of London Police,-0.088955,51.513382,On or near LOMBARD STREET,E01032739,City of London 001F,Suspect charged
503b4e728b3081218b1c5393e17ed63f0c0260eab0a5fcd2b8a2a6af674b12fd,2015-02,City of London Police,City of London Police,-0.093919,51.519812,On or near Parking Area,E01000002,City of London 001B,Investigation complete; no suspect identified
2f4785de08623bbc24716b0e6d533c693d6d76bcc0c4bbedfa5f33cf986222dd,2015-02,City of London Police,City of London Police,-0.077601,51.518799,On or near STEWARD STREET,E01004307,Tower Hamlets 015B,Investigation complete; no suspect identified
df48d758dff80b494a9200059b4831db56a78a12eba2cd6afbe3eb814be32006,2015-02,City of London Police,City of London Police,-0.088393,51.511332,On or near ABCHURCH LANE,E01032739,City of London 001F,Unable to prosecute suspect
86887fe88031e8bc8cb78e4a1433bdbf3d228614db6c2c5cdd6d28424dfb7d07,2015-02,City of London Police,City of London Police,-0.092719,51.512652,On or near QUEEN VICTORIA STREET,E01032739,City of London 001F,Offender given a drugs possession warning
65fb44a6929ef51a822d4c8fcbb175fdcc59e499d74ac9300d991b297dee4455,2015-02,City of London Police,City of London Police,-0.084618,51.512682,On or near GRACECHURCH STREET,E01032739,City of London 001F,Investigation complete; no suspect identified
1e9d071fba0d526e1c8a8b842009f40572e2ceda11088dc7019f0ebdb2f09cd4,2015-02,City of London Police,City of London Police,-0.077224,51.516122,On or near Shopping Area,E01000005,City of London 001E,Investigation complete; no suspect identified
c6bad897fceb51a6dfc3d673d9863b493b2d84df96409c0e5fcb0cd64d08bee7,2015-02,City of London Police,City of London Police,-0.084768,51.512882,On or near CORBET COURT,E01032739,City of London 001F,Investigation complete; no suspect identified
b6e6462d45d0d7f4258d57628cab4c8988dc41ac675b6371994d570ac9704085,2015-02,City of London Police,City of London Police,-0.111497,51.518226,On or near Pedestrian Subway,E01000914,Camden 028B,Investigation complete; no suspect identified
bde47c6a6a9d7901044a27098ac7945503cb4ebb7c3069da0df286c5af09b247,2015-02,City of London Police,City of London Police,-0.086051,51.513569,On or near FINCH LANE,E01032739,City of London 001F,Investigation complete; no suspect identified
014f4bc359a5466debb722052bbe204cc2e620f15d971a8289f64f2cdb4b2e50,2015-02,City of London Police,City of London Police,-0.108283,51.517526,On or near Supermarket,E01032740,City of London 001G,Investigation complete; no suspect identified
d0ff1a37fec440202f4b54bd725c8b1770827d81be6d4c6e44657bd60f1b8fa2,2015-02,City of London Police,City of London Police,-0.097277,51.515307,On or near ST MARTIN'S LE GRAND,E01000001,City of London 001A,Investigation complete; no suspect identified
34d9efddc83b976e794611c4e3c36b3e2af02990a97912e7b45a374dd3d4ffa3,2015-02,City of London Police,City of London Police,-0.112039,51.514547,On or near BELL YARD,E01004735,Westminster 018B,Investigation complete; no suspect identified
ef746d87d2491b1e5dda7e5fff3ed54732fab1324d554e42f802035c24c8e345,2015-02,City of London Police,City of London Police,-0.092040,51.515087,On or near GRESHAM STREET,E01032739,City of London 001F,Investigation complete; no suspect identified
8d8760c661bfc421c1afd14d7b29a1823c14210cd9e2d0ad7aa83e1c28a5744d,2015-02,City of London Police,City of London Police,-0.079786,51.517576,On or near Police Station,E01032739,City of London 001F,Investigation complete; no suspect identified
21ca7fa4909ae54d0bdd4e22a95d7ec0ee3159dea4081031bbfea319d1c1e88c,2015-02,City of London Police,City of London Police,-0.097645,51.515142,On or near ST MARTIN'S LE GRAND,E01032739,City of London 001F,Suspect charged
a59c3b2ce6aecd143ace4b5f86499f1018922ace1ad10576a897124fe2903304,2015-02,City of London Police,City of London Police,-0.088843,51.509532,On or near Parking Area,E01032739,City of London 001F,Investigation complete; no suspect identified
4fec42cceafcfa76a1e13c4cfe3775afca1447d075ccc02a0fc2fec44698848b,2015-02,City of London Police,City of London Police,-0.084980,51.516078,On or near GREAT WINCHESTER STREET,E01032739,City of London 001F,Investigation complete; no suspect identified
df75b1a655622a12efcdd74e8f57e1fbf78059fab10d64d2e041666b516f9c5e,2015-02,City of London Police,City of London Police,-0.083086,51.511407,On or near ROOD LANE,E01032739,City of London 001F,Suspect charged
ebfb9af7fc5c7a92ef25d1301a13549bbcd515e0cf993ef77ee66b90a2d420d2,2015-02,City of London Police,City of London Police,-0.110710,51.513914,On or near FLEET STREET,E01032740,City of London 001G,Investigation complete; no suspect identified
d214286d0443588b987a3fce85032fca663e2e3a312e9364df4792dc47f67f50,2015-02,City of London Police,City of London Police,-0.079398,51.516508,On or near DEVONSHIRE SQUARE,E01032739,City of London 001F,Unable to prosecute suspect
641ea7cc5edba57d854cd1e6a7b060773a7563002b9ac26ce662d657d10eafd1,2015-02,City of London Police,City of London Police,-0.109826,51.516814,On or near NORWICH STREET,E01032740,City of London 001G,Offender given a caution
2b38a170cca0937232b1e25a9d1ddc84349faba9d192f484a705e0a4ba655037,2015-02,City of London Police,City of London Police,-0.100179,51.514158,On or near Shopping Area,E01032739,City of London 001F,Investigation complete; no suspect identified
a135046a4a26027cb8744ca5e65ded2b49ba111422d72b8306d55e48df3f72ac,2015-02,City of London Police,City of London Police,-0.081890,51.515173,On or near ST HELEN'S PLACE,E01032739,City of London 001F,Investigation complete; no suspect identified
b295f21f452dd7e7316a046a06ace05b44e9dfe6e516f388a12412ba29fdab4c,2015-02,City of London Police,City of London Police,-0.074613,51.512060,On or near HAYDON STREET,E01000005,City of London 001E,Investigation complete; no suspect identified
071c6f1c4653145927e1a09e003d21541b158f0ac36015a2852c8ef5061be328,2015-02,City of London Police,City of London Police,-0.097601,51.520699,On or near CARTHUSIAN STREET,E01000001,City of London 001A,Investigation complete; no suspect identified
5dce249480e8360674b67690889942a3b5f4a92c8a85eb4f1839c23139f67f0b,2015-02,City of London Police,City of London Police,-0.101794,51.516207,On or near NEWGATE STREET,E01032740,City of London 001G,Offender given suspended prison sentence
df75b1a655622a12efcdd74e8f57e1fbf78059fab10d64d2e041666b516f9c5e,2015-02,City of London Police,City of London Police,-0.083086,51.511407,On or near ROOD LANE,E01032739,City of London 001F,Offender given conditional discharge
e0ff3ebad1f8ac2cbd2e3caa1aa89c5551ebb6b6289a9e79f956bc353c77179b,2015-02,City of London Police,City of London Police,,,No location,,,Offender sent to prison
31a95fa9f1e466f8b363db9ad8a26390e697b46056385013895918ca33227d6e,2015-02,City of London Police,City of London Police,-0.097277,51.515307,On or near ST MARTIN'S LE GRAND,E01000001,City of London 001A,Offender fined
f682f7ec2134962013aab3a0d2fcc7a5519f79c32e318df063c835a99b83bca7,2015-02,City of London Police,City of London Police,-0.075508,51.514763,On or near Pedestrian Subway,E01000005,City of London 001E,Defendant found not guilty
ac9507b9391ff5ce40a5cd6a7ecbe48f13c5e0ec22eb5f8380e34db0269ba6c5,2015-02,City of London Police,City of London Police,-0.096643,51.512545,On or near DISTAFF LANE,E01032739,City of London 001F,Offender given community sentence
ca406ebee185106d0a7e2695ce59f282bbfd6e38b5284b4fc50ae0a77e03db8a,2015-02,City of London Police,City of London Police,-0.092865,51.510182,On or near Parking Area,E01032739,City of London 001F,Defendant found not guilty
49410b58d62f77430aeb252faa3e707f9edf5c9b0dd13d92f6adc960cc8783d1,2015-02,City of London Police,City of London Police,-0.083296,51.517058,On or near OLD BROAD STREET,E01032739,City of London 001F,Offender fined
76c8d56ec0229068698609b55095c80aa08a9cf1b00a3ac1e96ab4726d0617c4,2015-02,City of London Police,City of London Police,-0.088621,51.518619,On or near MOORFIELDS,E01000002,City of London 001B,Offender sent to prison
80f0850e2e3cb018002487de2d2245ff9b466009466f0e1e7748af68608fd08a,2015-02,City of London Police,City of London Police,-0.082571,51.514753,On or near GREAT ST HELEN'S,E01032739,City of London 001F,Offender fined
e74dc2615e33052af8d578b33b863c942523065aada342f6032ee6aa672ca97a,2015-02,City of London Police,City of London Police,,,No location,,,Offender fined
abfcbdcea0dbd320e12c8c07fdfdf5711b3c17659a6a2ae701493f7585895a6b,2015-02,City of London Police,City of London Police,-0.096363,51.513377,On or near NEW CHANGE,E01032739,City of London 001F,Offender given suspended prison sentence
bd6d5045f872c8006797ed03e6cca4dc2ffb20e77c97903c78c14afd96d9f8cd,2015-02,City of London Police,City of London Police,-0.092865,51.510182,On or near Parking Area,E01032739,City of London 001F,Offender sent to prison
a3d6e0402585a5550473e527b515ffbf70eaf8f67210c3c4ee585106c3e23182,2015-02,City of London Police,City of London Police,-0.084618,51.512682,On or near GRACECHURCH STREET,E01032739,City of London 001F,Offender sent to prison
285f947a73ba446a764c52698ebd34d14377167fcaf1052bd6c9f02e19976865,2015-02,City of London Police,City of London Police,,,No location,,,Offender given suspended prison sentence
be2b5fe0be4ae89545cf33539212a41f5394a4abe1337c3cf04c3148cbee7c38,2015-02,City of London Police,City of London Police,-0.080146,51.514848,On or near BURY COURT,E01032739,City of London 001F,Offender given suspended prison sentence
ddfbd7fc746c2daf7d5fa716dc9df13eaaabcae23c3bff5b96eb80f9d2c107f0,2015-02,City of London Police,City of London Police,-0.079786,51.517576,On or near Police Station,E01032739,City of London 001F,Offender fined
f1684641fcecbbd95e254c54386fbeb24808b5c479e5cc75e8989bfc060a5ddb,2015-02,City of London Police,City of London Police,-0.096363,51.513377,On or near NEW CHANGE,E01032739,City of London 001F,Offender sent to prison
cc5f2cc02fa3ef4911743df2a3aa96e0287674c20590952bf531db6729cae06f,2015-02,City of London Police,City of London Police,-0.082571,51.514753,On or near GREAT ST HELEN'S,E01032739,City of London 001F,Offender given community sentence
aeab88cc51d740bd45e004c23345795baf1d1a26a29e321d39c9399ca99e1735,2015-02,City of London Police,City of London Police,-0.089040,51.512745,On or near MANSION HOUSE PLACE,E01032739,City of London 001F,Offender given conditional discharge
dcdad5b47cd9bf385413c43d7134a469988948c8cf8228c82b63fd67a978372d,2015-02,City of London Police,City of London Police,-0.096643,51.512545,On or near DISTAFF LANE,E01032739,City of London 001F,Offender given community sentence
81398a33a840da78f956f0db07cf41f58fe8ac12050f5ae4a3a1f1d435aa2c11,2015-02,City of London Police,City of London Police,-0.076095,51.512462,On or near VINE STREET,E01000005,City of London 001E,Offender sent to prison
b4fccfb60f51539a20729970971916a599bcf66dd6dfa7db26d4f8588a8718c6,2015-02,City of London Police,City of London Police,-0.077029,51.510148,On or near TRINITY SQUARE,E01004293,Tower Hamlets 027B,Defendant found not guilty
