Crime ID,Month,Reported by,Falls within,Longitude,Latitude,Location,LSOA code,LSOA name,Outcome type
93f9d0dfc83bb1ff963ab6b76d12f9a41e699eecd1c49f6f0715c84d7f3dde59,2015-06,City of London Police,City of London Police,-0.108283,51.517526,On or near Supermarket,E01032740,City of London 001G,Offender given a caution
ab55b04213a872b033f5b41bb21f0dcb941e9db2eda2e789c019ccad133c4950,2015-06,City of London Police,City of London Police,-0.086624,51.511923,On or near CLEMENT'S LANE,E01032739,City of London 001F,Local resolution
1ab62e54b21a0adaf2989ef8961c27c08bd2f051c72bb6889e2cbeb0cac41140,2015-06,City of London Police,City of London Police,-0.109647,51.514887,On or near FETTER LANE,E01032740,City of London 001G,Offender given a drugs possession warning
9e9c268028f7aaaa0e186347132e9e3eb85cc535c82a25f82f0fc0be37733956,2015-06,City of London Police,City of London Police,-0.082066,51.516147,On or near WORMWOOD STREET,E01032739,City of London 001F,Offender given a caution
ee6e3c2310ff5522b6851b95564cbef3093793a1300cdfb667db0523deefd7c6,2015-06,City of London Police,City of London Police,-0.086764,51.510307,On or near FISH STREET HILL,E01032739,City of London 001F,Suspect charged as part of another case
714ed3f525d5da1179194ceab42ab07f6dd2aa8fa398029278d59f0b019a3c98,2015-06,City of London Police,City of London Police,-0.075196,51.512609,On or near ST CLARE STREET,E01000005,City of London 001E,Offender given a caution
47e624dfa77d58e771ce49c85b2b09be5998f389246c88ffd2e0bec923f5dcb7,2015-06,City of London Police,City of London Police,-0.077029,51.510148,On or near TRINITY SQUARE,E01004293,Tower Hamlets 027B,Offender given a caution
825cff9a5f3e38d744552c0beb64f0e6a8bb25e843149396518f5fa017b35cb6,2015-06,City of London Police,City of London Police,-0.078718,51.521038,On or near NORTON FOLGATE,E01004307,Tower Hamlets 015B,Offender given a drugs possession warning
716e7c4366044cbbfc0449fdf0512e5a4229583497c72f47c429a670b7d17735,2015-06,City of London Police,City of London Police,-0.077601,51.518799,On or near STEWARD STREET,E01004307,Tower Hamlets 015B,Investigation complete; no suspect identified
893893031e6e2543209c15198ca10e90bd70bb272805d89bc91e092a94601f11,2015-06,City of London Police,City of London Police,-0.095892,51.516391,On or near NOBLE STREET,E01000001,City of London 001A,Investigation complete; no suspect identified
624bc82964bdeb61050d7666dffb99a2c8c6609e8be01f0fd5b46ca63064a0c7,2015-06,City of London Police,City of London Police,-0.079162,51.514940,On or near BEVIS MARKS,E01032739,City of London 001F,Formal action is not in the public interest
93a2730d86f7c7d7e319762dcc319e031a4b07eb2e0703a0314ebb8b407aefa7,2015-06,City of London Police,City of London Police,-0.078856,51.518433,On or near ARTILLERY LANE,E01032739,City of London 001F,Investigation complete; no suspect identified
572c14a500c32ae1a14645b348b8454e3e5f537bfdfdb889dff7b32b22d6c6dd,2015-06,City of London Police,City of London Police,,,No location,,,Unable to prosecute suspect
cbf83df0b442c9eed7239451a52ea2a1ae743530c84038306f4cae1abef490d9,2015-06,City of London Police,City of London Police,-0.098148,51.517938,On or near ALBION WAY,E01032740,City of London 001G,Investigation complete; no suspect identified
6e1fcbc989587c80d08abd3bfefc43b554f59518b349dd34ea0a982694a76d88,2015-06,City of London Police,City of London Police,,,No location,,,Investigation complete; no suspect identified
535487f023be7182f6ea983530a565a73c1eef52c624d6de8e644367243cbfc4,2015-06,City of London Police,City of London Police,-0.080573,51.516006,On or near OUTWICH STREET,E01032739,City of London 001F,Investigation complete; no suspect identified
e7cc1a6faab397a8bb85635c9acb169a36d55bb963ed903a2bb7617d52acafb3,2015-06,City of London Police,City of London Police,,,No location,,,Investigation complete; no suspect identified
075a7272c0a85a3111ec29fcc62e6e1047032579fee9660c6d76a2bacb43c758,2015-06,City of London Police,City of London Police,-0.084618,51.512682,On or near GRACECHURCH STREET,E01032739,City of London 001F,Investigation complete; no suspect identified
bde04552d0982baa0783f509ee46610b52bb3798632b7df258c051dd195d04e3,2015-06,City of London Police,City of London Police,-0.077777,51.518046,On or near SANDY'S ROW,E01032739,City of London 001F,Investigation complete; no suspect identified
28648434f0f3ca60c9eb2dcb7bc41b9e729f7c7b2b597fc158ff17f3fc6418ba,2015-06,City of London Police,City of London Police,-0.110735,51.517836,On or near Further/Higher Educational Building,E01032740,City of London 001G,Investigation complete; no suspect identified
b190eda4c2e39d7902785f7b578dca77cd55832c0c1b3eacb76260c8f10f06a8,2015-06,City of London Police,City of London Police,-0.103494,51.518654,On or near Shopping Area,E01032740,City of London 001G,Formal action is not in the public interest
82f3eb911a40b6ae763982c685bb61d9d1bfd075d6a51d80334ab597f03330b9,2015-06,City of London Police,City of London Police,-0.077451,51.515523,On or near WHITE KENNETT STREET,E01000005,City of London 001E,Investigation complete; no suspect identified
f97cc81f66161c8610398e4fb676d6779cb028beab688e2cfb07c8558049ee3d,2015-06,City of London Police,City of London Police,-0.084095,51.516900,On or near NEW BROAD STREET,E01032739,City of London 001F,Investigation complete; no suspect identified
0a2629364898dcb72394d0611bf72188b6e8d3f98adbf3e93f23fd8b4df3bc2e,2015-06,City of London Police,City of London Police,-0.109647,51.514887,On or near FETTER LANE,E01032740,City of London 001G,Investigation complete; no suspect identified
8e9a551649508c9e3f60918a23845d35cd08cb3c645cdf96808b91ecb46a2a65,2015-06,City of London Police,City of London Police,-0.097601,51.520699,On or near CARTHUSIAN STREET,E01000001,City of London 001A,Investigation complete; no suspect identified
4028067d7bae4ed334fef5530f4942cabe524fdb649eed503c297d618f00a28a,2015-06,City of London Police,City of London Police,-0.086051,51.513569,On or near FINCH LANE,E01032739,City of London 001F,Investigation complete; no suspect identified
4b6cfc6f91617e98b2147acf24e7d4be62c0d68a355affac79d6b723de4a2895,2015-06,City of London Police,City of London Police,-0.095892,51.516391,On or near NOBLE STREET,E01000001,City of London 001A,Unable to prosecute suspect
30f22596954714a970add9220741902cdcccf24014a2afc179759f95db82c599,2015-06,City of London Police,City of London Police,-0.102412,51.517297,On or near COCK LANE,E01032740,City of London 001G,Investigation complete; no suspect identified
6ee99434e38917b3ffd7c300db3d85418244320db0112b6bec421f48007dac22,2015-06,City of London Police,City of London Police,-0.085173,51.518680,On or near FINSBURY AVENUE,E01032739,City of London 001F,Investigation complete; no suspect identified
7ce7af65f8ae83ac408a0dbdd1a4ad65583080c61f3c0f75472361194ed38c22,2015-06,City of London Police,City of London Police,-0.090203,51.511118,On or near SCOTT'S YARD,E01032739,City of London 001F,Investigation complete; no suspect identified
c315f2f6c2d82d4ac395da84e956d664f68d790f5cdef8d2748016984689aee7,2015-06,City of London Police,City of London Police,-0.084199,51.513394,On or near CORNHILL,E01032739,City of London 001F,Investigation complete; no suspect identified
82ea15b86e25cd33c33f3dbc25684b38c84d3284bf1888ef0535ad349ed3e860,2015-06,City of London Police,City of London Police,-0.084199,51.513394,On or near CORNHILL,E01032739,City of London 001F,Investigation complete; no suspect identified
fcb3e8b1f110c87d4984c546c5e89204977ffb8804631b63d779831a27de019e,2015-06,City of London Police,City of London Police,-0.088042,51.511794,On or near ABCHURCH LANE,E01032739,City of London 001F,Unable to prosecute suspect
4b4af5fa0a80bce03a5d1367965efc056c35100fa4a82d6137f80f6574e12c29,2015-06,City of London Police,City of London Police,-0.099716,51.511435,On or near WHITE LION HILL,E01032739,City of London 001F,Investigation complete; no suspect identified
cd5e38ee71aabf32790bdfa77066ceca726c2046b6b160d5ec63fd4e3da99699,2015-06,City of London Police,City of London Police,-0.097562,51.518864,On or near Parking Area,E01000001,City of London 001A,Investigation complete; no suspect identified
b99b5d15b3f2db63904d2c02e7b199ad923358de3aa7c724317f99151a1a3b84,2015-06,City of London Police,City of London Police,-0.081580,51.520510,On or near PINDAR STREET,E01032739,City of London 001F,Investigation complete; no suspect identified
9a54470aa79b1e0c303f541a4328ffa8b9d74a78c6c539651c0e6a24a51acc70,2015-06,City of London Police,City of London Police,-0.079011,51.509614,On or near Pedestrian Subway,E01032739,City of London 001F,Formal action is not in the public interest
3cb3a59ac70914fee27258511fe5fe3a9d81d925a386e389f5c79c166962b4d1,2015-06,City of London Police,City of London Police,-0.108283,51.517526,On or near Supermarket,E01032740,City of London 001G,Investigation complete; no suspect identified
e14fd3c17f80ba9a817f411679620677ddce33bfe637817f6b9266af3798d836,2015-06,City of London Police,City of London Police,-0.080376,51.517244,On or near Supermarket,E01032739,City of London 001F,Unable to prosecute suspect
91a217ab3077e7a8d45b71d6ff833284e38ace8d9baacef9e3230a64ac2cf998,2015-06,City of London Police,City of London Police,-0.099907,51.512031,On or near QUEEN VICTORIA STREET,E01032739,City of London 001F,Investigation complete; no suspect identified
0e1eebeda63e20ce359ee3991fa9332f30d223c0ddab64f6db3a3e0cb7ad2d2f,2015-06,City of London Police,City of London Police,-0.087118,51.513199,On or near Nightclub,E01032739,City of London 001F,Investigation complete; no suspect identified
e65c3ee4484f02e3c3af5231af055aa84df74448c8a1d404ddc14bfec5a1a97c,2015-06,City of London Police,City of London Police,-0.084566,51.517690,On or near BLOMFIELD STREET,E01032739,City of London 001F,Investigation complete; no suspect identified
f3d84722fac3e1a7d498c598aa533ef267eaf7b86e29234c636e6aaa3ffa3e7b,2015-06,City of London Police,City of London Police,-0.077596,51.515849,On or near ARTIZAN STREET,E01000005,City of London 001E,Investigation complete; no suspect identified
94eb764da3891f0cdea35d3633034cbd9763177ca7e7f266395b60ed3fd961ec,2015-06,City of London Police,City of London Police,-0.109155,51.516668,On or near FETTER LANE,E01032740,City of London 001G,Investigation complete; no suspect identified
45eba9ece7568af3bfdf588bf4193cee1ec687a211f8d32baa503d02f6b4a5d8,2015-06,City of London Police,City of London Police,-0.077029,51.510148,On or near TRINITY SQUARE,E01004293,Tower Hamlets 027B,Unable to prosecute suspect
7d3025e4ca75de2dd1496e12a6e24c4debf7f0f0b1a371dbd872b3734440b6ec,2015-06,City of London Police,City of London Police,-0.102721,51.515404,On or near ST GEORGES'S COURT,E01032740,City of London 001G,Unable to prosecute suspect
6a86d898b7e3b82b69cb08520bc358b60ff76bf401acb3eb21ae35674f9d477a,2015-06,City of London Police,City of London Police,-0.098062,51.517577,On or near MONTAGUE STREET,E01000001,City of London 001A,Investigation complete; no suspect identified
6046ceacac3d724aaab6c9ac4df26bfae708b99f65df52889d20b50bd83582cc,2015-06,City of London Police,City of London Police,-0.093493,51.513447,On or near BOW LANE,E01032739,City of London 001F,Investigation complete; no suspect identified
2675d9ac80a973dcbf97778376e7213caa79fc439f024730d2cfda1392ea4be1,2015-06,City of London Police,City of London Police,-0.090348,51.519358,On or near MOOR LANE,E01000002,City of London 001B,Investigation complete; no suspect identified
bc197904d19875e78b0e4438ac38d263e9937dbfb35bad3e97f41afee7cb2867,2015-06,City of London Police,City of London Police,-0.098572,51.516767,On or near KING EDWARD STREET,E01000001,City of London 001A,Investigation complete; no suspect identified
84f97810668801b6b6fd118510d79f2d08cac0529f20dc7eef6649746980c516,2015-06,City of London Police,City of London Police,-0.092297,51.518949,On or near Park/Open Space,E01000002,City of London 001B,Investigation complete; no suspect identified
46325f87a0603059468be671fc7fd0eaa77178e567385da4b0ca3550c4ae8b4a,2015-06,City of London Police,City of London Police,-0.087549,51.514276,On or near BARTHOLOMEW LANE,E01032739,City of London 001F,Unable to prosecute suspect
716726210540f15d5dafcf3153013677b1aff7e85e5b287b6910961d646c2766,2015-06,City of London Police,City of London Police,-0.097645,51.515142,On or near ST MARTIN'S LE GRAND,E01032739,City of London 001F,Investigation complete; no suspect identified
7b6f311a50b76c7f558e32341584d8fa7727c2231ce3dd7cceedb7d50eb58349,2015-06,City of London Police,City of London Police,-0.104281,51.516032,On or near BEAR ALLEY,E01032740,City of London 001G,Investigation complete; no suspect identified
020e736462b7a5a8bd43c302ae8532942dc653b27233b46f15b210480e2316e1,2015-06,City of London Police,City of London Police,-0.086416,51.516191,On or near THROGMORTON AVENUE,E01032739,City of London 001F,Investigation complete; no suspect identified
ca2c049a9ec7c5bd084f44e529a07b4b4e6d45c632b1b71e584d44673b4a0abd,2015-06,City of London Police,City of London Police,-0.089596,51.518743,On or near NEW UNION STREET,E01000002,City of London 001B,Investigation complete; no suspect identified
1ffce2a72cae40c156626348667bf51b4811bc7af18102a070b48c301eb54c19,2015-06,City of London Police,City of London Police,-0.100179,51.514158,On or near Shopping Area,E01032739,City of London 001F,Investigation complete; no suspect identified
69c1609be2bf508fc780d6663eaabd35c8d7ad42050e74ef7a6f2a8a31547728,2015-06,City of London Police,City of London Police,-0.087118,51.513199,On or near Nightclub,E01032739,City of London 001F,Investigation complete; no suspect identified
c01e03de5e3fb827d8004e28847ea9765efa690c8ffc036e8a26acb05b51f45c,2015-06,City of London Police,City of London Police,-0.093057,51.520085,On or near Theatre/Concert Hall,E01000002,City of London 001B,Investigation complete; no suspect identified
1ea927f8ae6986867368c4f2c59a573cfcdc169f4944e493a798e62858dcbec1,2015-06,City of London Police,City of London Police,-0.104001,51.513051,On or near APOTHECARY STREET,E01032739,City of London 001F,Investigation complete; no suspect identified
70fe77aae7bbdd101797090ec547b3b5403c5cc34a96aecb8be1a554dd68d897,2015-06,City of London Police,City of London Police,,,No location,,,Investigation complete; no suspect identified
ae30c15d27d8f9f42e057ab0523dbb005af763b7067be12aa295b9afd77158e0,2015-06,City of London Police,City of London Police,-0.085355,51.510563,On or near PUDDING LANE,E01032739,City of London 001F,Investigation complete; no suspect identified
984cb79a6c9bac76d52ddd74bcfafe514427395a12c9c2ac7a67907722a26a27,2015-06,City of London Police,City of London Police,-0.097601,51.520699,On or near CARTHUSIAN STREET,E01000001,City of London 001A,Investigation complete; no suspect identified
6bc86135a045ce6e52f360d84e72c046b1f6392d28afa1dfe4c52205fea243c1,2015-06,City of London Police,City of London Police,-0.103494,51.518654,On or near Shopping Area,E01032740,City of London 001G,Investigation complete; no suspect identified
a043d13c4d20c292146597f043ac82c09ceec91ae79b636eb1c56a6aab19afc7,2015-06,City of London Police,City of London Police,-0.104281,51.516032,On or near BEAR ALLEY,E01032740,City of London 001G,Unable to prosecute suspect
c3288640aa27419aa21e3b6fcead53aa47993ebc63389a914cf465c7b346dfad,2015-06,City of London Police,City of London Police,-0.088995,51.512088,On or near ST SWITHIN'S LANE,E01032739,City of London 001F,Suspect charged
dde79953842dae366161bdaad9574caa3669dca98c7c03f2319e8a2d581750ac,2015-06,City of London Police,City of London Police,-0.092297,51.518949,On or near Park/Open Space,E01000002,City of London 001B,Suspect charged
6621a3829fd1fa84341e7285baa0e5282bc46c911b5c17ea667ff7d95dff1720,2015-06,City of London Police,City of London Police,-0.089838,51.516067,On or near COLEMAN STREET,E01032739,City of London 001F,Suspect charged
893ef7d7c9dd0db083b5d5ac3410ecc88cdb95dfaabc6c1937b6b4cbe5a17dd0,2015-06,City of London Police,City of London Police,-0.108018,51.511749,On or near TEMPLE AVENUE,E01032740,City of London 001G,Suspect charged
06cf16e5f6abfb4721b47cb7befc61a26edd35e5d6c67183b5ed9e0bbc5d94d9,2015-06,City of London Police,City of London Police,-0.093791,51.509414,On or near SOUTHWARK BRIDGE ROAD,E01032739,City of London 001F,Suspect charged
71104ee6bbe997390e8b56c810ae011715cb7509604702a502079c0788e19966,2015-06,City of London Police,City of London Police,-0.096363,51.513377,On or near NEW CHANGE,E01032739,City of London 001F,Suspect charged
6621a3829fd1fa84341e7285baa0e5282bc46c911b5c17ea667ff7d95dff1720,2015-06,City of London Police,City of London Police,-0.089838,51.516067,On or near COLEMAN STREET,E01032739,City of London 001F,Suspect charged
3b253fce788a83812ae472fa96831e7b334371f9cfae85800506468d8ef0fbb6,2015-06,City of London Police,City of London Police,-0.091720,51.513454,On or near Supermarket,E01032739,City of London 001F,Suspect charged
05a28a3d50bf022ec22e2ab713b5b749f980e758ec564cd11b656d79d19a68a1,2015-06,City of London Police,City of London Police,-0.096363,51.513377,On or near NEW CHANGE,E01032739,City of London 001F,Suspect charged
ed43ef6316c26240c4e91533eaa646ec515d020dadc557662d4d2b7cc52b051a,2015-06,City of London Police,City of London Police,-0.094628,51.514203,On or near CHEAPSIDE,E01032739,City of London 001F,Suspect charged
23067c086bba4769dc511b1420e30137d075949761f995cd59dd12f464640b29,2015-06,City of London Police,City of London Police,-0.094628,51.514203,On or near CHEAPSIDE,E01032739,City of London 001F,Suspect charged
4e8a324c1c8e557f6037b26e29765f3b068db8998194a089c2c2080435c7299f,2015-06,City of London Police,City of London Police,-0.112939,51.518231,On or near SOUTHAMPTON BUILDINGS,E01032740,City of London 001G,Suspect charged
2f581acfa84c037d218efc13bcfd253e7dfe0f33a950c22febba43a39981795f,2015-06,City of London Police,City of London Police,-0.112939,51.518231,On or near SOUTHAMPTON BUILDINGS,E01032740,City of London 001G,Suspect charged
3abdcf51430c0a8132e2eb77ad1ea07a3952dd549e5b3f03c65a052f6cfdfb7d,2015-06,City of London Police,City of London Police,-0.086624,51.511923,On or near CLEMENT'S LANE,E01032739,City of London 001F,Suspect charged
b57ecb8469455af839bd545b8a18e6d8b3f9f60df8a7cac12a867a9434af1add,2015-06,City of London Police,City of London Police,-0.102721,51.515404,On or near ST GEORGES'S COURT,E01032740,City of London 001G,Suspect charged
c57120467c52952aade87d370543c3dcf4fa0a1851b6fa65ade3c200cf6330ee,2015-06,City of London Police,City of London Police,-0.102721,51.515404,On or near ST GEORGES'S COURT,E01032740,City of London 001G,Suspect charged
1c35dfe7178babbd9492643fab4f89d49d745e0231447954b0656fcd32d5f742,2015-06,City of London Police,City of London Police,-0.082913,51.513463,On or near LEADENHALL STREET,E01032739,City of London 001F,Suspect charged
9adec8212c957abaffe7bfd5792e54228fe680c59b0e93786fc57adb39024953,2015-06,City of London Police,City of London Police,-0.098777,51.512526,On or near KNIGHTRIDER STREET,E01032739,City of London 001F,Suspect charged
349ccaf457423144339ecd14475535842dc26e36344ebce099d50a2146090fb7,2015-06,City of London Police,City of London Police,-0.109079,51.512593,On or near KINGS BENCH WALK,E01032740,City of London 001G,Suspect charged
4083a8912f151ca3f52f83b5d4acf5df22805cce4e31a19480a49da687f3f1a4,2015-06,City of London Police,City of London Police,-0.110471,51.517265,On or near FURNIVAL STREET,E01032740,City of London 001G,Suspect charged
9e3404b19180751a4aade27c9fa84d99148bae34c193e3c5d56c6c5ca3c0722e,2015-06,City of London Police,City of London Police,-0.110471,51.517265,On or near FURNIVAL STREET,E01032740,City of London 001G,Suspect charged
7c2a7ecd0fcb0ffb9bbd50def079cc44bc21fb73d7afd1b98f580b8d2879cdea,2015-06,City of London Police,City of London Police,-0.081091,51.516014,On or near CAMOMILE STREET,E01032739,City of London 001F,Suspect charged
2bc146eb515e322fce9469fd91e701b2875b1d57b682f2aeaff6464a7a1b5a25,2015-06,City of London Police,City of London Police,-0.081091,51.516014,On or near CAMOMILE STREET,E01032739,City of London 001F,Suspect charged
8f1443bf8b70f28db7ce7a996d1c8a1a5b2a8daa72b541c80392efc1c72d7edd,2015-06,City of London Police,City of London Police,-0.073152,51.512206,On or near MANSELL STREET,E01000005,City of London 001E,Suspect charged
fc3155629165f67a6f01296f00007d34497860de1a550dd9e914e9ea12f633a3,2015-06,City of London Police,City of London Police,-0.083296,51.517058,On or near OLD BROAD STREET,E01032739,City of London 001F,Suspect charged
8fa973642ebdccfb58e0a707e235e2082ac7cd65a2ffc0245116e81d7d7454d0,2015-06,City of London Police,City of London Police,-0.094628,51.514203,On or near CHEAPSIDE,E01032739,City of London 001F,Suspect charged
1c35dfe7178babbd9492643fab4f89d49d745e0231447954b0656fcd32d5f742,2015-06,City of London Police,City of London Police,-0.082913,51.513463,On or near LEADENHALL STREET,E01032739,City of London 001F,Suspect charged
4c080b47d2828a54644a4166393473e68bae0576aa759799a3a29844615e9de9,2015-06,City of London Police,City of London Police,-0.098148,51.517938,On or near ALBION WAY,E01032740,City of London 001G,Suspect charged
f38c7f1a06c3cc8a970b1594ca548f872751dc2bf472d24ee7cfbadb24ea5997,2015-06,City of London Police,City of London Police,-0.094720,51.514420,On or near WOOD STREET,E01032739,City of London 001F,Suspect charged
5bf97472a07b4347ff724e6be1d3da1322bb2caf2d0cdb616250c4fdc6db50e2,2015-06,City of London Police,City of London Police,-0.096363,51.513377,On or near NEW CHANGE,E01032739,City of London 001F,Defendant found not guilty
603fe8f376add19589002fa5131c5a6039d4258aa74c8059ee3c84c44b520db1,2015-06,City of London Police,City of London Police,-0.109081,51.515327,On or near WEST HARDING STREET,E01032740,City of London 001G,Offender sent to prison
70eed88d37c95016434294b4f16b2a4ce4e6d6e1ca3a6a3af5b10fe60004eb2f,2015-06,City of London Police,City of London Police,-0.079786,51.517576,On or near Police Station,E01032739,City of London 001F,Offender sent to prison
c88ac41ae762b16e1657da53e7a22fa90eca431095b0f8542b763bc7e6ce2cff,2015-06,City of London Police,City of London Police,-0.078718,51.521038,On or near NORTON FOLGATE,E01004307,Tower Hamlets 015B,Offender fined
900c41d8af36201f7bed2cbd75d43939b1d6229ee1937de120a832c0a60d50b0,2015-06,City of London Police,City of London Police,-0.081938,51.513007,On or near LIME STREET,E01032739,City of London 001F,Court case unable to proceed
118af262c9b9ed3b2fc5c7c8beecf6d14c50632201a46c4cb1cd258981c4fe3e,2015-06,City of London Police,City of London Police,-0.088995,51.512088,On or near ST SWITHIN'S LANE,E01032739,City of London 001F,Offender otherwise dealt with
82a30cc8dcb952a9279d6abe1ea6d6ef61ad8668632de0c40b3d35dd9ad1242b,2015-06,City of London Police,City of London Police,-0.073515,51.510414,On or near Parking Area,E01000005,City of London 001E,Offender given suspended prison sentence
c61dac84498dbcd4134c84a52d192a81b243910b5dc95f979785b7493f6d77bf,2015-06,City of London Police,City of London Police,-0.074330,51.513647,On or near LITTLE SOMERSET STREET,E01000005,City of London 001E,Offender given conditional discharge
23067c086bba4769dc511b1420e30137d075949761f995cd59dd12f464640b29,2015-06,City of London Police,City of London Police,-0.094628,51.514203,On or near CHEAPSIDE,E01032739,City of London 001F,Offender given community sentence
8fa973642ebdccfb58e0a707e235e2082ac7cd65a2ffc0245116e81d7d7454d0,2015-06,City of London Police,City of London Police,-0.094628,51.514203,On or near CHEAPSIDE,E01032739,City of London 001F,Defendant found not guilty
3b253fce788a83812ae472fa96831e7b334371f9cfae85800506468d8ef0fbb6,2015-06,City of London Police,City of London Police,-0.091720,51.513454,On or near Supermarket,E01032739,City of London 001F,Offender given conditional discharge
9d1adf88c59e8f0d46d7097d6df791f61f1c9a21f433f3671d6e1877a20ff4bd,2015-06,City of London Police,City of London Police,-0.088203,51.518262,On or near MOORGATE,E01032739,City of London 001F,Offender given suspended prison sentence
3c7ff62ada76a970ccc29891de9a9663076813e70a42485ab392b7e9ce55fe56,2015-06,City of London Police,City of London Police,-0.096561,51.514513,On or near CHEAPSIDE,E01032739,City of London 001F,Offender sent to prison
fef96ce38713e5229a79004e489b82f9fb0786b44b0424bcf2e35776fb483586,2015-06,City of London Police,City of London Police,-0.082571,51.514753,On or near GREAT ST HELEN'S,E01032739,City of London 001F,Offender sent to prison
6f5234c2ee2bb9663aec0cdd043bb65eb7ce188ae394d384abbf3c70f318f254,2015-06,City of London Police,City of London Police,-0.094758,51.512829,On or near Nightclub,E01032739,City of London 001F,Offender given conditional discharge
0b7e1e1dbf98fd0984ad8b190ce8a79e675f13fc370b67d7744a9da1b49bf225,2015-06,City of London Police,City of London Police,-0.096075,51.514766,On or near FOSTER LANE,E01032739,City of London 001F,Defendant found not guilty
9be256a9f331b5b0f2c5edfde4b8b31772421b1499becdc14d45aae61bbe20be,2015-06,City of London Police,City of London Police,-0.102812,51.517042,On or near Police Station,E01032740,City of London 001G,Offender sent to prison
43205ce0afb90de327086bb79722bb0b3e3ec0a65096686d122a7cb326a8bd83,2015-06,City of London Police,City of London Police,-0.091720,51.513454,On or near Supermarket,E01032739,City of London 001F,Offender given suspended prison sentence
8c45e7c54aeb023ae9637f7d77dce11f499e1c0cd1dcc300f5d449e65474bdd1,2015-06,City of London Police,City of London Police,-0.098062,51.517577,On or near MONTAGUE STREET,E01000001,City of London 001A,Offender sent to prison
feda6aa8892e0b209ac8089cf9eedcf3ede21a6b62a386faec4708338b6d80b0,2015-06,City of London Police,City of London Police,-0.076044,51.512650,On or near INDIA STREET,E01000005,City of London 001E,Offender given suspended prison sentence
46c59d512283c3c39ccf1a526ee8041c4b354dc3d703606f5575d52dd87aba8a,2015-06,City of London Police,City of London Police,-0.083993,51.511440,On or near PHILPOT LANE,E01032739,City of London 001F,Offender sent to prison
c3288640aa27419aa21e3b6fcead53aa47993ebc63389a914cf465c7b346dfad,2015-06,City of London Police,City of London Police,-0.088995,51.512088,On or near ST SWITHIN'S LANE,E01032739,City of London 001F,Offender sent to prison
dd86a074ec89f9da00f877c5e12e88790efece2024c0c4b9cf9e7e1435fbc97c,2015-06,City of London Police,City of London Police,-0.087760,51.517149,On or near LONDON WALL,E01032739,City of London 001F,Offender fined
9adec8212c957abaffe7bfd5792e54228fe680c59b0e93786fc57adb39024953,2015-06,City of London Police,City of London Police,-0.098777,51.512526,On or near KNIGHTRIDER STREET,E01032739,City of London 001F,Defendant found not guilty
d7e701bf359db2cc52d65ce2c52c36c01b201261d19f3375ad49b31f4a26626e,2015-06,City of London Police,City of London Police,-0.079786,51.517576,On or near Police Station,E01032739,City of London 001F,Offender sent to prison
0a90f395e72c5b4427de70e8be7bdbd0699bf516f4ba1931bac275a86516cb6e,2015-06,City of London Police,City of London Police,-0.085833,51.513952,On or near FINCH LANE,E01032739,City of London 001F,Offender sent to prison
35bd1705fc393a7195e060044388fcce1417671fd6499306ba039b0052fa014d,2015-06,City of London Police,City of London Police,-0.090348,51.519358,On or near MOOR LANE,E01000002,City of London 001B,Offender fined
5baa6f8b85519305e0570d4d0797e009b903a9a5f583f6730902401e8659630c,2015-06,City of London Police,City of London Police,-0.085310,51.518511,On or near ELDON STREET,E01032739,City of London 001F,Offender fined
7ea434679bf3304065fad04b3356f31690743579a3369e386c86ab46cb7ca6c0,2015-06,City of London Police,City of London Police,-0.081091,51.516014,On or near CAMOMILE STREET,E01032739,City of London 001F,Suspect charged
4f8a3fd00f201ba7470fdf7439c39c930b07c6419b55b968303c87490a5707b2,2015-06,City of London Police,City of London Police,-0.088621,51.518619,On or near MOORFIELDS,E01000002,City of London 001B,Investigation complete; no suspect identified
1a6c9467ac870ad8f15acb230137722986d6d49e7ae394773199cc03e3a6cb4e,2015-06,City of London Police,City of London Police,-0.078856,51.518433,On or near ARTILLERY LANE,E01032739,City of London 001F,Investigation complete; no suspect identified
fcbceac82e72a6d4108c39e9c1183231d5d0ebc0ff4c89d425fe0f489187a4b8,2015-06,City of London Police,City of London Police,-0.099848,51.519350,On or near LONG LANE,E01032740,City of London 001G,Investigation complete; no suspect identified
59cf6f722ec33681e6780c0ed43646a56c8cfcad1d944b79e01adcf07808a4db,2015-06,City of London Police,City of London Police,-0.078718,51.521038,On or near NORTON FOLGATE,E01004307,Tower Hamlets 015B,Offender given a drugs possession warning
3c533dace2ca2935b9b05926ca3aea90a367c0380ba45c3c5450d7d5d2ba9228,2015-06,City of London Police,City of London Police,-0.077451,51.515523,On or near WHITE KENNETT STREET,E01000005,City of London 001E,Offender given a caution
ec66b3f8ae3205a154cf11f54994841fabe13339c43744d151fa559948a36721,2015-06,City of London Police,City of London Police,-0.084199,51.513394,On or near CORNHILL,E01032739,City of London 001F,Suspect charged
d1d5458d407990188d36a1fa2f8d49446f2bf2555f98c2f488ce17679a93d9eb,2015-06,City of London Police,City of London Police,-0.088621,51.518619,On or near MOORFIELDS,E01000002,City of London 001B,Investigation complete; no suspect identified
b8a61e54b95192a3a439b3a4e6305e4a278ab16b45412dea6058610389de03b4,2015-06,City of London Police,City of London Police,-0.076044,51.512650,On or near INDIA STREET,E01000005,City of London 001E,Suspect charged
bddc659248638f2dc8d12ebc9010241b409268e409da508c780908702b7e6a72,2015-06,City of London Police,City of London Police,,,No location,,,Investigation complete; no suspect identified
0bc2953c19b2fa98223c4279d83eab88fff333b49461b741dd81eb35c765960c,2015-06,City of London Police,City of London Police,-0.084723,51.514986,On or near Conference/Exhibition Centre,E01032739,City of London 001F,Unable to prosecute suspect
32e4d58bc3252e788252fa552f566cc81d262a0d692be795536022ed10298f46,2015-06,City of London Police,City of London Police,-0.096363,51.513377,On or near NEW CHANGE,E01032739,City of London 001F,Investigation complete; no suspect identified
1f65974731d5b2b6508c2246b7142b16c73cdd5215ba2d68a41167edcc618bf6,2015-06,City of London Police,City of London Police,-0.097645,51.515142,On or near ST MARTIN'S LE GRAND,E01032739,City of London 001F,Suspect charged
ad1d3ce679dbfb0f8125cff12f85109c08ee3b7900837d7f39c3d2a8cb831ed2,2015-06,City of London Police,City of London Police,-0.096363,51.513377,On or near NEW CHANGE,E01032739,City of London 001F,Investigation complete; no suspect identified
eabd5910a692d0382cb4504d2e0fe8574cb33faac5d9b54f79d417908343e20b,2015-06,City of London Police,City of London Police,-0.100202,51.513268,On or near DEAN'S COURT,E01032739,City of London 001F,Investigation complete; no suspect identified
f203cf89813301dffc6a4397ec293e394f347353a76e927b5b5d395ab15cf9ce,2015-06,City of London Police,City of London Police,-0.085310,51.518511,On or near ELDON STREET,E01032739,City of London 001F,Investigation complete; no suspect identified
b22300e60306d978721acdab0cb489ae127f1f510a36e7cd5c2e578b10af8cfa,2015-06,City of London Police,City of London Police,-0.096643,51.512545,On or near DISTAFF LANE,E01032739,City of London 001F,Unable to prosecute suspect
c3a0b65d43edfacb927eadf3e631c45a734f72d7cae6f901638542f4e22f90d7,2015-06,City of London Police,City of London Police,-0.082913,51.513463,On or near LEADENHALL STREET,E01032739,City of London 001F,Investigation complete; no suspect identified
e6d14954cc6d845af40fa5a7e8f179fb8e5da0081363deaba8583ab73cbac37e,2015-06,City of London Police,City of London Police,-0.095377,51.520789,On or near BRIDGEWATER STREET,E01000003,City of London 001C,Investigation complete; no suspect identified
ffd26472cd3bf4cf03b67f51306f38056eba76d1489cf7ed18426dd3cbfd1ea2,2015-06,City of London Police,City of London Police,-0.082965,51.516351,On or near WORMWOOD STREET,E01032739,City of London 001F,Investigation complete; no suspect identified
e34102db0e2eec667c7d6db3b27a0ab9382b84198dc954966707851ccd97f45c,2015-06,City of London Police,City of London Police,-0.084618,51.512682,On or near GRACECHURCH STREET,E01032739,City of London 001F,Investigation complete; no suspect identified
8b467e0fa92acb239a9f597d3d91930535785d50b1230f867ca4c9e52763431e,2015-06,City of London Police,City of London Police,-0.081620,51.516814,On or near ALDERMAN'S WALK,E01032739,City of London 001F,Investigation complete; no suspect identified
4c3ea66108e7ffc6ecf999650f207f4a3acbeb4a7dfab3a3738ed77e2a3ce56c,2015-06,City of London Police,City of London Police,-0.086764,51.510307,On or near FISH STREET HILL,E01032739,City of London 001F,Suspect charged
59cf3c12ba2f8bd4b40a1434b804afb0bf6ad90c24472db65548c9f969434ed0,2015-06,City of London Police,City of London Police,,,No location,,,Offender given a caution
41ccae4da066a0803c641ec2a23b14ee3c56dc97bd6c1b6d4d6543b6dd45fe90,2015-06,City of London Police,City of London Police,,,No location,,,Investigation complete; no suspect identified
28f730bdfa11e9dcf49e9e88643886f2a38f63df007a7a6d913c6fe4e14f091e,2015-06,City of London Police,City of London Police,,,No location,,,Offender given a drugs possession warning
cc1308c13a52702004ab315a55f1c602bd3da87f14c6e4e22a35361c519407ba,2015-06,City of London Police,City of London Police,-0.082965,51.516351,On or near WORMWOOD STREET,E01032739,City of London 001F,Investigation complete; no suspect identified
419db8013b4982c6bda41e9e03aaeb6c778b35d4fade99a8f63a76d6c9a9a225,2015-06,City of London Police,City of London Police,-0.082913,51.513463,On or near LEADENHALL STREET,E01032739,City of London 001F,Offender given a caution
0c41984fe8fe744253cd6ae5cba42c7e5d7c82580b5c3d0ae1ccd734639fb418,2015-06,City of London Police,City of London Police,-0.094468,51.521853,On or near GOLDEN LANE,E01000003,City of London 001C,Investigation complete; no suspect identified
24b5ae26eb0809c22b74df030b819c11566d6b7b4958834fc706d32ce055ed28,2015-06,City of London Police,City of London Police,-0.082965,51.516351,On or near WORMWOOD STREET,E01032739,City of London 001F,Offender given a caution
51c298f5dab608c80c752374fb1af9725d6c687631ef0d7f39c39b102e4b24c1,2015-06,City of London Police,City of London Police,-0.091151,51.514992,On or near GRESHAM STREET,E01032739,City of London 001F,Investigation complete; no suspect identified
793905a907124c6fa696c5d1d8b5875a2609881c29344dd31c8e3750e0ef95f6,2015-06,City of London Police,City of London Police,-0.097645,51.515142,On or near ST MARTIN'S LE GRAND,E01032739,City of London 001F,Investigation complete; no suspect identified
27d1b1529c9885ab1398c3f68c2a7ea0bf34a7014731f42e9377057567ae4c9d,2015-06,City of London Police,City of London Police,-0.085355,51.510563,On or near PUDDING LANE,E01032739,City of London 001F,Investigation complete; no suspect identified
633a132f24dbeb891bb6c5dbe7d8c072d957e0ddb61cbca382e8d75b17e9e765,2015-06,City of London Police,City of London Police,-0.104973,51.512887,On or near BRIDEWELL PLACE,E01032740,City of London 001G,Investigation complete; no suspect identified
bc2571ee68517d2aa0c7b400bb022d34284172246667a18e6536aa475dc1cc18,2015-06,City of London Police,City of London Police,-0.079607,51.515657,On or near ST MARY AXE,E01000005,City of London 001E,Investigation complete; no suspect identified
8a19b7dc5034c8e112a6afc60d73623aad7c07296d4ab1de0b2ef21dae23edb3,2015-06,City of London Police,City of London Police,-0.081938,51.513007,On or near LIME STREET,E01032739,City of London 001F,Unable to prosecute suspect
970c95d4110dca86a961c446d4a41ae3a8668b5aa3c724dcb32770aa9fe1f77b,2015-06,City of London Police,City of London Police,-0.080322,51.510651,On or near MARK LANE,E01032739,City of London 001F,Investigation complete; no suspect identified
08cc970744dfd4b830bc7c06dcfe9188e53bac00fdfc65478fbabe3f6b300291,2015-06,City of London Police,City of London Police,-0.100632,51.515739,On or near WARWICK LANE,E01032739,City of London 001F,Investigation complete; no suspect identified
ff09c1b1bdf391ed5f30851aedca6ade380aa6febe4849fdbd98e113350fa4df,2015-06,City of London Police,City of London Police,,,No location,,,Offender given a drugs possession warning
fb92c1737362b941eaa287ddd62cf4c16bff0d4092e7e132121b7f4dd2873a57,2015-06,City of London Police,City of London Police,-0.080318,51.520678,On or near PRIMROSE STREET,E01032739,City of London 001F,Investigation complete; no suspect identified
57988b16bb71a0664e062854ed3ac2b623a44be1c725ccd6cd57c8f2e6e78e00,2015-06,City of London Police,City of London Police,-0.107148,51.511879,On or near TALLIS STREET,E01032740,City of London 001G,Investigation complete; no suspect identified
0b1cb1efbdb55013b031a37f2098196cb845fa3ef2c0fe312f3e83332abb2970,2015-06,City of London Police,City of London Police,-0.110735,51.517836,On or near Further/Higher Educational Building,E01032740,City of London 001G,Investigation complete; no suspect identified
48d835f8547c20249fede0e46234f990b8169c2203f292b2595c8bc974390118,2015-06,City of London Police,City of London Police,-0.093493,51.513447,On or near BOW LANE,E01032739,City of London 001F,Investigation complete; no suspect identified
0a585ca01452501bbe501e681fcc653c5bab42de9291f4a756dba09f18ba0a64,2015-06,City of London Police,City of London Police,-0.096363,51.513377,On or near NEW CHANGE,E01032739,City of London 001F,Investigation complete; no suspect identified
a40fa4576c0d5fb4a6af7b37b84cd8d6399a97c53f37aa264b6e7cb495e33394,2015-06,City of London Police,City of London Police,-0.086278,51.509876,On or near FISH STREET HILL,E01032739,City of London 001F,Investigation complete; no suspect identified
4d627f0fe246ad8db9efed5d977b83be55f0dfd99e00e8138f3075c2679f41c3,2015-06,City of London Police,City of London Police,-0.088995,51.512088,On or near ST SWITHIN'S LANE,E01032739,City of London 001F,Suspect charged
b6cffe7ff925b4e143eca1c18576c57615fc1cedd4bc90d064e62ed9c2914d1a,2015-06,City of London Police,City of London Police,-0.077578,51.510795,On or near PEPYS STREET,E01032739,City of London 001F,Offender given a caution
817cacfea82938ab995aaf88cc1dd2de37dd81a4d5e32cb57dabd8c8f26a0948,2015-06,City of London Police,City of London Police,-0.079786,51.517576,On or near Police Station,E01032739,City of London 001F,Investigation complete; no suspect identified
2b0d9534700c928daa81b41f4dfb807f28318588e4f5ef1b7d2ac66d29de7b97,2015-06,City of London Police,City of London Police,-0.096363,51.513377,On or near NEW CHANGE,E01032739,City of London 001F,Suspect charged
687255e2037dc9f5ec90b9fd6ac9809f807c21b09bbdab4f6b03e017ca75aafc,2015-06,City of London Police,City of London Police,-0.108018,51.511749,On or near TEMPLE AVENUE,E01032740,City of London 001G,Investigation complete; no suspect identified
92486aacebb80d1ebdb20a7e6af9492cb9b689a4ca601a479e9395ceac91be5b,2015-06,City of London Police,City of London Police,-0.084967,51.512598,On or near BELL INN YARD,E01032739,City of London 001F,Offender given a caution
45e66dedd203a0419d338e1dcb5ff64f4f9edb2913597d4321dab3438da8b69d,2015-06,City of London Police,City of London Police,-0.083645,51.512504,On or near LIME STREET PASSAGE,E01032739,City of London 001F,Investigation complete; no suspect identified
b04083677fd20112f9ee5e3d30ac106535ba0e86fabe289d889adf7f6f2c88b9,2015-06,City of London Police,City of London Police,-0.104134,51.514699,On or near OLD SEACOAL LANE,E01032740,City of London 001G,Suspect charged
f3471ff308c371491a3a8421bf47ea3ed401f3e17ab861a13acac5ec280c6150,2015-06,City of London Police,City of London Police,-0.090203,51.511118,On or near SCOTT'S YARD,E01032739,City of London 001F,Offender given a caution
335576077bb42ccdeafde2bb04a55f9fc33f67ca9554c339209dff83521c2442,2015-06,City of London Police,City of London Police,-0.090203,51.511118,On or near SCOTT'S YARD,E01032739,City of London 001F,Investigation complete; no suspect identified
38cf88e01c27d038ffed0b0e927cbfc9518d7a609e044bc524cbbba288fb5f53,2015-06,City of London Police,City of London Police,-0.092517,51.520580,On or near WHITECROSS STREET,E01000002,City of London 001B,Investigation complete; no suspect identified
86dc3f50afd10d9ad73d0d2ee50a2729a78b82a086822302082213a8132e5280,2015-06,City of London Police,City of London Police,,,No location,,,Investigation complete; no suspect identified
cd6038944417e391e4f8cb253c4ad53040b5eaa4b4e186689f4c647fd391684b,2015-06,City of London Police,City of London Police,-0.079786,51.517576,On or near Police Station,E01032739,City of London 001F,Offender given a caution
2e891e87eca9adee30563f391246e98db5c2ffded481b4cfa9f86fd6a51acf4e,2015-06,City of London Police,City of London Police,-0.096363,51.513377,On or near NEW CHANGE,E01032739,City of London 001F,Investigation complete; no suspect identified
47bb453aa68741c803847ff5999da2a1513b153077eaafefd3acea029823ae63,2015-06,City of London Police,City of London Police,-0.097562,51.518864,On or near Parking Area,E01000001,City of London 001A,Investigation complete; no suspect identified
8cb601f198fc33c617b15139f6d4e8f8519e7131e416825cbd781140326ba449,2015-06,City of London Police,City of London Police,-0.097601,51.520699,On or near CARTHUSIAN STREET,E01000001,City of London 001A,Investigation complete; no suspect identified
4fc29b2e6b8e863cc732e6872350da7b498facbbaa39c10f7872cb84379d92f9,2015-06,City of London Police,City of London Police,-0.078856,51.518433,On or near ARTILLERY LANE,E01032739,City of London 001F,Investigation complete; no suspect identified
435f6bbf2b870da3b9a81082a8db6020a6378f0a878241d0c9c855f5864cdf3e,2015-06,City of London Police,City of London Police,-0.079674,51.514409,On or near BURY STREET,E01032739,City of London 001F,Investigation complete; no suspect identified
0c276b09dc2d05f79b6a961a5adc3efae160705f8aa80db26054575242c7815e,2015-06,City of London Police,City of London Police,-0.084566,51.517690,On or near BLOMFIELD STREET,E01032739,City of London 001F,Investigation complete; no suspect identified
322ac18cc18c1abd92b9fd250d99cfe9dc241c4a4093020815d9879f3130e01e,2015-06,City of London Police,City of London Police,-0.083645,51.512504,On or near LIME STREET PASSAGE,E01032739,City of London 001F,Investigation complete; no suspect identified
846b4d89de8e884c19ab96efe267be79ed6ce8dc7c1ba1174e67a0191e8d7f1c,2015-06,City of London Police,City of London Police,-0.074330,51.513647,On or near LITTLE SOMERSET STREET,E01000005,City of London 001E,Suspect charged
2059cbea8ea50a8cdbe79e7d95de48da0a31404e79556d5be46739e171c8627a,2015-06,City of London Police,City of London Police,,,No location,,,Investigation complete; no suspect identified
ba63323d2cd6f62936048ef2f3793222aa570c1186dc015bfe713ae2930d78f7,2015-06,City of London Police,City of London Police,-0.096363,51.513377,On or near NEW CHANGE,E01032739,City of London 001F,Suspect charged
a366e037c478c7f7363519c902448042b826ca10b42177828847b3460d481832,2015-06,City of London Police,City of London Police,-0.088621,51.518619,On or near MOORFIELDS,E01000002,City of London 001B,Investigation complete; no suspect identified
ae419159db0f629c275c5be1e94f18fe04db9e603ab9a273b21ffeff164f13af,2015-06,City of London Police,City of London Police,-0.093933,51.519812,On or near Conference/Exhibition Centre,E01000002,City of London 001B,Investigation complete; no suspect identified
099773ace9a7bf7861abd279422a9c78337d4baf2aa5d002b6327a1bce6aa0c0,2015-06,City of London Police,City of London Police,-0.093398,51.512951,On or near WATLING STREET,E01032739,City of London 001F,Investigation complete; no suspect identified
0d6528fc309518d9cbbb35d4ff86cc8797bd5b12b3814150f41e0fb4efac199c,2015-06,City of London Police,City of London Police,-0.076044,51.512650,On or near INDIA STREET,E01000005,City of London 001E,Investigation complete; no suspect identified
1bd64f15120168d0db1f6b1234964ca71735993c54d832a3562d37a780c2c47d,2015-06,City of London Police,City of London Police,-0.108231,51.513928,On or near PLEYDELL STREET,E01032740,City of London 001G,Formal action is not in the public interest
ae0a32178699232c333a565aae4e1e07e98623c682465697af46d760296f86d1,2015-06,City of London Police,City of London Police,-0.112039,51.514547,On or near BELL YARD,E01004735,Westminster 018B,Investigation complete; no suspect identified
388fae097047145b860a4867a9cff3663e04a7ed99de0a98199e5e3fd647bd33,2015-06,City of London Police,City of London Police,-0.080376,51.517244,On or near Supermarket,E01032739,City of London 001F,Local resolution
eecd1f451b3ab7322d4ea891d358a306a3cc3c08f5b53000cbf1a9ce2937b828,2015-06,City of London Police,City of London Police,-0.081620,51.516814,On or near ALDERMAN'S WALK,E01032739,City of London 001F,Investigation complete; no suspect identified
6fb22faf0397f44789fb9310fed69f83a8ef78e010d50b62d2b9b77a91343ba3,2015-06,City of London Police,City of London Police,-0.077451,51.515523,On or near WHITE KENNETT STREET,E01000005,City of London 001E,Unable to prosecute suspect
e0338f48bacd7be415d8e5b1b5e939173107628aa647399dbe4eb58b1927c05a,2015-06,City of London Police,City of London Police,-0.111132,51.512420,On or near MIDDLE TEMPLE LANE,E01032740,City of London 001G,Investigation complete; no suspect identified
69fcbe0b835e3f726a037c0fa465ea3052a5917c0b94595e622d5366bae0387a,2015-06,City of London Police,City of London Police,-0.097223,51.515225,On or near ST MARTIN'S LE GRAND,E01000001,City of London 001A,Investigation complete; no suspect identified
1fd9c0e88e1da1bab64e0903571a460a00e9c15b9055287c0342ccf672227145,2015-06,City of London Police,City of London Police,-0.102948,51.512719,On or near PLAYHOUSE YARD,E01032739,City of London 001F,Investigation complete; no suspect identified
57252bf8b49edd179e4439b8b00b5e04dcf802f9149a642069c0b985ad9b07f9,2015-06,City of London Police,City of London Police,-0.094231,51.511984,On or near GREAT TRINITY LANE,E01032739,City of London 001F,Investigation complete; no suspect identified
2f04ea7dab82f6b554c831b543656cb4c43bf1015bd834d3e10ea68e829550d3,2015-06,City of London Police,City of London Police,-0.083296,51.517058,On or near OLD BROAD STREET,E01032739,City of London 001F,Suspect charged
ffa9086735220ab50f1de3b8907d72098d405f69a6a34f7eb8a521d198a7ce99,2015-06,City of London Police,City of London Police,-0.093057,51.520085,On or near Theatre/Concert Hall,E01000002,City of London 001B,Investigation complete; no suspect identified
fb1859c49140f9c93008facaccec54f47157838897ee18846db49bb375ffbb77,2015-06,City of London Police,City of London Police,-0.092719,51.512652,On or near QUEEN VICTORIA STREET,E01032739,City of London 001F,Investigation complete; no suspect identified
ddd28c690555810bb1ff0b250b00525517f91de941cad3607bca65b3076ed936,2015-06,City of London Police,City of London Police,-0.077601,51.518799,On or near STEWARD STREET,E01004307,Tower Hamlets 015B,Investigation complete; no suspect identified
3a43aea27535c7fb11020626c099e628f4c2243859b673b9a91a398b609d3e1f,2015-06,City of London Police,City of London Police,,,No location,,,Offender given a drugs possession warning
95aeeaef198ff64911280cffbc8fa4df521c826addcfeaaf5b4af1f111491a3d,2015-06,City of London Police,City of London Police,-0.109081,51.515327,On or near WEST HARDING STREET,E01032740,City of London 001G,Unable to prosecute suspect
00523b85b4553baa1011987f804366f79c66a0f072a2f0cc5e23609d7904c000,2015-06,City of London Police,City of London Police,-0.079786,51.517576,On or near Police Station,E01032739,City of London 001F,Suspect charged
48b51747ddac5fdb1b4e15641f96dfbb81ad04f585b5ed6fe47978b9da61fc79,2015-06,City of London Police,City of London Police,-0.094464,51.512959,On or near WATLING COURT,E01032739,City of London 001F,Investigation complete; no suspect identified
394bd3d38cb1d23fd2a6da511a05f66e497d21de1d9fc29ef8be407273a6e96d,2015-06,City of London Police,City of London Police,-0.110592,51.516062,On or near BREAM'S BUILDINGS,E01032740,City of London 001G,Suspect charged
aff44dc3a8509bf9419411a8a21767171fc83da813b92ce6e90e32f9a5033202,2015-06,City of London Police,City of London Police,-0.086728,51.510477,On or near KING WILLIAM STREET,E01032739,City of London 001F,Investigation complete; no suspect identified
c13b0c293d73dde7679e5dfda69978710f2905ba98a9331b14faf2d84cbe15b6,2015-06,City of London Police,City of London Police,-0.084967,51.512598,On or near BELL INN YARD,E01032739,City of London 001F,Offender given a caution
278e3672e258fc690604a6c91051b27811d8bf7a70377de08f45a947716215e1,2015-06,City of London Police,City of London Police,-0.090710,51.513132,On or near QUEEN VICTORIA STREET,E01032739,City of London 001F,Unable to prosecute suspect
9b87651cd30c39281a925a0c9406253dcd91b8583c2329973b7414981e47197e,2015-06,City of London Police,City of London Police,-0.086051,51.513569,On or near FINCH LANE,E01032739,City of London 001F,Investigation complete; no suspect identified
5bcd43506e50cae2b44c40bb5c286763d41debf57b515dbcd116c4bb38d4ac39,2015-06,City of London Police,City of London Police,-0.100179,51.514158,On or near Shopping Area,E01032739,City of London 001F,Investigation complete; no suspect identified
c30e1f883b3ba7fb88cc64af7fe0fed22661fb28cfd1337169b5d2d045227def,2015-06,City of London Police,City of London Police,-0.092040,51.515087,On or near GRESHAM STREET,E01032739,City of London 001F,Investigation complete; no suspect identified
fe49b1c26737e1935075b4df5524450bd1fef309fa293103fe75d540055bb139,2015-06,City of London Police,City of London Police,-0.105134,51.513869,On or near BRIDE LANE,E01032740,City of London 001G,Offender given a drugs possession warning
10c13504eb4b36d47f90165f62a61b28a8b90be6e793c0a0b66d96d9c05163e5,2015-06,City of London Police,City of London Police,-0.080665,51.509344,On or near Pedestrian Subway,E01032739,City of London 001F,Investigation complete; no suspect identified
a6384a635ea933d62c3cd884f721979dbf97ebfd95cc1c6cf5cce040b047b769,2015-06,City of London Police,City of London Police,-0.080665,51.509344,On or near Pedestrian Subway,E01032739,City of London 001F,Investigation complete; no suspect identified
4aa68fa20189254227401ddbcfdabac6051c2708e46daeb00ca34311c52c2f47,2015-06,City of London Police,City of London Police,-0.086624,51.511923,On or near CLEMENT'S LANE,E01032739,City of London 001F,Offender given a caution
eb1aeca0af481981239c0c7c32a243fd52042d3e325902dc47abf5fe71e74a71,2015-06,City of London Police,City of London Police,-0.088944,51.513319,On or near LOMBARD STREET,E01032739,City of London 001F,Investigation complete; no suspect identified
c10eae47d92db8d4f1cab2b0ac832cbb471d9250bef31d999d4a2ce519585c31,2015-06,City of London Police,City of London Police,-0.074330,51.513647,On or near LITTLE SOMERSET STREET,E01000005,City of London 001E,Suspect charged
5df0075c85908e1263843ce4d4e058651eebec39834c3bf1133087d16c0d3303,2015-06,City of London Police,City of London Police,-0.097223,51.515225,On or near ST MARTIN'S LE GRAND,E01000001,City of London 001A,Investigation complete; no suspect identified
e8a9839af494536e4255a8a7268a6edcbd5e78d25e24743aae5d9fe770c4af8b,2015-06,City of London Police,City of London Police,-0.102502,51.516165,On or near GREEN ARBOUR COURT,E01032740,City of London 001G,Investigation complete; no suspect identified
1f122846c0c1c979229d6fe61df8241e8b8547fe55d697a79146db429c4d5b11,2015-06,City of London Police,City of London Police,-0.086624,51.511923,On or near CLEMENT'S LANE,E01032739,City of London 001F,Suspect charged
70181b5acc551b3ed3f5ca5a7c7f4b78955ecfb623269b8e80e3b0c07ecb27ff,2015-06,City of London Police,City of London Police,-0.086278,51.509876,On or near FISH STREET HILL,E01032739,City of London 001F,Investigation complete; no suspect identified
f2c0c26d8ad7e35ed04c420f26abd7a9587fd178eaeb63a49ab0c2052ba5e282,2015-06,City of London Police,City of London Police,-0.111132,51.512420,On or near MIDDLE TEMPLE LANE,E01032740,City of London 001G,Investigation complete; no suspect identified
ba814b34d02b676e83ac6d1562e868b3dce47495e287dc5e4b62f8953494cd89,2015-06,City of London Police,City of London Police,-0.092040,51.515087,On or near GRESHAM STREET,E01032739,City of London 001F,Investigation complete; no suspect identified
c1b95deab4e8a374bcfb32e5740158c09db0e8900521572917e97e8ac64e407e,2015-06,City of London Police,City of London Police,-0.080728,51.511611,On or near Supermarket,E01032739,City of London 001F,Suspect charged
2c019a2f246b7ac57bbf0314fbfdf254c57cc9e37175cf235021a117899fcde1,2015-06,City of London Police,City of London Police,-0.100202,51.513268,On or near DEAN'S COURT,E01032739,City of London 001F,Investigation complete; no suspect identified
7cdf11fd9a2a8a895b2e7a34d7c19b2120191453f2414b23f79ccffadbef825e,2015-06,City of London Police,City of London Police,-0.096814,51.512952,On or near ST PAUL'S CHURCH YARD,E01032739,City of London 001F,Investigation complete; no suspect identified
d45b1420e5adc9c4e603f999d048d4783afd0f27fc1b45e94f68fc8acace44b1,2015-06,City of London Police,City of London Police,-0.079011,51.509614,On or near Pedestrian Subway,E01032739,City of London 001F,Investigation complete; no suspect identified
530b5490badfc157116cc2c813ff67cf0f63c78f269def0e993848bbfe950c68,2015-06,City of London Police,City of London Police,-0.086166,51.510828,On or near EASTCHEAP,E01032739,City of London 001F,Investigation complete; no suspect identified
01a3b5a800d84042eaf4d70eb98095ef2862b3e57d92410cd1f155c2d504fb86,2015-06,City of London Police,City of London Police,-0.104300,51.511761,On or near Pedestrian Subway,E01032740,City of London 001G,Investigation complete; no suspect identified
0abfe2844664affe9c6647be8ae867d5baf322f9630ce44dc27a2f281fcf41b8,2015-06,City of London Police,City of London Police,-0.080146,51.514848,On or near BURY COURT,E01032739,City of London 001F,Investigation complete; no suspect identified
e0f13df912c960ab109ce3140793894cd763adcba5f32648acc41cb75a45fd92,2015-06,City of London Police,City of London Police,-0.086624,51.511923,On or near CLEMENT'S LANE,E01032739,City of London 001F,Suspect charged
ea33799d360524928ed6954079a81cf904afdd33945d38f4abd394a83c36ea27,2015-06,City of London Police,City of London Police,-0.096363,51.513377,On or near NEW CHANGE,E01032739,City of London 001F,Offender given a caution
c0880de4b285dc6c0970d451bccb26a988cf41238dbc9906143585a4e300c0a9,2015-06,City of London Police,City of London Police,-0.086624,51.511923,On or near CLEMENT'S LANE,E01032739,City of London 001F,Offender given penalty notice
97d0881adbad72aff767fd78052a8a0c8eaa6910becb11535d3157d74fe5f73b,2015-06,City of London Police,City of London Police,-0.086272,51.513114,On or near BIRCHIN LANE,E01032739,City of London 001F,Investigation complete; no suspect identified
fb3a0174aedbe0e05e22ddd77b67c3ac3049b5c040500b353e3db914ca55533e,2015-06,City of London Police,City of London Police,-0.078994,51.514137,On or near HENEAGE PLACE,E01032739,City of London 001F,Investigation complete; no suspect identified
d574aef1270d3af861e84e9a7d2adb62cad5b7bbe39376802f2ce69d391fa22e,2015-06,City of London Police,City of London Police,-0.109155,51.516668,On or near FETTER LANE,E01032740,City of London 001G,Offender given a caution
c0795795bd3798cebe54b39bb1be15f3fb1bdc4b6f51de3de54dba2ad7c33f44,2015-06,City of London Police,City of London Police,-0.086278,51.509876,On or near FISH STREET HILL,E01032739,City of London 001F,Offender given a drugs possession warning
3475f55b1246ba3080d26576898d11e5a29f8a963624d23bbec67f5b7e0158e1,2015-06,City of London Police,City of London Police,-0.075508,51.514763,On or near Pedestrian Subway,E01000005,City of London 001E,Investigation complete; no suspect identified
b3ca3645549774f2d4237f0885e4ac9ca7ae7048c7386618d1e675bf371abd6e,2015-06,City of London Police,City of London Police,-0.097210,51.523156,On or near BALTIC STREET WEST,E01033490,Islington 022H,Unable to prosecute suspect
f80d56d3aff241a99fe231ddc7481cc48b3801ed1927ae74f4e9f303d9359746,2015-06,City of London Police,City of London Police,-0.096561,51.514513,On or near CHEAPSIDE,E01032739,City of London 001F,Suspect charged
4c2089efc8449df3c87b0f51ead52fa1f0bef1a376debb623ee70230054adbce,2015-06,City of London Police,City of London Police,-0.093948,51.518077,On or near MONKWELL SQUARE,E01000002,City of London 001B,Investigation complete; no suspect identified
9844419929891d2688d17834ae889f9e4b46c76cd1a614fc3ecf422529658fce,2015-06,City of London Police,City of London Police,-0.111497,51.518226,On or near Pedestrian Subway,E01000914,Camden 028B,Investigation complete; no suspect identified
abe976030ff04633403e91731afac1484f896571ab1e37e34a4262b976442a9a,2015-06,City of London Police,City of London Police,-0.082571,51.514753,On or near GREAT ST HELEN'S,E01032739,City of London 001F,Offender given a caution
13b845fb692c269ee11d916841856d0a07dcd9a0a5fcbc5923e97bdbbca890fa,2015-06,City of London Police,City of London Police,-0.096561,51.514513,On or near CHEAPSIDE,E01032739,City of London 001F,Local resolution
6191490ecaf639dec3493966765245677647fde62231a896120ebd01a0820e7f,2015-06,City of London Police,City of London Police,-0.085014,51.509775,On or near MONUMENT STREET,E01032739,City of London 001F,Investigation complete; no suspect identified
730ba6d81e7740d9d64d48f6689667261de4378d711dcedc3a17f55d38a596e7,2015-06,City of London Police,City of London Police,-0.093933,51.519812,On or near Conference/Exhibition Centre,E01000002,City of London 001B,Suspect charged
5756527de5fcf13675c964b9d38b09af38219626f817777c0062afe238e8bcf9,2015-06,City of London Police,City of London Police,-0.104494,51.509848,On or near A201,E01032739,City of London 001F,Offender given a drugs possession warning
29be31d1af2e0148ff1a7bc4fc488b89c7af31b1d373f9b00550675f015cbe11,2015-06,City of London Police,City of London Police,-0.079786,51.517576,On or near Police Station,E01032739,City of London 001F,Suspect charged
6fb1eff2c54c21f2a1a1c9c5e0a6f7270fd143892bb09a75e250bc34a125b7a7,2015-06,City of London Police,City of London Police,-0.091720,51.513454,On or near Supermarket,E01032739,City of London 001F,Unable to prosecute suspect
db4f7fb5b7f035d8ade19724446fdd81356dcde77509031f6c5d49a3d9ea7cd8,2015-06,City of London Police,City of London Police,-0.084618,51.512682,On or near GRACECHURCH STREET,E01032739,City of London 001F,Suspect charged
bcfa793d29a0aa7b2d6546747233f0c3c90baa4e2e14493be3eeeafdc3682f3f,2015-06,City of London Police,City of London Police,-0.097962,51.519635,On or near CLOTH STREET,E01032740,City of London 001G,Unable to prosecute suspect
a357d1cc8dc6e8894bfcfe377cbaa23ecc2238481550a68ffbf5a20499e1aaf9,2015-06,City of London Police,City of London Police,-0.104244,51.512749,On or near NEW BRIDGE STREET,E01032739,City of London 001F,Investigation complete; no suspect identified
63073fa337ed6464e8d8f06b590b76197d47f270cf781ee1c9f4e6c20cf6d832,2015-06,City of London Police,City of London Police,-0.082965,51.516351,On or near WORMWOOD STREET,E01032739,City of London 001F,Local resolution
6d38d115f3e4d0ca43b77c3fbf73c2a070d7b91dab63739a86242d801c60e65e,2015-06,City of London Police,City of London Police,-0.079398,51.516508,On or near DEVONSHIRE SQUARE,E01032739,City of London 001F,Unable to prosecute suspect
8ea2fc7f185436fcb7ef6e8bac238fa32ac593d0e2c7b314f5fd03190a77abc6,2015-06,City of London Police,City of London Police,,,No location,,,Investigation complete; no suspect identified
433972a47e55300e4e06e5fccf369c4370f3cd01c2e2a6933621cd4a951bbc1f,2015-06,City of London Police,City of London Police,-0.084768,51.512882,On or near CORBET COURT,E01032739,City of London 001F,Investigation complete; no suspect identified
a56cd9e31f9d1d754642517c475f52be04be64308d0cfbff28f6a22798234be6,2015-06,City of London Police,City of London Police,-0.095400,51.515753,On or near Conference/Exhibition Centre,E01000002,City of London 001B,Offender given a caution
db659530ceda69e0bcecb75fb9d91732f202b65aac4ceca653413b84334a7819,2015-06,City of London Police,City of London Police,-0.079786,51.517576,On or near Police Station,E01032739,City of London 001F,Offender given a caution
4ce206c8d24e064ed7c743de2d786835eccb7cd00dc2c8aec1d2d11cbd4e63c0,2015-06,City of London Police,City of London Police,-0.086624,51.511923,On or near CLEMENT'S LANE,E01032739,City of London 001F,Offender given a caution
e6bbe726fd7fe4e6316b4e6a412527e1af200cabf3e3d462fad3f2ab520997c4,2015-06,City of London Police,City of London Police,-0.102412,51.517297,On or near COCK LANE,E01032740,City of London 001G,Suspect charged
e70cf3bc5d4b5a99492d9a866349d8e0659a33a5dce561cf466758d15a552434,2015-06,City of London Police,City of London Police,-0.083618,51.517288,On or near BROAD STREET AVENUE,E01032739,City of London 001F,Unable to prosecute suspect
1ff1feb45bd3cfc92e1b399856dc5b2d3a345c46111258c42cdf79ca46e05daf,2015-06,City of London Police,City of London Police,-0.094758,51.512829,On or near Nightclub,E01032739,City of London 001F,Offender given a drugs possession warning
43e2309413aeca81cb6e1ba6e21dcd0951a2187e8ce08ee2c442ae4031766322,2015-06,City of London Police,City of London Police,-0.079786,51.517576,On or near Police Station,E01032739,City of London 001F,Investigation complete; no suspect identified
3c7ff62ada76a970ccc29891de9a9663076813e70a42485ab392b7e9ce55fe56,2015-06,City of London Police,City of London Police,-0.096561,51.514513,On or near CHEAPSIDE,E01032739,City of London 001F,Suspect charged
db91dd5f76c271ab826461cf7fd9029e91862bfe5c1af1bdf69125a55b91c038,2015-06,City of London Police,City of London Police,-0.087760,51.517149,On or near LONDON WALL,E01032739,City of London 001F,Investigation complete; no suspect identified
143dd740f8f591cc8f2c466503b8abbb168a959a43b37f3e7bbee6fde88e02aa,2015-06,City of London Police,City of London Police,-0.088843,51.509532,On or near Parking Area,E01032739,City of London 001F,Investigation complete; no suspect identified
00322016da2646bfedf3315e32374482b0de229001b3314992cf9ce39b552955,2015-06,City of London Police,City of London Police,-0.112519,51.517568,On or near SOUTHAMPTON BUILDINGS,E01032740,City of London 001G,Investigation complete; no suspect identified
13840c0e2c213530a8b4c7990eaad3be77f781a3d8d3949b63e7a82299fa45a4,2015-06,City of London Police,City of London Police,-0.073849,51.514457,On or near Pedestrian Subway,E01032767,Tower Hamlets 021F,Investigation complete; no suspect identified
267891b97053a3b12fde986fb5a7cbe4e087cf54b2cc4e4a7dbbf49f69c1c754,2015-06,City of London Police,City of London Police,-0.084618,51.512682,On or near GRACECHURCH STREET,E01032739,City of London 001F,Investigation complete; no suspect identified
676ca07eddefa2dd7c12bee556026cbf97d72f940ab7c1407cae5ad607daf7ee,2015-06,City of London Police,City of London Police,-0.092040,51.515087,On or near GRESHAM STREET,E01032739,City of London 001F,Investigation complete; no suspect identified
7ab5d70e213cfae0511bc513f39d22d2f603434997f7a2a97f2e027ac9fab760,2015-06,City of London Police,City of London Police,-0.082811,51.510054,On or near IDOL LANE,E01032739,City of London 001F,Investigation complete; no suspect identified
204341318f0aa2b56dbc7005690f5cc7be4e39f33bddf6f592f02caec6530b78,2015-06,City of London Police,City of London Police,-0.111132,51.512420,On or near MIDDLE TEMPLE LANE,E01032740,City of London 001G,Investigation complete; no suspect identified
82b91ea6ce044c8077540ab1e1d85649d9cc8522622f704e1ad72ed01789828f,2015-06,City of London Police,City of London Police,-0.089596,51.518743,On or near NEW UNION STREET,E01000002,City of London 001B,Investigation complete; no suspect identified
6f6bfa2ea1487b5f38ccdee525b6f755cbddc08a038cbf87740be2dda8d593a4,2015-06,City of London Police,City of London Police,-0.080322,51.510651,On or near MARK LANE,E01032739,City of London 001F,Suspect charged
98a3385a78291038bbbfa51db0c274ccd4d7d5ab60f44a8dfb5a766c5980088d,2015-06,City of London Police,City of London Police,-0.111132,51.512420,On or near MIDDLE TEMPLE LANE,E01032740,City of London 001G,Unable to prosecute suspect
fce469aa29538f8cc138c590c0fad6b2c99192be7c5693f523f9b159ba32f9cd,2015-06,City of London Police,City of London Police,-0.092719,51.512652,On or near QUEEN VICTORIA STREET,E01032739,City of London 001F,Unable to prosecute suspect
dd86a074ec89f9da00f877c5e12e88790efece2024c0c4b9cf9e7e1435fbc97c,2015-06,City of London Police,City of London Police,-0.087760,51.517149,On or near LONDON WALL,E01032739,City of London 001F,Suspect charged
edfb8a02447dc2567939e3b9209a94ad43b905072cd3bbb53c258ff4f51df891,2015-06,City of London Police,City of London Police,-0.102721,51.515404,On or near ST GEORGES'S COURT,E01032740,City of London 001G,Investigation complete; no suspect identified
ec38551a2409e2ae9e41c16aa23f4e2851b6fefed31960957223e2c749444a9f,2015-06,City of London Police,City of London Police,-0.084618,51.512682,On or near GRACECHURCH STREET,E01032739,City of London 001F,Suspect charged
c1eda530ae08684789635717a88cfe19ada6bd4fc93dfede0b3b3e7f47203926,2015-06,City of London Police,City of London Police,-0.075146,51.513435,On or near Bus/Coach Station,E01000005,City of London 001E,Suspect charged
bf1fd611261139eca4d3c1bb53d1742a10046f15fa57b975aa81d3703495be09,2015-06,City of London Police,City of London Police,-0.078718,51.521038,On or near NORTON FOLGATE,E01004307,Tower Hamlets 015B,Suspect charged
207a49832fe3c4b512e4f1ff827b1336002f66e1f4d14dba6653b212b40fecbd,2015-06,City of London Police,City of London Police,-0.109647,51.514887,On or near FETTER LANE,E01032740,City of London 001G,Offender given a drugs possession warning
9c103b910ba7c6c034362485744e25b4bd81bd7690462fa89042c9ee45d6b9bb,2015-06,City of London Police,City of London Police,-0.096561,51.514513,On or near CHEAPSIDE,E01032739,City of London 001F,Local resolution
383e0e0bf773c7efa57cbc420f70744ee207fccfe01c5a96f021afbff728ef59,2015-06,City of London Police,City of London Police,-0.081620,51.516814,On or near ALDERMAN'S WALK,E01032739,City of London 001F,Investigation complete; no suspect identified
127f0cf2b461907b34f7797241cea22f7456c0de14d5ab90cd54c24d44d53773,2015-06,City of London Police,City of London Police,-0.086051,51.513569,On or near FINCH LANE,E01032739,City of London 001F,Offender given a caution
4efca3b9cba3f686e1a2b7fdb9d8bc7ad2b04f0853cfd14b5ab3eab7bdd5a9e9,2015-06,City of London Police,City of London Police,-0.085669,51.515100,On or near AUSTIN FRIARS,E01032739,City of London 001F,Offender given a drugs possession warning
ed291c46daacf26a5d07667c38c3af6cea1969538371177c168bafa889c2283c,2015-06,City of London Police,City of London Police,-0.079786,51.517576,On or near Police Station,E01032739,City of London 001F,Suspect charged
6e5939ad66d82127e0c5373c4cff7ca85ddb333ddd0eb82aee67a2fd98df8a1c,2015-06,City of London Police,City of London Police,-0.106922,51.514204,On or near FLEET STREET,E01032740,City of London 001G,Investigation complete; no suspect identified
344af9bd2a86aff80d5f67990e34ef7fa106a4cc8f95778bdfb2afb38f891ea8,2015-06,City of London Police,City of London Police,,,No location,,,Investigation complete; no suspect identified
238f90c25815a8c0911fe46864f61a1ca9f7544b467494d5871d81b5631c0b26,2015-06,City of London Police,City of London Police,-0.081620,51.516814,On or near ALDERMAN'S WALK,E01032739,City of London 001F,Investigation complete; no suspect identified
32cabb01665bfd4e0be7a33fee95f13d630c5f44e085e0a137d2d2759b322e51,2015-06,City of London Police,City of London Police,-0.096561,51.514513,On or near CHEAPSIDE,E01032739,City of London 001F,Suspect charged
9efc8887c1489d60fef732de1e9bd423e71bce6d6fd5bd4e251a9974e66f6f3b,2015-06,City of London Police,City of London Police,-0.088621,51.518619,On or near MOORFIELDS,E01000002,City of London 001B,Investigation complete; no suspect identified
14b6a249092e3be6ca831dca75f541e304fea9e40a544a8fd036de9a0fbdbcc2,2015-06,City of London Police,City of London Police,-0.078250,51.515033,On or near HOUNDSDITCH,E01000005,City of London 001E,Investigation complete; no suspect identified
02dfcef73e14933ad7811739b33dabe8ae2aea40202a5528d763ea7f2f18dd96,2015-06,City of London Police,City of London Police,-0.100179,51.514158,On or near Shopping Area,E01032739,City of London 001F,Investigation complete; no suspect identified
7f60a93ee2be839259ce4afcf235036a6d9c76c270652afc7813d97cb97fa591,2015-06,City of London Police,City of London Police,-0.085669,51.515100,On or near AUSTIN FRIARS,E01032739,City of London 001F,Investigation complete; no suspect identified
672802398d746654223d1cd936c6eff56002d7d95c4b6ba5a1bf8916555c2e4b,2015-06,City of London Police,City of London Police,-0.080318,51.520678,On or near PRIMROSE STREET,E01032739,City of London 001F,Offender given a drugs possession warning
94ad3bdf6cc6c6f610832581192a89de6bd1e92cc1ca3fdad3963229569e6643,2015-06,City of London Police,City of London Police,-0.095377,51.520789,On or near BRIDGEWATER STREET,E01000003,City of London 001C,Investigation complete; no suspect identified
cb8bea7ccabda2fd0b8dd9c546021c51b4b39e6d6a5a1a33902c709e88e834de,2015-06,City of London Police,City of London Police,-0.106282,51.511910,On or near JOHN CARPENTER STREET,E01032740,City of London 001G,Investigation complete; no suspect identified
dae35ac82eaf3143db746e756328e652df8a1ebd694b281c1500d6f3b3cccdbb,2015-06,City of London Police,City of London Police,-0.094720,51.514420,On or near WOOD STREET,E01032739,City of London 001F,Local resolution
28a4df2a794036c6ff157f2a17202d8d82d0ad605745cf845488b77eb6d05e71,2015-06,City of London Police,City of London Police,-0.080318,51.520678,On or near PRIMROSE STREET,E01032739,City of London 001F,Investigation complete; no suspect identified
1fa734fe64a3454a6b810e6522eb6558624673d70ec002e481c23dce4384f84a,2015-06,City of London Police,City of London Police,-0.085669,51.515100,On or near AUSTIN FRIARS,E01032739,City of London 001F,Offender given a drugs possession warning
8bfac2725c09dda116301fc5de091c210cb7796d32670f6dc768f42299f71f63,2015-06,City of London Police,City of London Police,-0.092719,51.512652,On or near QUEEN VICTORIA STREET,E01032739,City of London 001F,Investigation complete; no suspect identified
4eed6c66881cc88ed4a419c242fb0ced8d2e25fdc1fb8a2dabf9c167646eb700,2015-06,City of London Police,City of London Police,-0.102812,51.517042,On or near Police Station,E01032740,City of London 001G,Investigation complete; no suspect identified
fcfdcbc68918d6282fb0e56217acb0aa8865aeebff2c1bcbd1d77d95826225af,2015-06,City of London Police,City of London Police,-0.098148,51.517938,On or near ALBION WAY,E01032740,City of London 001G,Investigation complete; no suspect identified
279a1456f81ee488972087ed6b0c82f1d454a959181c085f78270bd1911d96d1,2015-06,City of London Police,City of London Police,-0.082913,51.513463,On or near LEADENHALL STREET,E01032739,City of London 001F,Investigation complete; no suspect identified
70de94f8d61070c4db5c1c4fc430bc395a29c5ba9ee1a52d0c845819b0d893da,2015-06,City of London Police,City of London Police,-0.106922,51.514204,On or near FLEET STREET,E01032740,City of London 001G,Investigation complete; no suspect identified
f13179d944d4fa56731762ba6457a1402e1b46034da3fc0817406bdef398e0ea,2015-06,City of London Police,City of London Police,-0.086624,51.511923,On or near CLEMENT'S LANE,E01032739,City of London 001F,Local resolution
d6fc1709761b7af69c1e64b702b3721fd0d508a38df80c46b2d09c136fefc941,2015-06,City of London Police,City of London Police,-0.078924,51.508587,On or near PETTY WALES,E01032739,City of London 001F,Investigation complete; no suspect identified
3f7b733270c16a837f3c3896521fb6809265c7f06041300f27ed36d5a0df91b2,2015-06,City of London Police,City of London Police,-0.087118,51.513199,On or near Nightclub,E01032739,City of London 001F,Investigation complete; no suspect identified
eb1367f66b8d266e279d3bbbce3e74f2657b8ca8d8ad1f53828c3fe8a076e8c4,2015-06,City of London Police,City of London Police,-0.097645,51.515142,On or near ST MARTIN'S LE GRAND,E01032739,City of London 001F,Investigation complete; no suspect identified
2fb3263d30f88ca55737b0b9d217c81d08700f9a94d8bce927bf871733780de9,2015-06,City of London Police,City of London Police,-0.077601,51.518799,On or near STEWARD STREET,E01004307,Tower Hamlets 015B,Investigation complete; no suspect identified
9fb797ccddd89b41e302bceb252dfd182769ba2e263536815d3872a2d9371682,2015-06,City of London Police,City of London Police,-0.082571,51.514753,On or near GREAT ST HELEN'S,E01032739,City of London 001F,Local resolution
9dabfb67233fcfe9e2a86653e296c4de50f0959464d7b6c4f82ab1623b5125e6,2015-06,City of London Police,City of London Police,-0.085355,51.510563,On or near PUDDING LANE,E01032739,City of London 001F,Suspect charged
e26b2a4a5928730756d3b804109953cacf57db53c89ab8f1a47cf572ab78144a,2015-06,City of London Police,City of London Police,-0.096363,51.513377,On or near NEW CHANGE,E01032739,City of London 001F,Investigation complete; no suspect identified
581e81ecc588273fc67a32f715e11718f5b879c32dbe659e755434dbd192d36a,2015-06,City of London Police,City of London Police,-0.081580,51.520510,On or near PINDAR STREET,E01032739,City of London 001F,Investigation complete; no suspect identified
4d627f0fe246ad8db9efed5d977b83be55f0dfd99e00e8138f3075c2679f41c3,2015-06,City of London Police,City of London Police,-0.088995,51.512088,On or near ST SWITHIN'S LANE,E01032739,City of London 001F,Suspect charged
580f99fcbc4506be6baec5f1e366600d2eebfd4d9bb6df3b49417e61173578e7,2015-06,City of London Police,City of London Police,-0.109826,51.516814,On or near NORWICH STREET,E01032740,City of London 001G,Unable to prosecute suspect
17270e72dfb7e304f646cf1b693fdb6bdab68fbead730d6a10b89153f09e1d98,2015-06,City of London Police,City of London Police,-0.108018,51.511749,On or near TEMPLE AVENUE,E01032740,City of London 001G,Investigation complete; no suspect identified
4e8d9632b282bbce26fe028562455bea59463fe28060a2f0ceb5861abeab5570,2015-06,City of London Police,City of London Police,-0.088233,51.515484,On or near TOKENHOUSE YARD,E01032739,City of London 001F,Investigation complete; no suspect identified
9db2c68c6e7067367f1afbbd56aecd521dae8be6d7b35aa31681d9cf7e526116,2015-06,City of London Police,City of London Police,-0.084618,51.512682,On or near GRACECHURCH STREET,E01032739,City of London 001F,Unable to prosecute suspect
0b9f953c1ca4f028831cb0f082575f1510f89e39b11aeefd969e56bbb87b7e4a,2015-06,City of London Police,City of London Police,-0.080376,51.517244,On or near Supermarket,E01032739,City of London 001F,Local resolution
dd5b44127174c4f70c7576c6536fb2e425d1b4f4e274705b10cb325317ca3c3f,2015-06,City of London Police,City of London Police,-0.084618,51.512682,On or near GRACECHURCH STREET,E01032739,City of London 001F,Unable to prosecute suspect
c4484071ea14f40cfe2d38050a74a8e073ad7e641ecfda09e6bd54f14ba0b865,2015-06,City of London Police,City of London Police,-0.102412,51.517297,On or near COCK LANE,E01032740,City of London 001G,Investigation complete; no suspect identified
7fc1543709ece99a3a8f728f9a2872ce566fa14c89d36df2c680c9424ca6f469,2015-06,City of London Police,City of London Police,-0.095377,51.520789,On or near BRIDGEWATER STREET,E01000003,City of London 001C,Investigation complete; no suspect identified
317b982843a51a43864fcd20c92c300a2551db5d0ebcf1a7e459cea319a85363,2015-06,City of London Police,City of London Police,-0.088621,51.518619,On or near MOORFIELDS,E01000002,City of London 001B,Investigation complete; no suspect identified
a2be26f9235b8350ceae772fb1c7d6de62476b43ca5f5afa6e6005e3483f6f00,2015-06,City of London Police,City of London Police,-0.085310,51.518511,On or near ELDON STREET,E01032739,City of London 001F,Investigation complete; no suspect identified
86bf1878f25a92ddd5a302bb99faaecff32dd11dbff01c013377c626011840a5,2015-06,City of London Police,City of London Police,-0.098886,51.519254,On or near KINGHORN STREET,E01032740,City of London 001G,Investigation complete; no suspect identified
1f42f6f376d4bb545f044ff9f782fcf922d4768dc1dcb18719759b57d1aad359,2015-06,City of London Police,City of London Police,-0.090710,51.513132,On or near QUEEN VICTORIA STREET,E01032739,City of London 001F,Investigation complete; no suspect identified
2a007c7b22c16571962fd1bd2e783f444e219953e4c0854b9eb801dec558d00d,2015-06,City of London Police,City of London Police,-0.084618,51.512682,On or near GRACECHURCH STREET,E01032739,City of London 001F,Unable to prosecute suspect
42333660f83522826b88f9f87e254c9d5d1e8d94d78df0577840cf7b5d6c0b87,2015-06,City of London Police,City of London Police,-0.100632,51.515739,On or near WARWICK LANE,E01032739,City of London 001F,Investigation complete; no suspect identified
8d610162f993dc6586ac1e93c000853c1947b1b752e00833b795ff8ceb8ee50c,2015-06,City of London Police,City of London Police,-0.090797,51.514482,On or near OLD JEWRY,E01032739,City of London 001F,Investigation complete; no suspect identified
e9113a662f28756dccb2f60df8c1f2a6f4be060579f57ef4cd3e987ed9fbb3d8,2015-06,City of London Police,City of London Police,-0.093398,51.512951,On or near WATLING STREET,E01032739,City of London 001F,Investigation complete; no suspect identified
ff7c6caa7baec03d83c9e480b0ac26aab42d3c5968eec6d8a236ca4bbadcf9b6,2015-06,City of London Police,City of London Police,-0.097645,51.515142,On or near ST MARTIN'S LE GRAND,E01032739,City of London 001F,Investigation complete; no suspect identified
ca30bb175e9617fa86cb44e9dbe6bbb1f09c5ad9419b183164782cd28a802b57,2015-06,City of London Police,City of London Police,-0.084566,51.517690,On or near BLOMFIELD STREET,E01032739,City of London 001F,Unable to prosecute suspect
d35c44f2605760a996fa01b6610fc6bd324ac9e562befce3140de960b372b920,2015-06,City of London Police,City of London Police,-0.101073,51.513453,On or near CREED LANE,E01032739,City of London 001F,Investigation complete; no suspect identified
76937627c1d3026a471640882f940a9607d87e592eadcf4caff8fd6f6321b694,2015-06,City of London Police,City of London Police,-0.084251,51.520059,On or near SUN STREET,E01032739,City of London 001F,Investigation complete; no suspect identified
09af46c3f6a71096a84af6de18484badd9685f6efa8d1a29d5b5394b04693784,2015-06,City of London Police,City of London Police,-0.094464,51.512959,On or near WATLING COURT,E01032739,City of London 001F,Investigation complete; no suspect identified
355bf2d681704d39aba735ed5d8ea914d334bb6c5718d4fa7dbbdd9a994d3187,2015-06,City of London Police,City of London Police,-0.079011,51.509614,On or near Pedestrian Subway,E01032739,City of London 001F,Investigation complete; no suspect identified
