Crime ID,Month,Reported by,Falls within,Longitude,Latitude,Location,LSOA code,LSOA name,Outcome type
3ed2bc3e3db4ab531c6e4b174f3054bb2065c151a6e1b1f89d4bdca5658a8856,2015-12,City of London Police,City of London Police,,,No location,,,Suspect charged
c9000daf23f5701cd532a37e57dca9543b26e336134ac63495884d9eb3b0c11b,2015-12,City of London Police,City of London Police,,,No location,,,Investigation complete; no suspect identified
63b408e24580396e4da50b057284f4bcb819828892436b4604ffa244eb88630d,2015-12,City of London Police,City of London Police,,,No location,,,Investigation complete; no suspect identified
d1dc7c135ac2bf0ed0efcecee862c3b58c985de2f630f6bd19dc49e13712bd8e,2015-12,City of London Police,City of London Police,,,No location,,,Investigation complete; no suspect identified
88fd24640c4dcfdfad21ada61ef206f8a8c54d1ebce1a4b52c256b47848b91d0,2015-12,City of London Police,City of London Police,,,No location,,,Investigation complete; no suspect identified
415ee59a125891d8e88316a9e8ca54dad7a2b19d9d2b228e72ac0b3b1e21fe81,2015-12,City of London Police,City of London Police,-0.084095,51.516900,On or near NEW BROAD STREET,E01032739,City of London 001F,Unable to prosecute suspect
0c17ba38c16da8aab6f11d8bb59676f93c7ef5c72ed7fe746f4a29852a314300,2015-12,City of London Police,City of London Police,-0.087118,51.513199,On or near Nightclub,E01032739,City of London 001F,Investigation complete; no suspect identified
7b762335a0af6d76ad55b30173687b0bc0a8edaee44c3c22e8d3021a662dedc8,2015-12,City of London Police,City of London Police,,,No location,,,Investigation complete; no suspect identified
f41dae7324d0493241c741f045bdd0659499760522620bebe1dacc67144e53df,2015-12,City of London Police,City of London Police,-0.081832,51.514507,On or near UNDERSHAFT,E01032739,City of London 001F,Investigation complete; no suspect identified
00f8547c83bf3d68156851d8cbc266ea4c6868efc1b59aaf76f35829041f31ea,2015-12,City of London Police,City of London Police,-0.088843,51.509532,On or near Parking Area,E01032739,City of London 001F,Investigation complete; no suspect identified
b23f2665e7dbc58a8ad43931621febacffd22f6b0a0c2decb7c0b44db5784ad6,2015-12,City of London Police,City of London Police,-0.084723,51.514986,On or near Conference/Exhibition Centre,E01032739,City of London 001F,Investigation complete; no suspect identified
a370fce73ed299305a1683299307659b22a325fba3437822c5edcba01941c0de,2015-12,City of London Police,City of London Police,,,No location,,,Unable to prosecute suspect
a2c79551f1a4be5f9469f94e10cc28e860e05ce275b921ecab04d2058cc87080,2015-12,City of London Police,City of London Police,-0.104621,51.512692,On or near Supermarket,E01032740,City of London 001G,Investigation complete; no suspect identified
14317078fb35ff128374911a96692c158e539bfe297371ceef02fb699f568376,2015-12,City of London Police,City of London Police,,,No location,,,Investigation complete; no suspect identified
93d7ce0569d77682e2e19e21b89f6ab1667701a33ec90763a52039c48d3a2115,2015-12,City of London Police,City of London Police,-0.079786,51.517576,On or near Police Station,E01032739,City of London 001F,Unable to prosecute suspect
6a92cc3d951d61ba4f25fac435a6e5806cc3f730605959217194fc4b466a4782,2015-12,City of London Police,City of London Police,-0.078308,51.518091,On or near WIDEGATE STREET,E01032739,City of London 001F,Investigation complete; no suspect identified
c5ec1ae67d447ec383287c3e182aa2880d58b04bbe182ab471a4c7015dd71469,2015-12,City of London Police,City of London Police,-0.075508,51.514763,On or near Pedestrian Subway,E01000005,City of London 001E,Unable to prosecute suspect
731b249c75621283485c75196d96f46fa8c18f1e2a831457bd0d6ab861b54bb4,2015-12,City of London Police,City of London Police,-0.109647,51.514887,On or near FETTER LANE,E01032740,City of London 001G,Offender given a caution
a18e83918a4cb7a9dc63b35354bca0dd5a25c225ded9fd6d6e6d93037d809731,2015-12,City of London Police,City of London Police,,,No location,,,Suspect charged
776a3ef37e12f348f2e0d217aea1dff435400f01427a83c1ebceb5f0e171b4bd,2015-12,City of London Police,City of London Police,-0.109155,51.516668,On or near FETTER LANE,E01032740,City of London 001G,Suspect charged
1aa4a175a877bc02611e8b543e06542b6d733a84dfc6c200ed6d13c5b17c9328,2015-12,City of London Police,City of London Police,-0.077578,51.510795,On or near PEPYS STREET,E01032739,City of London 001F,Suspect charged
81130c4dba0f08ae808d7f4fadfbc1f095dd502e02a1c92a42ad8f8c4c09e3a8,2015-12,City of London Police,City of London Police,-0.092719,51.512652,On or near QUEEN VICTORIA STREET,E01032739,City of London 001F,Suspect charged
4168d7c16199a4f6fbfad62e926abea07b88de40c73a42a8a696a658e246a1bf,2015-12,City of London Police,City of London Police,-0.084967,51.512598,On or near BELL INN YARD,E01032739,City of London 001F,Suspect charged
984a08fbd0a99532bc2d3d48980dc37722afaea7de9e707e19284e6e027226c3,2015-12,City of London Police,City of London Police,-0.084967,51.512598,On or near BELL INN YARD,E01032739,City of London 001F,Suspect charged
64e956ecb79d184fde52d98eb8aac45ecd616c5f60a256af970d9443fde0fcfa,2015-12,City of London Police,City of London Police,-0.081938,51.513007,On or near LIME STREET,E01032739,City of London 001F,Suspect charged
6b22cb10985a8a201b64ab931d292e07106b23e9f083637ba3cdf7236f48b056,2015-12,City of London Police,City of London Police,-0.080376,51.517244,On or near Supermarket,E01032739,City of London 001F,Suspect charged
a18e83918a4cb7a9dc63b35354bca0dd5a25c225ded9fd6d6e6d93037d809731,2015-12,City of London Police,City of London Police,,,No location,,,Suspect charged
42970e5b44d9e6b1d19b4f6c9d9818021f7fe9e4def33835ee62331361ac9ba6,2015-12,City of London Police,City of London Police,-0.089698,51.511812,On or near OXFORD COURT,E01032739,City of London 001F,Suspect charged
adc19de0f254615a123a0c2b330d8a8ffcd53ac812ba20923641b31455d3c068,2015-12,City of London Police,City of London Police,-0.079875,51.510995,On or near HART STREET,E01032739,City of London 001F,Suspect charged
69604aac0bd0a53d034ae527d57e79e0bd900bbc861a13eaafbae7fcbfeb9d7e,2015-12,City of London Police,City of London Police,-0.091823,51.514418,On or near IRONMONGER LANE,E01032739,City of London 001F,Suspect charged
cd245a525340e4101150113b019cd3385a1828d1a2c61ddf8f65e07cf74ff396,2015-12,City of London Police,City of London Police,-0.084618,51.512682,On or near GRACECHURCH STREET,E01032739,City of London 001F,Suspect charged
fafefd4f8d5830723ddbcc8ebeec61b59f9b8b84ba8f793bb2e9517cc9227b54,2015-12,City of London Police,City of London Police,,,No location,,,Investigation complete; no suspect identified
8b6686ca226514509fdcdb9dbe7f4c52b37a7ae29e90983efe7fcf8d41b14cdc,2015-12,City of London Police,City of London Police,-0.094758,51.512829,On or near Nightclub,E01032739,City of London 001F,Offender given a drugs possession warning
0f59070d6c780a2fcebc7c5d2a62e56836051d6e0236bd2e6d3bcdf22638fbbd,2015-12,City of London Police,City of London Police,-0.100179,51.514158,On or near Shopping Area,E01032739,City of London 001F,Investigation complete; no suspect identified
1826735810a57f8d408f368a1cafe33d3ca757670e9f231b925d3dd9bb878d17,2015-12,City of London Police,City of London Police,-0.075196,51.512609,On or near ST CLARE STREET,E01000005,City of London 001E,Offender given a caution
48cc5cbea25923612f2b71d95dad5fe0d44c20039abdc98fa65b463676b05750,2015-12,City of London Police,City of London Police,-0.087118,51.513199,On or near Nightclub,E01032739,City of London 001F,Investigation complete; no suspect identified
8b4dea1bbd93edc5e9bcfaad5476389361175f1958a611de05dca4f1a6923775,2015-12,City of London Police,City of London Police,-0.100884,51.516966,On or near Hospital,E01032740,City of London 001G,Investigation complete; no suspect identified
ba0daea17ce7666b88ecb283727d20c0220b739e48f67706b95befa61bc4df40,2015-12,City of London Police,City of London Police,-0.079786,51.517576,On or near Police Station,E01032739,City of London 001F,Suspect charged
40ab6f50b24ad215d9b2a6e77e178c9fedbba4a6dedebab589bc1851ebab3437,2015-12,City of London Police,City of London Police,-0.091720,51.513454,On or near Supermarket,E01032739,City of London 001F,Offender given a caution
6c10a57982278cba7a5cc3fd506c223afeb8822d192fdad167590c2491f12b93,2015-12,City of London Police,City of London Police,-0.082571,51.514753,On or near GREAT ST HELEN'S,E01032739,City of London 001F,Offender given a caution
ff2941ccd874b5d0efa0a334188ca6b97e92c1999d982cf01e7b99ed5222522b,2015-12,City of London Police,City of London Police,-0.110735,51.517836,On or near Further/Higher Educational Building,E01032740,City of London 001G,Investigation complete; no suspect identified
703aa1647e8f17189d4ef8efe2cb411462996a6dab5a2a21c6a9a8dc3d7eeb6b,2015-12,City of London Police,City of London Police,-0.092865,51.510182,On or near Parking Area,E01032739,City of London 001F,Investigation complete; no suspect identified
4a7dde2b2bd9b0f6e220e81be962b1674e80136c9910671e56a9714a6105ff46,2015-12,City of London Police,City of London Police,-0.083993,51.511440,On or near PHILPOT LANE,E01032739,City of London 001F,Investigation complete; no suspect identified
17a72202a1ca81a2dd94a90426ef46ce88901db8190981f52d73d6297a7e9f7a,2015-12,City of London Police,City of London Police,-0.080376,51.517244,On or near Supermarket,E01032739,City of London 001F,Investigation complete; no suspect identified
64e7308056b7b2f1415cfafc479f0bedfb336670b8bc235f1e14070d8ec1cfde,2015-12,City of London Police,City of London Police,-0.086051,51.513569,On or near FINCH LANE,E01032739,City of London 001F,Investigation complete; no suspect identified
dbde52e1a6af676e6d0e593ea3ade113ed5b2dea06a18405d90e4c8bc6f257e7,2015-12,City of London Police,City of London Police,-0.077451,51.515523,On or near WHITE KENNETT STREET,E01000005,City of London 001E,Investigation complete; no suspect identified
1274e37c1133e88a881cebeda248935cf49bedefb7a799e116b0a0aa42eaec51,2015-12,City of London Police,City of London Police,-0.100202,51.513268,On or near DEAN'S COURT,E01032739,City of London 001F,Investigation complete; no suspect identified
f264b6ae6bbbd676f12fdf64a9bb48df36e97f384f44ee5fee18ceb92e418f1c,2015-12,City of London Police,City of London Police,-0.089716,51.514501,On or near PRINCE'S STREET,E01032739,City of London 001F,Unable to prosecute suspect
2bcccbd3faa2b750145c528f03f30b50d4d1b49a477dcc8964a9c16046567045,2015-12,City of London Police,City of London Police,-0.086624,51.511923,On or near CLEMENT'S LANE,E01032739,City of London 001F,Offender given a caution
3c58aa0cddcc31d8ac6ff59010c38765e7f6cbcbd6ff591e44c137c8fb18ddd9,2015-12,City of London Police,City of London Police,-0.093465,51.514463,On or near RUSSIA ROW,E01032739,City of London 001F,Suspect charged
c64aac161ef479b207f374eaf341f2aa8339e6013754dd627c74a8d37e688e44,2015-12,City of London Police,City of London Police,-0.086624,51.511923,On or near CLEMENT'S LANE,E01032739,City of London 001F,Suspect charged
d0d9ecb7f40377bd0a8b03c279f80378e113e461accebb48f05d5b24dd5a6f0e,2015-12,City of London Police,City of London Police,-0.089040,51.512745,On or near MANSION HOUSE PLACE,E01032739,City of London 001F,Suspect charged
7b4ac1995aeacd3b430a08bf148623128a11b92efdb4b566f42893596cb34ef3,2015-12,City of London Police,City of London Police,-0.106922,51.514204,On or near FLEET STREET,E01032740,City of London 001G,Investigation complete; no suspect identified
4ee9a609b11d16e4bdaca051ca9511b3b5ec29e46b6f88c0858072b1a95a3682,2015-12,City of London Police,City of London Police,-0.074901,51.506255,On or near A100,E01004293,Tower Hamlets 027B,Investigation complete; no suspect identified
dd8ada839cdec602e0c46987b8f860a8c0ca4d18f565f37fa37058d95f6f1373,2015-12,City of London Police,City of London Police,-0.082965,51.516351,On or near WORMWOOD STREET,E01032739,City of London 001F,Offender given a caution
28ab2a5a5580cd2fe3f2d66d3ecf73b37586eb67d95ecc1199fdc7111b2a2cc9,2015-12,City of London Police,City of London Police,-0.105134,51.513869,On or near BRIDE LANE,E01032740,City of London 001G,Suspect charged
0178257499b2fb6a0f45c6cada4f3dce7fc7081c110b3d3466d965f593d7639c,2015-12,City of London Police,City of London Police,,,No location,,,Offender given a caution
0670a7683dccf0abb9ea95d8453256a18ce5fdd8128ad7eb33051648bf9b27e9,2015-12,City of London Police,City of London Police,-0.079398,51.516508,On or near DEVONSHIRE SQUARE,E01032739,City of London 001F,Investigation complete; no suspect identified
4eeffcc0bc377174bf6ed39bd873aef961a4ccb36a75be246270421cc7857503,2015-12,City of London Police,City of London Police,-0.084618,51.512682,On or near GRACECHURCH STREET,E01032739,City of London 001F,Investigation complete; no suspect identified
8fcaf4a11813ccb88c543ee45c714535c7526ffea9c6591fdb3b58ac8cbf32f0,2015-12,City of London Police,City of London Police,-0.091151,51.514992,On or near GRESHAM STREET,E01032739,City of London 001F,Investigation complete; no suspect identified
cfd0ed00793354c009878c44a6cbaf4b8e5b5142701e6882d7bc976d5e982852,2015-12,City of London Police,City of London Police,-0.082722,51.518029,On or near Pedestrian Subway,E01032739,City of London 001F,Investigation complete; no suspect identified
dd4494302322b95b2280dc7cb69f07fc5c56366b89c9a2d309609bfd86617908,2015-12,City of London Police,City of London Police,-0.098777,51.512526,On or near KNIGHTRIDER STREET,E01032739,City of London 001F,Investigation complete; no suspect identified
bc0813c0f5318d30171e658321e8e31bf00ee328a82d699817a3746ce2ef9b4b,2015-12,City of London Police,City of London Police,-0.087118,51.513199,On or near Nightclub,E01032739,City of London 001F,Investigation complete; no suspect identified
a9aa39d9e6fbf3f18b8429aa552caf0742b91ee62b85082c77cdc335a4601b6b,2015-12,City of London Police,City of London Police,-0.079786,51.517576,On or near Police Station,E01032739,City of London 001F,Suspect charged
539fefe496916e8194c3d5d92d11c5d71135a75e4118616ea9c5cfcb7b8ed633,2015-12,City of London Police,City of London Police,-0.086624,51.511923,On or near CLEMENT'S LANE,E01032739,City of London 001F,Suspect charged
d6ad6b840522070c955f391ad4806d965841b8f31ad33336e38d011fd1847f37,2015-12,City of London Police,City of London Police,-0.081516,51.510014,On or near GREAT TOWER STREET,E01032739,City of London 001F,Investigation complete; no suspect identified
b9114f25784cc41c342e19e96ba953e32678acde3ec6bc9b196808772d861aae,2015-12,City of London Police,City of London Police,-0.107148,51.511879,On or near TALLIS STREET,E01032740,City of London 001G,Formal action is not in the public interest
50d411d983c5bb20ee05b63db875ca2db68e87d374f2ef440ac40f842cc89a02,2015-12,City of London Police,City of London Police,-0.085310,51.518511,On or near ELDON STREET,E01032739,City of London 001F,Investigation complete; no suspect identified
50c2402b5dc93ec22a45dc5208b4f7c13ac1d26522566befd8697eb04d7e11ee,2015-12,City of London Police,City of London Police,-0.079786,51.517576,On or near Police Station,E01032739,City of London 001F,Investigation complete; no suspect identified
f4e2bd27a6c1644a1540a3346665e18d755a05b4a8a3df7c2339e81d75d3839b,2015-12,City of London Police,City of London Police,-0.079398,51.516508,On or near DEVONSHIRE SQUARE,E01032739,City of London 001F,Offender given a drugs possession warning
a60b4ac030e869ba37b074e0c2a41f65c707a8226adbac85e26da9b90a43d66c,2015-12,City of London Police,City of London Police,,,No location,,,Suspect charged
d9946ca9ea48c1f6d4b3792ffd15ea76dd70a485a568b8c7f82ebd552879471e,2015-12,City of London Police,City of London Police,-0.095960,51.517534,On or near LONDON WALL,E01000001,City of London 001A,Offender given a caution
81e3c5256ad6a8420e645d9990654a79f620a3cb8e29bbf65def32256fff4d8f,2015-12,City of London Police,City of London Police,-0.080376,51.517244,On or near Supermarket,E01032739,City of London 001F,Suspect charged
a24abd0010ec514d6e675c5b90cd7d0aa48c1ece7ab1903decf860e2fde409d1,2015-12,City of London Police,City of London Police,-0.108231,51.513928,On or near PLEYDELL STREET,E01032740,City of London 001G,Investigation complete; no suspect identified
8d2d089064d2c62c03d7c8b5e9658d76f8d68db96c36376769fe67ebc3866f75,2015-12,City of London Police,City of London Police,-0.092719,51.512652,On or near QUEEN VICTORIA STREET,E01032739,City of London 001F,Offender given a caution
3dbe7204f3a59fbc19688574a24755de98df69daa49340e10fb170dc1728e763,2015-12,City of London Police,City of London Police,-0.092719,51.512652,On or near QUEEN VICTORIA STREET,E01032739,City of London 001F,Investigation complete; no suspect identified
f9597acf409dd319d313fd35fddc168edd6db587c7afe1f1284ae547001703ca,2015-12,City of London Police,City of London Police,-0.086624,51.511923,On or near CLEMENT'S LANE,E01032739,City of London 001F,Suspect charged
478d41cecad357e5a967de3eff3afd77757c0b8501f2867bb73bfc7882bf2ac8,2015-12,City of London Police,City of London Police,-0.090348,51.519358,On or near MOOR LANE,E01000002,City of London 001B,Investigation complete; no suspect identified
90c8f28aa401a20cf52fbcf6960a030b613a4bc23bae5eb8413e54de6b3151b7,2015-12,City of London Police,City of London Police,-0.080376,51.517244,On or near Supermarket,E01032739,City of London 001F,Suspect charged
ba2ece56aad5a6ab01e74c8b719373f3f6562285bf210caa79256120728060ec,2015-12,City of London Police,City of London Police,-0.094464,51.512959,On or near WATLING COURT,E01032739,City of London 001F,Investigation complete; no suspect identified
182003522e090bdc59fd0c0709938c1d0f03a6868362a9407d47f61c6b4ce13e,2015-12,City of London Police,City of London Police,-0.077578,51.510795,On or near PEPYS STREET,E01032739,City of London 001F,Investigation complete; no suspect identified
4919af6cbf89694a3b6b714bcafcade9fd4ea316f90b953cc723d83599122acd,2015-12,City of London Police,City of London Police,-0.082571,51.514753,On or near GREAT ST HELEN'S,E01032739,City of London 001F,Investigation complete; no suspect identified
b782b706c5ab09db0921aac9dea1794d28c5a602b6999b347440e70d14f243e6,2015-12,City of London Police,City of London Police,0.227117,51.503183,On or near SANDY LANE,E01002344,Havering 029B,Investigation complete; no suspect identified
1ee50aa7deab5545050f3289f0ead8f8aa720481f7dac3ad03e4520057b48c33,2015-12,City of London Police,City of London Police,-0.082571,51.514753,On or near GREAT ST HELEN'S,E01032739,City of London 001F,Investigation complete; no suspect identified
b22ff0e0130dbdb4f88bf847b8f8e182e239688141c2ffc6283ba2aeb1d88e5b,2015-12,City of London Police,City of London Police,-0.093933,51.519812,On or near Conference/Exhibition Centre,E01000002,City of London 001B,Investigation complete; no suspect identified
22fe75c78f0f0326fe9c1acd6b5e449fad05f8ad562f2aad36a0609194024253,2015-12,City of London Police,City of London Police,-0.080376,51.517244,On or near Supermarket,E01032739,City of London 001F,Offender given a caution
bfeed84cd4cedf9b6274e65c1c296b145c9c320c27731b8b06226fbaf3d7efaa,2015-12,City of London Police,City of London Police,-0.096363,51.513377,On or near NEW CHANGE,E01032739,City of London 001F,Investigation complete; no suspect identified
0f273291607ed3ecbbd23e91928ea550d95537336ce4bd774a722be7cecd707c,2015-12,City of London Police,City of London Police,-0.077777,51.518046,On or near SANDY'S ROW,E01032739,City of London 001F,Investigation complete; no suspect identified
f0fe4c88a440dda6039c82af57a3a1a49a41b48290d3540af26d24781152f886,2015-12,City of London Police,City of London Police,-0.092719,51.512652,On or near QUEEN VICTORIA STREET,E01032739,City of London 001F,Investigation complete; no suspect identified
8b9f6bded9e1e72824eebbcecfabde2def990e6ca36a54f17b9655df112d3043,2015-12,City of London Police,City of London Police,-0.097645,51.515142,On or near ST MARTIN'S LE GRAND,E01032739,City of London 001F,Investigation complete; no suspect identified
c21878dad6e1b1fdc41c4ddfe35e62298a768e7b5241f72995b39619e7510a04,2015-12,City of London Police,City of London Police,-0.082965,51.516351,On or near WORMWOOD STREET,E01032739,City of London 001F,Investigation complete; no suspect identified
a9b9712780ee74b44c3cfbff0e1325541ce46924c456f4f0b580cf9672b8a4a9,2015-12,City of London Police,City of London Police,-0.088473,51.518374,On or near MOOR PLACE,E01032739,City of London 001F,Offender given a caution
8f7d65d1f37cbfde776926a8a9427a8d994d653119d1e6b1184dc38390be602e,2015-12,City of London Police,City of London Police,-0.080318,51.520678,On or near PRIMROSE STREET,E01032739,City of London 001F,Investigation complete; no suspect identified
c14813ef766f81175e62ce38cf366f89a51e2675466a1d71bb1c428ebccd482c,2015-12,City of London Police,City of London Police,-0.085257,51.511200,On or near TALBOT COURT,E01032739,City of London 001F,Investigation complete; no suspect identified
de97c70bcb1f5b872892cdbf0707956404e21f35ce7d3d9387ec2b6963799b1e,2015-12,City of London Police,City of London Police,-0.079786,51.517576,On or near Police Station,E01032739,City of London 001F,Unable to prosecute suspect
a6550cd5f3dba03cab6a986c897367fb578b2f2d2539bf702213453bc503fada,2015-12,City of London Police,City of London Police,-0.097223,51.515225,On or near ST MARTIN'S LE GRAND,E01000001,City of London 001A,Investigation complete; no suspect identified
cb093dfdd1f190215dbbd68d2af30e4aa45f9d77222f192345849adf759b6d9d,2015-12,City of London Police,City of London Police,-0.086051,51.513569,On or near FINCH LANE,E01032739,City of London 001F,Suspect charged
bc6cfddb6f97eb8b5159f9e3b1123b6f1e2629d900ed2bb852f5dd8c50a1831c,2015-12,City of London Police,City of London Police,-0.083993,51.511440,On or near PHILPOT LANE,E01032739,City of London 001F,Investigation complete; no suspect identified
e0e84728bc2f0ea6e75d164fe4c685288b1a92a7f4288b1323c07cb57111e86a,2015-12,City of London Police,City of London Police,-0.079283,51.511021,On or near SEETHING LANE,E01032739,City of London 001F,Investigation complete; no suspect identified
de20f25e4584aa52efbd2e4695fb6499beb378aab9778a058815a3a9beb8b0bd,2015-12,City of London Police,City of London Police,-0.089596,51.518743,On or near NEW UNION STREET,E01000002,City of London 001B,Investigation complete; no suspect identified
af4052a1659870a40fda20cf05c55f7a811f0bf25cdb069412b0017d43418556,2015-12,City of London Police,City of London Police,-0.098138,51.520609,On or near CARTHUSIAN STREET,E01033490,Islington 022H,Suspect charged
36d99625b5df132832493ffd21543785b4914dfa742e9d620a81ff959edf6bb9,2015-12,City of London Police,City of London Police,-0.075508,51.514763,On or near Pedestrian Subway,E01000005,City of London 001E,Investigation complete; no suspect identified
9d86afb32254095fd506ab0b2fbc7704cd433da564b6b6615a296516a86dc35a,2015-12,City of London Police,City of London Police,-0.099907,51.512031,On or near QUEEN VICTORIA STREET,E01032739,City of London 001F,Offender sent to prison
16cf96fce71c01b49e78f9e9f196367c90dfe665e8370ee6808833933d62754b,2015-12,City of London Police,City of London Police,-0.103494,51.518654,On or near Shopping Area,E01032740,City of London 001G,Defendant found not guilty
eebf41b84533d2e5f49b9148c09b2a85f1d81beab5c91efd10e80ef28924fbc2,2015-12,City of London Police,City of London Police,-0.104494,51.509848,On or near A201,E01032739,City of London 001F,Defendant found not guilty
65ce74f2b3a8867bb472e8a0af84b6da4aac160ac4b0827ffeb5f12e4a1168da,2015-12,City of London Police,City of London Police,-0.105134,51.513869,On or near BRIDE LANE,E01032740,City of London 001G,Offender given community sentence
3ab667c664753b93e2fd84974ea875f090846428dee7749adb896ccc566e29b8,2015-12,City of London Police,City of London Police,-0.096814,51.512952,On or near ST PAUL'S CHURCH YARD,E01032739,City of London 001F,Offender given community sentence
efc4b2f2ccd7976f717ed46c1992fab2206e834ce324fa95143317750ab351e3,2015-12,City of London Police,City of London Police,-0.076044,51.512650,On or near INDIA STREET,E01000005,City of London 001E,Offender sent to prison
39de8dc91d4d8574d922d6ae252492a85e48794d81bf760d136c1e43cb551138,2015-12,City of London Police,City of London Police,-0.076435,51.513627,On or near ALDGATE,E01000005,City of London 001E,Offender given community sentence
c62ac5082badd7e60450f4f1cf1171c586f5af53565cbc31952cb82291fc1fa9,2015-12,City of London Police,City of London Police,-0.086278,51.509876,On or near FISH STREET HILL,E01032739,City of London 001F,Defendant found not guilty
93fe56974c5a2a64e733d5ab7854d2ab6d36b13ae850d390efb7ad4973b54319,2015-12,City of London Police,City of London Police,-0.087763,51.516393,On or near COPTHALL AVENUE,E01032739,City of London 001F,Offender given suspended prison sentence
fb4a2068411829555b3535532ff94c58b62d1981297f4d2422686ce7ca789beb,2015-12,City of London Police,City of London Police,-0.080376,51.517244,On or near Supermarket,E01032739,City of London 001F,Offender given conditional discharge
322156dccdab5db6e9b6d696f393733f83058aca11dae4a2f0c6898a8e85e949,2015-12,City of London Police,City of London Police,-0.096643,51.512545,On or near DISTAFF LANE,E01032739,City of London 001F,Defendant found not guilty
21a6e02bde0e47c759898afd1e3f9028e48c9ea98fbb7fc67fc46d3c4e7bb126,2015-12,City of London Police,City of London Police,-0.104252,51.516733,On or near Supermarket,E01032740,City of London 001G,Defendant found not guilty
378d87ee3dc6eb5679bd92c5ed07c9b4ad9f95364aaa7f82cc539795f77d6010,2015-12,City of London Police,City of London Police,-0.085355,51.510563,On or near PUDDING LANE,E01032739,City of London 001F,Offender fined
eebf41b84533d2e5f49b9148c09b2a85f1d81beab5c91efd10e80ef28924fbc2,2015-12,City of London Police,City of London Police,-0.104494,51.509848,On or near A201,E01032739,City of London 001F,Offender sent to prison
057c10acfdbe13f1e02c1203df8f9bbd953672f6ff2d69a3f21ea5bb66bc9291,2015-12,City of London Police,City of London Police,-0.084566,51.517690,On or near BLOMFIELD STREET,E01032739,City of London 001F,Offender fined
ed85b46b602c0f2c3bb0d7c1425a2e67e378385fc22e851853f94754002514d5,2015-12,City of London Police,City of London Police,-0.085355,51.510563,On or near PUDDING LANE,E01032739,City of London 001F,Offender sent to prison
20886c81433e854b9771721e9be5ea42a7a070aedaa9731507596095d4b77c46,2015-12,City of London Police,City of London Police,-0.085669,51.515100,On or near AUSTIN FRIARS,E01032739,City of London 001F,Offender sent to prison
423d68fc331334be6720c4ce2d1971231577295d04f0feaec8d0ac5774d416bd,2015-12,City of London Police,City of London Police,-0.076435,51.513627,On or near ALDGATE,E01000005,City of London 001E,Court case unable to proceed
3d13b03e34ae2d91e95e2a626053748622df1063ac1a2c9519ff9a0fae6cb23f,2015-12,City of London Police,City of London Police,-0.086278,51.509876,On or near FISH STREET HILL,E01032739,City of London 001F,Offender sent to prison
a9aa39d9e6fbf3f18b8429aa552caf0742b91ee62b85082c77cdc335a4601b6b,2015-12,City of London Police,City of London Police,-0.079786,51.517576,On or near Police Station,E01032739,City of London 001F,Offender given community sentence
28ab2a5a5580cd2fe3f2d66d3ecf73b37586eb67d95ecc1199fdc7111b2a2cc9,2015-12,City of London Police,City of London Police,-0.105134,51.513869,On or near BRIDE LANE,E01032740,City of London 001G,Offender given community sentence
f9a5f1d48bbe7303e92dfb1a20f0ae92caca2309074a96b539500c623a7967c4,2015-12,City of London Police,City of London Police,-0.081620,51.516814,On or near ALDERMAN'S WALK,E01032739,City of London 001F,Court case unable to proceed
c2c1681c9ae7d125cbbf7fc233d73c7661c3979510fcb0383984278576fb69bf,2015-12,City of London Police,City of London Police,-0.076592,51.514367,On or near Pedestrian Subway,E01000005,City of London 001E,Offender sent to prison
41be934089fde2f5584cf6243c0ba17a8fe119593feede7237e8b40b71ac93de,2015-12,City of London Police,City of London Police,-0.097973,51.512108,On or near DISTAFF LANE,E01032739,City of London 001F,Offender sent to prison
9d86afb32254095fd506ab0b2fbc7704cd433da564b6b6615a296516a86dc35a,2015-12,City of London Police,City of London Police,-0.099907,51.512031,On or near QUEEN VICTORIA STREET,E01032739,City of London 001F,Offender given suspended prison sentence
539fefe496916e8194c3d5d92d11c5d71135a75e4118616ea9c5cfcb7b8ed633,2015-12,City of London Police,City of London Police,-0.086624,51.511923,On or near CLEMENT'S LANE,E01032739,City of London 001F,Offender fined
60e51966d8c435e84bfb6482a73d2a7565d54e7d52f798108fd53c79624f1da1,2015-12,City of London Police,City of London Police,-0.104494,51.509848,On or near A201,E01032739,City of London 001F,Offender sent to prison
c60f95c1b24043c6426dd90dab4882ca5ee00fdcf21505b81ac0870c5780147a,2015-12,City of London Police,City of London Police,-0.079786,51.517576,On or near Police Station,E01032739,City of London 001F,Offender given community sentence
d32cad4ad69abb903a3787ffb566e9c0e6306a6a06152843501e97d44f346e1f,2015-12,City of London Police,City of London Police,-0.083086,51.511407,On or near ROOD LANE,E01032739,City of London 001F,Suspect charged
f478c7c28fc1320db4c9ae13d866064fa965b80210124b15aa47fa536a4d3baf,2015-12,City of London Police,City of London Police,,,No location,,,Investigation complete; no suspect identified
0433c27e82a8310e57409fd9737b4c1c3f2b6175c03e2ffe4da2218252a70daf,2015-12,City of London Police,City of London Police,,,No location,,,Investigation complete; no suspect identified
44bd9b1c03124ffbbeba2c179bfb3f847a2a43685edd221ece5d5977d0bead96,2015-12,City of London Police,City of London Police,-0.085173,51.518680,On or near FINSBURY AVENUE,E01032739,City of London 001F,Investigation complete; no suspect identified
057c10acfdbe13f1e02c1203df8f9bbd953672f6ff2d69a3f21ea5bb66bc9291,2015-12,City of London Police,City of London Police,-0.084566,51.517690,On or near BLOMFIELD STREET,E01032739,City of London 001F,Suspect charged
6c7bbd340ef22e69992a0a8c4a2741cf981923ac7fc33ab9c82c8087cbf6c7b1,2015-12,City of London Police,City of London Police,-0.079786,51.517576,On or near Police Station,E01032739,City of London 001F,Offender given a caution
188901c3a5093ebd1801f488d72a0a44393adad7119ff5daaaa95d85f593d746,2015-12,City of London Police,City of London Police,-0.097645,51.515142,On or near ST MARTIN'S LE GRAND,E01032739,City of London 001F,Investigation complete; no suspect identified
9be4faa2135dff82fdfeaed527077d23e4200f4ca95bf6c9ef2781f1823f9716,2015-12,City of London Police,City of London Police,-0.092865,51.510182,On or near Parking Area,E01032739,City of London 001F,Investigation complete; no suspect identified
976a4e227e948df2003a164e1feb1f2154f0402544d61c55e0b6f6a51ba5d02e,2015-12,City of London Police,City of London Police,,,No location,,,Offender given a caution
9b1b957980fa960c1cdf31d1b02144e8e966aecf9ed6d58fa4168d8fdcfc8f90,2015-12,City of London Police,City of London Police,-0.078393,51.515728,On or near CLOTHIER STREET,E01000005,City of London 001E,Investigation complete; no suspect identified
fef96ce38713e5229a79004e489b82f9fb0786b44b0424bcf2e35776fb483586,2015-12,City of London Police,City of London Police,-0.082571,51.514753,On or near GREAT ST HELEN'S,E01032739,City of London 001F,Suspect charged
fa244e1d754c3d779f3d29062883f05a86d46f6e7aef65c4f1746781ea60e5da,2015-12,City of London Police,City of London Police,-0.088872,51.510890,On or near LAURENCE POUNTNEY HILL,E01032739,City of London 001F,Investigation complete; no suspect identified
9cdd4ddc58c459b64188e3335db2b613560ab115ce1143b31def40fd34dd2f4c,2015-12,City of London Police,City of London Police,-0.076435,51.513627,On or near ALDGATE,E01000005,City of London 001E,Suspect charged
6f8cdc2f2732063039e2b40484e5e4fe3f303ae413655613f251c323fc411dc8,2015-12,City of London Police,City of London Police,-0.076853,51.511916,On or near Nightclub,E01032739,City of London 001F,Unable to prosecute suspect
9d9398630bb2d7d054e35b9aa7fac5874946649fd06f39b8c4207886103c9ead,2015-12,City of London Police,City of London Police,-0.084967,51.512598,On or near BELL INN YARD,E01032739,City of London 001F,Investigation complete; no suspect identified
d0830ef6eff570f33b6d440dc96950be0e4c0fcdc7f05cb0a25e06ecf553bbba,2015-12,City of London Police,City of London Police,-0.084566,51.517690,On or near BLOMFIELD STREET,E01032739,City of London 001F,Investigation complete; no suspect identified
4ce4e3a48e1e4b6f158987858f445fe07d68be48daf66412b769baece8b2d7ac,2015-12,City of London Police,City of London Police,-0.101055,51.513552,On or near CREED LANE,E01032739,City of London 001F,Investigation complete; no suspect identified
e538bd11f33f80cd7d8b65d70ca3ec75939eb19a93baded213514a49f37a2930,2015-12,City of London Police,City of London Police,-0.079607,51.515657,On or near ST MARY AXE,E01000005,City of London 001E,Investigation complete; no suspect identified
c11c4c412ae0ff3961acfa43b88875a3037dc53211834f83bef68f3a0ad4c6db,2015-12,City of London Police,City of London Police,-0.097601,51.520699,On or near CARTHUSIAN STREET,E01000001,City of London 001A,Investigation complete; no suspect identified
feb4a9b44e48400489bb59e0937a87419d81678d88befb0f8ae17d49b54ef80c,2015-12,City of London Police,City of London Police,-0.104281,51.516032,On or near BEAR ALLEY,E01032740,City of London 001G,Investigation complete; no suspect identified
c740070b7530830488c06b9b766742e710f2cdd878981d125b6e396b7e67a424,2015-12,City of London Police,City of London Police,-0.092321,51.513194,On or near PANCRAS LANE,E01032739,City of London 001F,Investigation complete; no suspect identified
c5057158e3ed0579c199c1d79f5caaa6e446cf2978d2fe5175b7dd839fdbe08e,2015-12,City of London Police,City of London Police,-0.093465,51.514463,On or near RUSSIA ROW,E01032739,City of London 001F,Investigation complete; no suspect identified
7d7887886083a86215807d048293c2ffe838ea388514ae525eacd52877214e6d,2015-12,City of London Police,City of London Police,-0.096561,51.514513,On or near CHEAPSIDE,E01032739,City of London 001F,Suspect charged
43c126d46aa822a62f959a0414243a4a599e211c628352ad4ac76d868a1e9bed,2015-12,City of London Police,City of London Police,,,No location,,,Investigation complete; no suspect identified
f4871c8cdcc03f3a1f4f578c013333a99c7adf16a7b4f087cd833afa2cb35c29,2015-12,City of London Police,City of London Police,-0.079080,51.519615,On or near BISHOPSGATE,E01004307,Tower Hamlets 015B,Investigation complete; no suspect identified
8fb571bf4f6e2dc1838685f9075868a60a43f954b23e8b4d428cb31d934968f0,2015-12,City of London Police,City of London Police,-0.085355,51.510563,On or near PUDDING LANE,E01032739,City of London 001F,Suspect charged
6a482cd64d379eca50602349e88dd58fe5e7d08bfa70de3f3c10d29b72e6c021,2015-12,City of London Police,City of London Police,-0.086624,51.511923,On or near CLEMENT'S LANE,E01032739,City of London 001F,Investigation complete; no suspect identified
cfab150878b8679167eb825b6ad0ded804b771bcfb4822df5379c18586ac4c5f,2015-12,City of London Police,City of London Police,-0.079011,51.509614,On or near Pedestrian Subway,E01032739,City of London 001F,Investigation complete; no suspect identified
6af6fef704eb5dfb146df6d9a0e10bd3b985051b2f38db342585a4deee26e07b,2015-12,City of London Police,City of London Police,-0.109647,51.514887,On or near FETTER LANE,E01032740,City of London 001G,Unable to prosecute suspect
0e0f42c5b355a092c861d08b340a41c09d8b2ca36852ab40845b36d8fe85ecec,2015-12,City of London Police,City of London Police,-0.084566,51.517690,On or near BLOMFIELD STREET,E01032739,City of London 001F,Unable to prosecute suspect
71c79f1b3dfaab976bf7512772524e57a0588fd643bd0a33b8262528fca529b8,2015-12,City of London Police,City of London Police,-0.104252,51.516733,On or near Supermarket,E01032740,City of London 001G,Investigation complete; no suspect identified
52348e81247121f816906956908764cc4296e977e19949fec55c8d713cb5808f,2015-12,City of London Police,City of London Police,-0.100884,51.516966,On or near Hospital,E01032740,City of London 001G,Offender given a drugs possession warning
98c2ff45b5e8e63fffc01416acdfbe79797c26a7029ca8d8e7407a2d7586d086,2015-12,City of London Police,City of London Police,-0.098777,51.512526,On or near KNIGHTRIDER STREET,E01032739,City of London 001F,Offender given a drugs possession warning
1697e8500cd25e40b29cf61a32e364960f8e1eca4324f21951740e5b8a662ea4,2015-12,City of London Police,City of London Police,-0.082748,51.512597,On or near LEADENHALL PLACE,E01032739,City of London 001F,Investigation complete; no suspect identified
e7d4c5d14f5245f4773cbab7732ba993ee232f5985896f12eea4677d6360bf92,2015-12,City of London Police,City of London Police,-0.097277,51.515307,On or near ST MARTIN'S LE GRAND,E01000001,City of London 001A,Investigation complete; no suspect identified
8f9e2f6f867667d0f9cf421508f433c800388ddeeae7fa1326362d8347752d87,2015-12,City of London Police,City of London Police,-0.086416,51.516191,On or near THROGMORTON AVENUE,E01032739,City of London 001F,Unable to prosecute suspect
011eae9303219c394fcdbfad0ac503cf8afd2967c4d50bea591181b85a06b36e,2015-12,City of London Police,City of London Police,-0.086764,51.510307,On or near FISH STREET HILL,E01032739,City of London 001F,Investigation complete; no suspect identified
8d2d089064d2c62c03d7c8b5e9658d76f8d68db96c36376769fe67ebc3866f75,2015-12,City of London Police,City of London Police,-0.092719,51.512652,On or near QUEEN VICTORIA STREET,E01032739,City of London 001F,Offender given a caution
cba76c53d1d5c58348d664f29d59ad08fd6c666b491ac81f8fcf4ae73b46df65,2015-12,City of London Police,City of London Police,-0.079011,51.509614,On or near Pedestrian Subway,E01032739,City of London 001F,Investigation complete; no suspect identified
c1f7999498acad5255946134cf2197ff062eab4a63764a0806f74104b356b970,2015-12,City of London Police,City of London Police,-0.079786,51.517576,On or near Police Station,E01032739,City of London 001F,Investigation complete; no suspect identified
12b3bdf91ec22e71c9a324b8c9be91b106ac4e0a2402167c04eb05cc4f2b7775,2015-12,City of London Police,City of London Police,-0.085149,51.517196,On or near BLOMFIELD STREET,E01032739,City of London 001F,Investigation complete; no suspect identified
03dfc0b1ecf6811cafdb96f98da07357006c5f74534000889662872e3c11d657,2015-12,City of London Police,City of London Police,-0.094464,51.512959,On or near WATLING COURT,E01032739,City of London 001F,Investigation complete; no suspect identified
0c101b8fd85b98c3a023411654e8ba579f3528cfc3cf2209677d68421757e245,2015-12,City of London Police,City of London Police,-0.078718,51.521038,On or near NORTON FOLGATE,E01004307,Tower Hamlets 015B,Suspect charged
97be9edc2687f0d0a707f3fe31f325834ce256cefefdcfb959e5b7bd95c01718,2015-12,City of London Police,City of London Police,-0.102380,51.517728,On or near HOSIER LANE,E01032740,City of London 001G,Investigation complete; no suspect identified
b9bfb911b444e1b279d5d1e21b81682811234a5dd4a2365f6b9383e7e6df71f8,2015-12,City of London Police,City of London Police,-0.088843,51.509532,On or near Parking Area,E01032739,City of London 001F,Investigation complete; no suspect identified
e3722ffee4c9db9c359a8f9cfdadc3658c055bfaec3b89d7e110d52f47487b07,2015-12,City of London Police,City of London Police,-0.079011,51.509614,On or near Pedestrian Subway,E01032739,City of London 001F,Investigation complete; no suspect identified
425b3a7c47431314c8bb99e58721b68888b83d8755b1d948a2bceb3e2f83c171,2015-12,City of London Police,City of London Police,-0.108018,51.511749,On or near TEMPLE AVENUE,E01032740,City of London 001G,Investigation complete; no suspect identified
f4436c5449511c546927fbaade22cd49f7a4628964fa8538e51c410b677a82b3,2015-12,City of London Police,City of London Police,-0.096561,51.514513,On or near CHEAPSIDE,E01032739,City of London 001F,Suspect charged
7399050ad436330c565c25ead355b77a99528ed3731fbf06599b2ff776189e41,2015-12,City of London Police,City of London Police,-0.101055,51.513552,On or near CREED LANE,E01032739,City of London 001F,Investigation complete; no suspect identified
fb9133d481757a99c6b2c00c4ed5b723d1be62e8d1a61883500ed005f09dc22e,2015-12,City of London Police,City of London Police,-0.106922,51.514204,On or near FLEET STREET,E01032740,City of London 001G,Investigation complete; no suspect identified
d32d2c8adc8392b5582d0259561fb9110ed3bed3493b89923d1ee52163f1381a,2015-12,City of London Police,City of London Police,-0.089364,51.515331,On or near KING'S ARMS YARD,E01032739,City of London 001F,Investigation complete; no suspect identified
738514db8167a6ddc120c804772b5d315f0f5aa0f3be4a6908234b98e5fb1bdf,2015-12,City of London Police,City of London Police,-0.087118,51.513199,On or near Nightclub,E01032739,City of London 001F,Investigation complete; no suspect identified
63710ff848bf94b94de6ee7a8602383e19bb0de58baf0c10469219dbf14d5831,2015-12,City of London Police,City of London Police,-0.088203,51.518262,On or near MOORGATE,E01032739,City of London 001F,Investigation complete; no suspect identified
ec9fe11f5625bd15cd06bbee88729ec96735217ce8b786cdc5414c5a82c0fbd2,2015-12,City of London Police,City of London Police,-0.079786,51.517576,On or near Police Station,E01032739,City of London 001F,Investigation complete; no suspect identified
23212994f2f764547271f96dacfd63656e9a922bcd6d91c7d2e5224ae9fdcb0d,2015-12,City of London Police,City of London Police,-0.101055,51.513552,On or near CREED LANE,E01032739,City of London 001F,Offender given a drugs possession warning
3c58aa0cddcc31d8ac6ff59010c38765e7f6cbcbd6ff591e44c137c8fb18ddd9,2015-12,City of London Police,City of London Police,-0.093465,51.514463,On or near RUSSIA ROW,E01032739,City of London 001F,Suspect charged
7bc3c116da98a34793d2d16c0c33163bebf72a5703b5236cd206dacd21855e6f,2015-12,City of London Police,City of London Police,-0.086166,51.510828,On or near EASTCHEAP,E01032739,City of London 001F,Investigation complete; no suspect identified
7c032af7eda7249e008283bc3df396dd62ee97b650b71de6967906f47fc66681,2015-12,City of London Police,City of London Police,-0.101794,51.516207,On or near NEWGATE STREET,E01032740,City of London 001G,Investigation complete; no suspect identified
b99f72e6bf3e9fd7b63b36fce55bf9dec2f3d7ef02fd20fd560ac8913693c3fa,2015-12,City of London Police,City of London Police,-0.094720,51.514420,On or near WOOD STREET,E01032739,City of London 001F,Investigation complete; no suspect identified
f2f23cf985f49ddd76831158af1402b51d2a83a993640cd1381daf1e49c78534,2015-12,City of London Police,City of London Police,-0.088075,51.512388,On or near KING WILLIAM STREET,E01032739,City of London 001F,Suspect charged
72d7638d04d440de0ad8c65b5d96a88858d936c6f3711af1c624d993b62f2196,2015-12,City of London Police,City of London Police,-0.091720,51.513454,On or near Supermarket,E01032739,City of London 001F,Suspect charged
faba7df1fb33394f22c3ec7670b53ea3990f3a491111a1aa49bf469492b268cc,2015-12,City of London Police,City of London Police,-0.086624,51.511923,On or near CLEMENT'S LANE,E01032739,City of London 001F,Suspect charged
2f642b231ce090021d717d2ecc586c00f5f1c7d084dce69a13eb43d537d78252,2015-12,City of London Police,City of London Police,-0.108231,51.513928,On or near PLEYDELL STREET,E01032740,City of London 001G,Investigation complete; no suspect identified
71bd03e66becd11eceecfbb2b648660c4c73f1c9d7bf4ade82927fa6bf0dbb7d,2015-12,City of London Police,City of London Police,-0.080318,51.520678,On or near PRIMROSE STREET,E01032739,City of London 001F,Investigation complete; no suspect identified
e282d5649e45843a1c02501814f239125fd0a531770f25069b240e35993a001a,2015-12,City of London Police,City of London Police,-0.077578,51.510795,On or near PEPYS STREET,E01032739,City of London 001F,Investigation complete; no suspect identified
adc19de0f254615a123a0c2b330d8a8ffcd53ac812ba20923641b31455d3c068,2015-12,City of London Police,City of London Police,-0.079875,51.510995,On or near HART STREET,E01032739,City of London 001F,Suspect charged
4cb14ecceb703b85cfd12f8b9b7c22f34647b4d1335337c7d0eff0e9b59b16fa,2015-12,City of London Police,City of London Police,-0.095960,51.517534,On or near LONDON WALL,E01000001,City of London 001A,Investigation complete; no suspect identified
3d13b03e34ae2d91e95e2a626053748622df1063ac1a2c9519ff9a0fae6cb23f,2015-12,City of London Police,City of London Police,-0.086278,51.509876,On or near FISH STREET HILL,E01032739,City of London 001F,Suspect charged
3aa6c98b27cc4bb857754c8cff2a1ef7f99bd53ca9d508c9ee25358f52a8c246,2015-12,City of London Police,City of London Police,-0.090348,51.519358,On or near MOOR LANE,E01000002,City of London 001B,Investigation complete; no suspect identified
3fed8e52a5fee28c8281e9c9fcbf317c5e43b11a52a2adca7577929643550238,2015-12,City of London Police,City of London Police,-0.082571,51.514753,On or near GREAT ST HELEN'S,E01032739,City of London 001F,Suspect charged
bd87104835fff33fea757210d468614e006c0094f4124bcb234ea903a4642fb2,2015-12,City of London Police,City of London Police,-0.080376,51.517244,On or near Supermarket,E01032739,City of London 001F,Suspect charged
41d81c85b601c142905b6298e24352eecb81a2a7fe30a2f186ac294fa28612f0,2015-12,City of London Police,City of London Police,-0.092297,51.518949,On or near Park/Open Space,E01000002,City of London 001B,Investigation complete; no suspect identified
2cb52d6b1dd7cd0c305d6f1ba51f49f2994cfc37f9e8252068c79cc52affbf6e,2015-12,City of London Police,City of London Police,-0.088955,51.513382,On or near LOMBARD STREET,E01032739,City of London 001F,Investigation complete; no suspect identified
5d99b53adebd6d2ea29c9d19a2c8b525c001671b940aa0c6627ba0e21125d7e5,2015-12,City of London Police,City of London Police,-0.086051,51.513569,On or near FINCH LANE,E01032739,City of London 001F,Investigation complete; no suspect identified
1fa5f4796a851f42f68d050cebcbe1b416e8e6dfbea178ddad9f1a3c573059b6,2015-12,City of London Police,City of London Police,-0.092719,51.512652,On or near QUEEN VICTORIA STREET,E01032739,City of London 001F,Investigation complete; no suspect identified
308fe0f9d41947ab30cc9c29b03198129be49c8165291eeba717571b8afa0ce0,2015-12,City of London Police,City of London Police,-0.086624,51.511923,On or near CLEMENT'S LANE,E01032739,City of London 001F,Suspect charged
be11388ddd77119e6517d781a11101f069496c6376ec354264e8fc3247a368f0,2015-12,City of London Police,City of London Police,-0.088621,51.518619,On or near MOORFIELDS,E01000002,City of London 001B,Suspect charged
512c0af751c816eff10bd32444b446bbfe2fc6534550b4821108bb38f2c1bed8,2015-12,City of London Police,City of London Police,-0.096561,51.514513,On or near CHEAPSIDE,E01032739,City of London 001F,Investigation complete; no suspect identified
4a051f9e5195c1ff9f7865191d8cf2e230dad72db9f3abe1a039eb61e8ad9bf4,2015-12,City of London Police,City of London Police,-0.077451,51.515523,On or near WHITE KENNETT STREET,E01000005,City of London 001E,Unable to prosecute suspect
cd76331da8422694fb32df628dd3f0363719e5d95a39060c57f58eb0c859be01,2015-12,City of London Police,City of London Police,-0.086624,51.511923,On or near CLEMENT'S LANE,E01032739,City of London 001F,Offender given a caution
7c23accd47708ab2ef1e3ea28c9e7656fb0fc3d73a9d1cad25ee3cd52cdc6646,2015-12,City of London Police,City of London Police,-0.086272,51.513114,On or near BIRCHIN LANE,E01032739,City of London 001F,Investigation complete; no suspect identified
c8abe65c9a6a5f79437dfa1c98468396850178f2618c1bd5b04452c60e3eb23b,2015-12,City of London Police,City of London Police,-0.085257,51.511200,On or near TALBOT COURT,E01032739,City of London 001F,Suspect charged
c90deab61fb4d413076c70e93bc95547f33137784a18e986f42186c7f87ac318,2015-12,City of London Police,City of London Police,-0.089040,51.512745,On or near MANSION HOUSE PLACE,E01032739,City of London 001F,Suspect charged
9e4c69178be9a5cc2c5810ddd2e940890edef1fb94b27a625faff99f0d84d6c1,2015-12,City of London Police,City of London Police,-0.084618,51.512682,On or near GRACECHURCH STREET,E01032739,City of London 001F,Suspect charged
0f84a9a1412c879cf184562a30ec5b397367778ad89785bbb20f241aa6a0580b,2015-12,City of London Police,City of London Police,-0.082571,51.514753,On or near GREAT ST HELEN'S,E01032739,City of London 001F,Unable to prosecute suspect
9b37221c11fa220c7a8a1a144d154beac790eca6eab773be7787ba140bfa6904,2015-12,City of London Police,City of London Police,-0.095860,51.521660,On or near FANN STREET,E01000003,City of London 001C,Investigation complete; no suspect identified
b75a64a94f5967f974967a254fefe38a258c6fc78103e90e6806413853bc24ee,2015-12,City of London Police,City of London Police,-0.077601,51.518799,On or near STEWARD STREET,E01004307,Tower Hamlets 015B,Investigation complete; no suspect identified
f27d3d7dbf2a734411bf38b0ead363e7fa4d2253de41773c817adad37897ac57,2015-12,City of London Police,City of London Police,-0.086278,51.509876,On or near FISH STREET HILL,E01032739,City of London 001F,Suspect charged
1a7531e65539e6227cc88b85681727213abda95fc377725080ec7f417a514862,2015-12,City of London Police,City of London Police,-0.084701,51.509320,On or near LOWER THAMES STREET,E01032739,City of London 001F,Investigation complete; no suspect identified
164949951879a824933354f4ab7afcc18b186e3f60d454eb4812368c55d6a5ee,2015-12,City of London Police,City of London Police,-0.084618,51.512682,On or near GRACECHURCH STREET,E01032739,City of London 001F,Investigation complete; no suspect identified
65ce74f2b3a8867bb472e8a0af84b6da4aac160ac4b0827ffeb5f12e4a1168da,2015-12,City of London Police,City of London Police,-0.105134,51.513869,On or near BRIDE LANE,E01032740,City of London 001G,Suspect charged
bdab40c8ff270acfe15cafbf2fb983b342c588dd7cda665ac373ae9da8304243,2015-12,City of London Police,City of London Police,-0.080376,51.517244,On or near Supermarket,E01032739,City of London 001F,Suspect charged
d3014f09a68c9cd843de10170df049cac41d66da17afb3bb3dbe5dcae7f89838,2015-12,City of London Police,City of London Police,-0.082571,51.514753,On or near GREAT ST HELEN'S,E01032739,City of London 001F,Investigation complete; no suspect identified
29c5e3d3cf4f1d6cff092ff1ad1bf67e288ed12f4f3c0b526a422019ad734368,2015-12,City of London Police,City of London Police,-0.105134,51.513869,On or near BRIDE LANE,E01032740,City of London 001G,Investigation complete; no suspect identified
390239b3593b3160eb4b3b47b5ebef657b9daaac8d678b080238fffed3ea5d23,2015-12,City of London Police,City of London Police,-0.080782,51.514804,On or near ST MARY AXE,E01032739,City of London 001F,Suspect charged
3dcdb63fdf5490c6ea89f0fd51017767d07c7c7e1d403a691ebf29394f058f27,2015-12,City of London Police,City of London Police,-0.088075,51.512388,On or near KING WILLIAM STREET,E01032739,City of London 001F,Offender given a caution
aa7cd945e17a200c876c68759aa19a57aec8d0369af565a673c847d4abfc1b70,2015-12,City of London Police,City of London Police,-0.097736,51.520206,On or near Conference/Exhibition Centre,E01000001,City of London 001A,Investigation complete; no suspect identified
dbc5e744b4a737dec8631551b6429920ce68c634ca2e502237d4e17625840be5,2015-12,City of London Police,City of London Police,-0.096561,51.514513,On or near CHEAPSIDE,E01032739,City of London 001F,Suspect charged
116027d28c1e774671f459c8090208929567918f6191e14435301117ddd63e0b,2015-12,City of London Police,City of London Police,-0.088843,51.509532,On or near Parking Area,E01032739,City of London 001F,Investigation complete; no suspect identified
0a2740f4953f4c6855283081b6fa11052262e5784aaed51428428cc1e597ed02,2015-12,City of London Police,City of London Police,-0.078718,51.521038,On or near NORTON FOLGATE,E01004307,Tower Hamlets 015B,Offender given a drugs possession warning
a9fb5a4c80d635ee829f1ea7c222232a1cf15db59f65006de28f20d37d198287,2015-12,City of London Police,City of London Police,-0.110592,51.516062,On or near BREAM'S BUILDINGS,E01032740,City of London 001G,Unable to prosecute suspect
81dc84b4093a65a0081b8dd70d04b91d569c6072a254f90a0dd5faec6dd935e0,2015-12,City of London Police,City of London Police,-0.080234,51.516855,On or near DEVONSHIRE ROW,E01032739,City of London 001F,Offender given a caution
c30355500696a47b1465f22a6769fb871ddb7b6d78bbef92ef658c91bc8bda3d,2015-12,City of London Police,City of London Police,-0.106922,51.514204,On or near FLEET STREET,E01032740,City of London 001G,Suspect charged
41ee29d931e32d85141a84405bbccc9e2d2f246406b02c627709d41cf728ad0d,2015-12,City of London Police,City of London Police,-0.106922,51.514204,On or near FLEET STREET,E01032740,City of London 001G,Suspect charged
def17d635400ed40a44923bcb1f22217b6c1b95cd812f08cf8102c4a7f4e57f0,2015-12,City of London Police,City of London Police,-0.083618,51.517288,On or near BROAD STREET AVENUE,E01032739,City of London 001F,Investigation complete; no suspect identified
740247fff526456a9106f545147b8d2aeaf9a2d3bdbbe01043fc506466c1d77b,2015-12,City of London Police,City of London Police,-0.088393,51.511332,On or near ABCHURCH LANE,E01032739,City of London 001F,Unable to prosecute suspect
79d5710a0e639de0c6d8d682ebaab4dcfd45018dd438213c630f215053135d27,2015-12,City of London Police,City of London Police,-0.093933,51.519812,On or near Conference/Exhibition Centre,E01000002,City of London 001B,Unable to prosecute suspect
07f1b8c6c7e7d4c36271d614213dcbccaea7e897c2c7f01e39c2ee890acdcbcf,2015-12,City of London Police,City of London Police,-0.100179,51.514158,On or near Shopping Area,E01032739,City of London 001F,Investigation complete; no suspect identified
46eacbd0177dd161dd8593a9d996e248018f1c3f4e0f658cb687dfdf4c30f78b,2015-12,City of London Police,City of London Police,-0.096363,51.513377,On or near NEW CHANGE,E01032739,City of London 001F,Investigation complete; no suspect identified
ec445b5370cae31900c6b51c9b3812d0bdcc7c85f2b5922ea0e6ff55d118d382,2015-12,City of London Police,City of London Police,-0.084621,51.510200,On or near BOTOLPH LANE,E01032739,City of London 001F,Unable to prosecute suspect
ee7a6fe2b245a609b166d7ba4801d621f90ebf8bdafad28500a706b3305896e6,2015-12,City of London Police,City of London Police,-0.080665,51.509344,On or near Pedestrian Subway,E01032739,City of London 001F,Investigation complete; no suspect identified
093dc57e8195bb83919890ab6935aefb5b58bff837e920a5f8930cc28af8b440,2015-12,City of London Police,City of London Police,-0.087760,51.517149,On or near LONDON WALL,E01032739,City of London 001F,Investigation complete; no suspect identified
ba25e47ac9b82c434542d0b7cfab52bbbd001737ecd3344e9e44b9c556be8125,2015-12,City of London Police,City of London Police,-0.086624,51.511923,On or near CLEMENT'S LANE,E01032739,City of London 001F,Offender given a caution
b02c5427f803af8936b5f163b8ada32df03794ed79ac878c2effac6f29e95f31,2015-12,City of London Police,City of London Police,-0.084566,51.517690,On or near BLOMFIELD STREET,E01032739,City of London 001F,Investigation complete; no suspect identified
c565a2d761d81f78b0c72497a2275d6106853fa152492bc0c91d4292a1e71fc5,2015-12,City of London Police,City of London Police,-0.089040,51.512745,On or near MANSION HOUSE PLACE,E01032739,City of London 001F,Investigation complete; no suspect identified
0242000b34965c0b9c006d6558893c3eec9db85a46e7110e60adbe25f1572d2e,2015-12,City of London Police,City of London Police,-0.088995,51.512088,On or near ST SWITHIN'S LANE,E01032739,City of London 001F,Investigation complete; no suspect identified
6ce54cfc72cf44c54eb5c3fd23983c2e946efc73a858a5d24725e6c7ba80c0dd,2015-12,City of London Police,City of London Police,-0.093933,51.519812,On or near Conference/Exhibition Centre,E01000002,City of London 001B,Investigation complete; no suspect identified
9892947fe2abc8dbb5a51218104c530abb1fe1bfece266b6d6acbe260f596829,2015-12,City of London Police,City of London Police,-0.106214,51.513905,On or near SALISBURY COURT,E01032740,City of London 001G,Investigation complete; no suspect identified
e8ec3136a81e583d9e44eb85d390011ede4ff0bf3d0936c0c9a52804a51db653,2015-12,City of London Police,City of London Police,-0.079786,51.517576,On or near Police Station,E01032739,City of London 001F,Suspect charged
54b4633389db92945662b64eb9dfda16c94cbcb26f5b9fb9cba910b7d65efd15,2015-12,City of London Police,City of London Police,-0.086278,51.509876,On or near FISH STREET HILL,E01032739,City of London 001F,Investigation complete; no suspect identified
478ffbcdf4cff388723a22c6c43ab8edf82ceb39a5efedffe340892be2c86cd6,2015-12,City of London Police,City of London Police,-0.083086,51.511407,On or near ROOD LANE,E01032739,City of London 001F,Investigation complete; no suspect identified
b5269bf30e45897b6913513a3bba80031b84bf95c16ed7e0e6a1e71c92863e66,2015-12,City of London Police,City of London Police,-0.089698,51.511812,On or near OXFORD COURT,E01032739,City of London 001F,Investigation complete; no suspect identified
17075e093403ce2d594226febf24680a48b649da1124b8a0f6f44978d9a44fd3,2015-12,City of London Police,City of London Police,-0.080728,51.511611,On or near Supermarket,E01032739,City of London 001F,Suspect charged
5be6b87466b03a0a40c4b8356177362739458ae1007e418694cf5fc8fb8c3145,2015-12,City of London Police,City of London Police,-0.094464,51.512959,On or near WATLING COURT,E01032739,City of London 001F,Investigation complete; no suspect identified
48d7a2e3e87d15521ba6ba7c3c92c15b2a7558cd4c2ca2ef81b948a627d91471,2015-12,City of London Police,City of London Police,-0.099848,51.519350,On or near LONG LANE,E01032740,City of London 001G,Unable to prosecute suspect
51699d6e556d1757a2d294082813aa50dbf69bc6569f5a5c9f82266edaa74a30,2015-12,City of London Police,City of London Police,-0.101575,51.513857,On or near LUDGATE HILL,E01032739,City of London 001F,Investigation complete; no suspect identified
66179c5d8220993d24b2ebfa78a78d4df41631427ac2e7b9d25a8115e72b57f0,2015-12,City of London Police,City of London Police,-0.102380,51.517728,On or near HOSIER LANE,E01032740,City of London 001G,Investigation complete; no suspect identified
78737b43ecdb0851b02d5c20563736c3530f8c279d722c65ddfde94cea154719,2015-12,City of London Police,City of London Police,-0.099907,51.512031,On or near QUEEN VICTORIA STREET,E01032739,City of London 001F,Investigation complete; no suspect identified
e2217eba02da4fcb53c1bbb35ccbf594f90ed97903381fbcf3a8573929fdae6b,2015-12,City of London Police,City of London Police,-0.110710,51.513914,On or near FLEET STREET,E01032740,City of London 001G,Investigation complete; no suspect identified
043327b9ef02a2b6f9e9e7936108f402cbc30c37f4ad66ab3bc9b5eb2e67cfc9,2015-12,City of London Police,City of London Police,-0.100884,51.516966,On or near Hospital,E01032740,City of London 001G,Investigation complete; no suspect identified
c813aa0239b3a84d47483b0799cc6d3dc9ffee98a08a9853163d8e687f97c979,2015-12,City of London Police,City of London Police,-0.098500,51.519526,On or near MIDDLE STREET,E01032740,City of London 001G,Unable to prosecute suspect
b57ff6a0b42de89ad9c1aa1e8edefd2cd0203184b5aaa9ddba60c56439bcb47d,2015-12,City of London Police,City of London Police,-0.106680,51.515882,On or near Parking Area,E01032740,City of London 001G,Investigation complete; no suspect identified
1f2d6244b1fff52ab241dd19b044b3f160ff9cc95326eca29facf1b548282a7b,2015-12,City of London Police,City of London Police,-0.095400,51.515753,On or near Conference/Exhibition Centre,E01000002,City of London 001B,Investigation complete; no suspect identified
45fb171b34f0534a5463a06c8a98c8e6325c4625c285662b0a316a5a307e6eb6,2015-12,City of London Police,City of London Police,-0.086764,51.510307,On or near FISH STREET HILL,E01032739,City of London 001F,Investigation complete; no suspect identified
f216beb5be5b4ec63e2bdb8d345c3c9f0254b0b3e72b261e01a8348d9591eb29,2015-12,City of London Police,City of London Police,-0.091151,51.514992,On or near GRESHAM STREET,E01032739,City of London 001F,Investigation complete; no suspect identified
ce6e1c4368bd373ec68bdab803362481f2ce8b2456076d4598651014dfe827cc,2015-12,City of London Police,City of London Police,-0.084566,51.517690,On or near BLOMFIELD STREET,E01032739,City of London 001F,Suspect charged
ecb122c988c430a5690ab8cbce43d7b2c428fa15e980126fc0d3e450d05c2d61,2015-12,City of London Police,City of London Police,-0.079786,51.517576,On or near Police Station,E01032739,City of London 001F,Offender given penalty notice
23ce0b28ca3fa8b45d9d76421f1236c13dc6f1f09ef03fe0cde5c4efe5be8b62,2015-12,City of London Police,City of London Police,-0.081091,51.516014,On or near CAMOMILE STREET,E01032739,City of London 001F,Investigation complete; no suspect identified
2c594635b604aab89536c729a125042ee46f66f5d5ebd47b8f3fe770cca67538,2015-12,City of London Police,City of London Police,-0.080782,51.514804,On or near ST MARY AXE,E01032739,City of London 001F,Unable to prosecute suspect
27b482f04a342c829fbb4c312320a435ff644191536a33345e608202944f0443,2015-12,City of London Police,City of London Police,-0.094464,51.512959,On or near WATLING COURT,E01032739,City of London 001F,Investigation complete; no suspect identified
7702e7142a4e1a2198978aecd1ec7abc53433412686f014e4413df408723dee1,2015-12,City of London Police,City of London Police,-0.093341,51.511889,On or near GREAT ST THOMAS APOSTLE,E01032739,City of London 001F,Suspect charged
e016b18bdb07a96f79a2669194659a94462b84b0001d8924b39aeeaf978f4467,2015-12,City of London Police,City of London Police,-0.108453,51.515173,On or near PEMBERTON ROW,E01032740,City of London 001G,Investigation complete; no suspect identified
3acfa6172ebdb2ba7ac2ff72564ae419f64875cfdb8bd9bf230b601ad6d5fa34,2015-12,City of London Police,City of London Police,-0.090797,51.514482,On or near OLD JEWRY,E01032739,City of London 001F,Investigation complete; no suspect identified
8fc43dc8dd84bd783c0c02876829dbe6fdf18bbb7f1ccaf62b2bc9a0a8fa4600,2015-12,City of London Police,City of London Police,-0.085310,51.518511,On or near ELDON STREET,E01032739,City of London 001F,Investigation complete; no suspect identified
e6e350e822c4e2484ee4eb4db53860d57cc0f74a74178309460a04d5550114f2,2015-12,City of London Police,City of London Police,-0.104621,51.512692,On or near Supermarket,E01032740,City of London 001G,Investigation complete; no suspect identified
769e594533af5de934fdc62cb172e31ce38d80faa8f25d3af852a05343a71950,2015-12,City of London Police,City of London Police,-0.078488,51.517923,On or near MIDDLESEX STREET,E01032739,City of London 001F,Offender given a caution
eab9005a1616234d7d5d97db4c0e6d2471605be50a189bd85930cd8af6691be6,2015-12,City of London Police,City of London Police,-0.081516,51.510014,On or near GREAT TOWER STREET,E01032739,City of London 001F,Investigation complete; no suspect identified
ba25e47ac9b82c434542d0b7cfab52bbbd001737ecd3344e9e44b9c556be8125,2015-12,City of London Police,City of London Police,-0.086624,51.511923,On or near CLEMENT'S LANE,E01032739,City of London 001F,Offender given a caution
3d864e5795d6be9d95a1a49262a296ccbf16dd4e072b8c7e8bf975e61c23d9d7,2015-12,City of London Police,City of London Police,-0.083645,51.512504,On or near LIME STREET PASSAGE,E01032739,City of London 001F,Suspect charged
9304427d492b50d1a20bffcd21ace79d9333fc54945622396956b7f01efe61b8,2015-12,City of London Police,City of London Police,-0.094464,51.512959,On or near WATLING COURT,E01032739,City of London 001F,Investigation complete; no suspect identified
d03326cd6bb6363712aa40eba30b67227e0c6c973317c2a77d8149b4bcc0db66,2015-12,City of London Police,City of London Police,-0.085149,51.517196,On or near BLOMFIELD STREET,E01032739,City of London 001F,Investigation complete; no suspect identified
813a9bb04daeeb94890d2c15996a6001aef3eb896453a094e4333192849828d4,2015-12,City of London Police,City of London Police,-0.083645,51.512504,On or near LIME STREET PASSAGE,E01032739,City of London 001F,Investigation complete; no suspect identified
c05fce7803e49d3fa44261075ea1696d1252e3a335d854a02d1263f3aa856d0e,2015-12,City of London Police,City of London Police,-0.080376,51.517244,On or near Supermarket,E01032739,City of London 001F,Investigation complete; no suspect identified
d8239834b6d98903af55248feaa51553611bbfb2eec718460e9830ed49e12bc2,2015-12,City of London Police,City of London Police,-0.094464,51.512959,On or near WATLING COURT,E01032739,City of London 001F,Investigation complete; no suspect identified
669d2c7279182949c2205bae5003264c2c530a195c37ea35e5f8c1ecc41b7189,2015-12,City of London Police,City of London Police,-0.084618,51.512682,On or near GRACECHURCH STREET,E01032739,City of London 001F,Investigation complete; no suspect identified
7abc6836af06c2df7e2f7564cfbcdaa3e3c356f2814a20027174f9b341cf44a7,2015-12,City of London Police,City of London Police,-0.097562,51.518864,On or near Parking Area,E01000001,City of London 001A,Investigation complete; no suspect identified
ed85b46b602c0f2c3bb0d7c1425a2e67e378385fc22e851853f94754002514d5,2015-12,City of London Police,City of London Police,-0.085355,51.510563,On or near PUDDING LANE,E01032739,City of London 001F,Suspect charged
21347e6e512d8d1de3e7ddee62196b1314308b010da200d202fbf2c831e27622,2015-12,City of London Police,City of London Police,-0.102412,51.517297,On or near COCK LANE,E01032740,City of London 001G,Investigation complete; no suspect identified
4654ff8dd2252e3aff7ea19ea6a3656cf361b2dab19682bf8b4b6141e443f90c,2015-12,City of London Police,City of London Police,-0.094464,51.512959,On or near WATLING COURT,E01032739,City of London 001F,Offender given a caution
6d71a194d7d545ed9a608e4e032f841dba1b83a2172d2ad14d6f2d749ecc90dd,2015-12,City of London Police,City of London Police,-0.090710,51.513132,On or near QUEEN VICTORIA STREET,E01032739,City of London 001F,Unable to prosecute suspect
da75f71129d2f8692a283663c87f3e537c3af775dc69471c2282d200def2ca2d,2015-12,City of London Police,City of London Police,-0.077637,51.511453,On or near CRUTCHED FRIARS,E01032739,City of London 001F,Investigation complete; no suspect identified
fd3524059b7b92cede52f031b47d706ded8f8fb73d21d59e0b8eec75db726b4b,2015-12,City of London Police,City of London Police,-0.106680,51.515882,On or near Parking Area,E01032740,City of London 001G,Unable to prosecute suspect
9fdc382b8347821ce5614ba92c08ea5cfa3937b48af447aed7512a940e394722,2015-12,City of London Police,City of London Police,-0.084199,51.513394,On or near CORNHILL,E01032739,City of London 001F,Investigation complete; no suspect identified
9eca2ae6139421052111c88f429c3126be4b5e29430e79d872c99c81aefbb00c,2015-12,City of London Police,City of London Police,-0.087549,51.514276,On or near BARTHOLOMEW LANE,E01032739,City of London 001F,Investigation complete; no suspect identified
96b14a6e7a544002a574245d9dfe2a6f42d2a5b998017455b69858838d99ac51,2015-12,City of London Police,City of London Police,-0.100179,51.514158,On or near Shopping Area,E01032739,City of London 001F,Investigation complete; no suspect identified
5e0dad72d5116f65abe580ddb6862a25203fc086c3758cd3ddf0f399e2f4fbf2,2015-12,City of London Police,City of London Police,-0.087118,51.513199,On or near Nightclub,E01032739,City of London 001F,Unable to prosecute suspect
835b2e66cf48be1d153c84d0435568db9a3a8aaf1638babb9d656364a929b8c3,2015-12,City of London Police,City of London Police,-0.090804,51.511560,On or near DOWGATE HILL,E01032739,City of London 001F,Offender given a caution
5adeaceb8357b9f2590d5c8d77227b84a7ebc5a45344332916ea548f07b0d2b1,2015-12,City of London Police,City of London Police,-0.084618,51.512682,On or near GRACECHURCH STREET,E01032739,City of London 001F,Investigation complete; no suspect identified
72a96ce812a8e6c1081f94dfb4970fcff3b8f3ca833587e9feedb22d213b9801,2015-12,City of London Police,City of London Police,-0.090348,51.519358,On or near MOOR LANE,E01000002,City of London 001B,Investigation complete; no suspect identified
002d003bf0ebc6ff3a0b7c3b4872dd1e7d7800f71cbeab18fc33a5d14df87597,2015-12,City of London Police,City of London Police,-0.084618,51.512682,On or near GRACECHURCH STREET,E01032739,City of London 001F,Investigation complete; no suspect identified
a41f84b381db8bc5a502063e8e28f2c37e332d3db8bc8c2b9d3930fe17a02c90,2015-12,City of London Police,City of London Police,-0.088233,51.515484,On or near TOKENHOUSE YARD,E01032739,City of London 001F,Investigation complete; no suspect identified
09e6a5a37626da88399e8b4d8ae0cb9c5f8d2acc96a9681e5f1c312366fa52eb,2015-12,City of London Police,City of London Police,-0.086764,51.510307,On or near FISH STREET HILL,E01032739,City of London 001F,Investigation complete; no suspect identified
777a3360d397a9da759f0388b14f20845e1408144baa371bde0fc47b1a7a188a,2015-12,City of London Police,City of London Police,-0.087763,51.516393,On or near COPTHALL AVENUE,E01032739,City of London 001F,Investigation complete; no suspect identified
00fbadc3e2777876b8d204e481d7c1df02da2d87ca7b5669595020d241445bad,2015-12,City of London Police,City of London Police,-0.082913,51.513463,On or near LEADENHALL STREET,E01032739,City of London 001F,Investigation complete; no suspect identified
858942f4cee75e14c707f0134fddebbdad65f7ee462cba8647bf8b470c7488eb,2015-12,City of London Police,City of London Police,-0.110710,51.513914,On or near FLEET STREET,E01032740,City of London 001G,Investigation complete; no suspect identified
a4996d33c0b40c17412fdda18695918a465894a968c0170773480dea02ca47ae,2015-12,City of London Police,City of London Police,-0.112039,51.514547,On or near BELL YARD,E01004735,Westminster 018B,Investigation complete; no suspect identified
05a66d1c62229082612b117b50c5ec1ada3642f11b971e7f69d270f4bf9d22fe,2015-12,City of London Police,City of London Police,-0.090419,51.514917,On or near GRESHAM STREET,E01032739,City of London 001F,Investigation complete; no suspect identified
f3b077b909daf7be27b975b442346bfb77e0263d7890ccddf2fdbeceab2bbf93,2015-12,City of London Police,City of London Police,-0.087118,51.513199,On or near Nightclub,E01032739,City of London 001F,Investigation complete; no suspect identified
2c1b517eb13729ff2cb6f77b78be0295492926e06cf1340d6949ecea232e2403,2015-12,City of London Police,City of London Police,-0.084566,51.517690,On or near BLOMFIELD STREET,E01032739,City of London 001F,Unable to prosecute suspect
9251629ebbe67bd1baf9a66a16a87a92ccba4f89a1156e612bd65bf885ea6b17,2015-12,City of London Police,City of London Police,-0.079011,51.509614,On or near Pedestrian Subway,E01032739,City of London 001F,Investigation complete; no suspect identified
aa5dd03aae09e4737903507997788b61bd7ea8eca80132733d40ee737fce0427,2015-12,City of London Police,City of London Police,-0.090348,51.519358,On or near MOOR LANE,E01000002,City of London 001B,Investigation complete; no suspect identified
d95c3bbb24cb76b7cc24de9a61c058087d0b5f55bbcad696bfee37a85f90242a,2015-12,City of London Police,City of London Police,,,No location,,,Investigation complete; no suspect identified
584868f7fe24a521fd99608a552ecd19f7528624a3e29f2b91dcf4417f85a126,2015-12,City of London Police,City of London Police,-0.083993,51.511440,On or near PHILPOT LANE,E01032739,City of London 001F,Investigation complete; no suspect identified
d8b7d5c29436038e218b51b132653ef4c8696cca7bcf0993ba7adc9b4ec84991,2015-12,City of London Police,City of London Police,-0.110735,51.517836,On or near Further/Higher Educational Building,E01032740,City of London 001G,Investigation complete; no suspect identified
b8e40c6f114eab1c75db92c05a68f106eb91d1dd7d09259758623825d90705df,2015-12,City of London Police,City of London Police,-0.088843,51.509532,On or near Parking Area,E01032739,City of London 001F,Investigation complete; no suspect identified
4ceb717d59c62c932154aface3aba953639ba1f3a3493ce3e30d2b7365b4f61c,2015-12,City of London Police,City of London Police,-0.093493,51.513447,On or near BOW LANE,E01032739,City of London 001F,Investigation complete; no suspect identified
11209e40239fea3ba966b8ed38b6ce92a4581fa18d774776736e1ab2babf844e,2015-12,City of London Police,City of London Police,-0.083086,51.511407,On or near ROOD LANE,E01032739,City of London 001F,Investigation complete; no suspect identified
75f1fdd68681ea8d41cc93c88781035d35682e491ea084d4511cc79e6ed54ecf,2015-12,City of London Police,City of London Police,-0.111497,51.518226,On or near Pedestrian Subway,E01000914,Camden 028B,Investigation complete; no suspect identified
f6b38ccb34265df500a681255ebaa13273d52f30e1a5aa14cb469a32580a59bb,2015-12,City of London Police,City of London Police,-0.096814,51.512952,On or near ST PAUL'S CHURCH YARD,E01032739,City of London 001F,Investigation complete; no suspect identified
72c1e78b7afb00a52be6f6444be41aca2b0a138f762a712ba8ab3d58da492f48,2015-12,City of London Police,City of London Police,-0.079786,51.517576,On or near Police Station,E01032739,City of London 001F,Investigation complete; no suspect identified
09ab16cf6b41c6277781165a70d8b8bdf47586294376528094b06d4b73df0efd,2015-12,City of London Police,City of London Police,-0.104300,51.511761,On or near Pedestrian Subway,E01032740,City of London 001G,Formal action is not in the public interest
fd6ef6725b6047a30eed2316e722a83941581da418bcfb0eda9f981c81c4e960,2015-12,City of London Police,City of London Police,-0.102412,51.517297,On or near COCK LANE,E01032740,City of London 001G,Investigation complete; no suspect identified
cd76331da8422694fb32df628dd3f0363719e5d95a39060c57f58eb0c859be01,2015-12,City of London Police,City of London Police,-0.086624,51.511923,On or near CLEMENT'S LANE,E01032739,City of London 001F,Offender given a caution
452d618940e8a2b2f1ca9a7bfa10dd3951a9d88a743f7e9eb71f749841ecb01e,2015-12,City of London Police,City of London Police,-0.090348,51.519358,On or near MOOR LANE,E01000002,City of London 001B,Offender given a caution
09c69ed36790c8010f17e02859062f9f420da8a0531ec581bd0e49f48f435ce6,2015-12,City of London Police,City of London Police,-0.077451,51.515523,On or near WHITE KENNETT STREET,E01000005,City of London 001E,Investigation complete; no suspect identified
34c1f64adc069b5da7c5aa721f06759f9344afd0e8fee6a40443571633deb1cb,2015-12,City of London Police,City of London Police,-0.088621,51.518619,On or near MOORFIELDS,E01000002,City of London 001B,Investigation complete; no suspect identified
e1d86b0fe8b1a4cc1fc7bbca214e9ae48fc929b918bda7e1ddb7db9dd0e1fed2,2015-12,City of London Police,City of London Police,-0.094464,51.512959,On or near WATLING COURT,E01032739,City of London 001F,Investigation complete; no suspect identified
ccdb919ca69fc339de9f29e4a90ed75aaf92882de796b6c10023879d45f180dd,2015-12,City of London Police,City of London Police,-0.090348,51.519358,On or near MOOR LANE,E01000002,City of London 001B,Investigation complete; no suspect identified
d06b8e1843cf67f0650442bbd625d45ff9b86c4ef15a1608e8f1e7c681f21efc,2015-12,City of London Police,City of London Police,-0.085669,51.515100,On or near AUSTIN FRIARS,E01032739,City of London 001F,Suspect charged
5807408c01e90c9edaaa5207d6efd111ceaa92cd77bb34205fe6c21c49a8927a,2015-12,City of London Police,City of London Police,-0.106922,51.514204,On or near FLEET STREET,E01032740,City of London 001G,Suspect charged
752afe279c7a33329ac4fcc9ad5d88379d4bf8b861e5152c0252945a0ddb7aaa,2015-12,City of London Police,City of London Police,-0.106680,51.515882,On or near Parking Area,E01032740,City of London 001G,Investigation complete; no suspect identified
d91250f6b779765c9045eee1b932d39d1371ede8ed3eb404dd3d957c26bd2639,2015-12,City of London Police,City of London Police,-0.097645,51.515142,On or near ST MARTIN'S LE GRAND,E01032739,City of London 001F,Investigation complete; no suspect identified
ed8bb4afb294ece4171e4008a2c71e1bae9e4810fe3206afa691725e48a6d0c5,2015-12,City of London Police,City of London Police,-0.096814,51.512952,On or near ST PAUL'S CHURCH YARD,E01032739,City of London 001F,Investigation complete; no suspect identified
