Crime ID,Month,Reported by,Falls within,Longitude,Latitude,Location,LSOA code,LSOA name,Outcome type
155fd8be04cff1e1f63850d1110f16fb83e7720415fccaeda39c1d4333f1e5b2,2016-04,City of London Police,City of London Police,-0.104494,51.509848,On or near A201,E01032739,City of London 001F,Suspect charged
68248736242b938d087526ff7752ce3794c64c8d7cff356508c2388af2d2a742,2016-04,City of London Police,City of London Police,-0.086393,51.510894,On or near EASTCHEAP,E01032739,City of London 001F,Offender sent to prison
93f5a4301c83410bd83da48f7973a861fa2e4d3d7aec304ad4d6be1d21184c57,2016-04,City of London Police,City of London Police,,,No location,,,Offender sent to prison
9c75ab3ece9f043e500131527cf087add30903fe3b89a9a8f021b13d1a9174fa,2016-04,City of London Police,City of London Police,-0.104252,51.516733,On or near Supermarket,E01032740,City of London 001G,Offender fined
df751c29a574ca3bc3bf54ffca3e6c49798b374c0bb5707ad9f4185c03315289,2016-04,City of London Police,City of London Police,-0.087086,51.512596,On or near LOMBARD STREET,E01032739,City of London 001F,Offender given community sentence
f9f3b4f03904e6099542d89fc95770a860b9fe590109a1afafbba6d4fde9d291,2016-04,City of London Police,City of London Police,-0.079786,51.517576,On or near Police Station,E01032739,City of London 001F,Offender sent to prison
0fdc21d434ed4bc5e9c42594ecdc8b31e4c1be4f6490f846d6e8acc7a442d787,2016-04,City of London Police,City of London Police,-0.092719,51.512652,On or near QUEEN VICTORIA STREET,E01032739,City of London 001F,Offender given community sentence
967c256a768c9b078dbdb70a9335b65f0179ef4dc9d5808b00710065d430a9fa,2016-04,City of London Police,City of London Police,-0.084095,51.516900,On or near NEW BROAD STREET,E01032739,City of London 001F,Offender sent to prison
5e2881d5f7828c4f1613be4662190b49c9c1e225e13ed7f833a5014fda49da52,2016-04,City of London Police,City of London Police,-0.080376,51.517244,On or near Supermarket,E01032739,City of London 001F,Offender sent to prison
e8f2e354da55ad69acf4a2a2d4d083f5aa37c22fc9d8490fbd1cff627cdba6bb,2016-04,City of London Police,City of London Police,-0.093257,51.513920,On or near BOW LANE,E01032739,City of London 001F,Offender given suspended prison sentence
25d77bce2ba27fd7c040488becb43d2df3bce7565db21de1dbc9077cad1a9dc7,2016-04,City of London Police,City of London Police,-0.097277,51.515307,On or near ST MARTIN'S LE GRAND,E01000001,City of London 001A,Offender sent to prison
d78eae390f4cfda314462a657277680a370119192da0f9f27dea09a51571ed3b,2016-04,City of London Police,City of London Police,-0.078856,51.518433,On or near ARTILLERY LANE,E01032739,City of London 001F,Offender sent to prison
a68cf121525c1a2650ef3ac37ad873b0fd65c6fe0020a824c33c9266bd9b0506,2016-04,City of London Police,City of London Police,-0.081620,51.516814,On or near ALDERMAN'S WALK,E01032739,City of London 001F,Offender sent to prison
1d87044a4c6c58b204a7a8fe7d7fca81ea4850a207c369481bc2399be002abd0,2016-04,City of London Police,City of London Police,-0.079786,51.517576,On or near Police Station,E01032739,City of London 001F,Offender sent to prison
6b91bc8cbdc112ae54571e95e88110dcb7a25dd549e1aac08b86e912d7423445,2016-04,City of London Police,City of London Police,-0.086624,51.511923,On or near CLEMENT'S LANE,E01032739,City of London 001F,Offender given suspended prison sentence
592213a9b00fe196ed056f7a04d84ac101de15a41983a718f13986dbfe4e3d78,2016-04,City of London Police,City of London Police,-0.080376,51.517244,On or near Supermarket,E01032739,City of London 001F,Offender sent to prison
e4123fd834f7ec390cefa0718d2eccf05b0002c94742d7952c6317f798b3f689,2016-04,City of London Police,City of London Police,-0.088955,51.513382,On or near LOMBARD STREET,E01032739,City of London 001F,Offender sent to prison
522ea1db78805841cede0538c96f248bdb514cef3c0bafbbad0341a8bf2981dc,2016-04,City of London Police,City of London Police,-0.080376,51.517244,On or near Supermarket,E01032739,City of London 001F,Offender fined
4b69f9d806d6db0d44e39253f57a863a3f8028c7bc158b47b479ca193a926a7d,2016-04,City of London Police,City of London Police,,,No location,,,Offender fined
4270647e0c9370fd76150a178f0101a9dabbf6a14cbe290296e31b33862b2c8e,2016-04,City of London Police,City of London Police,-0.096561,51.514513,On or near CHEAPSIDE,E01032739,City of London 001F,Offender given suspended prison sentence
5fb5671c466bf3ac7be66e69824398512e9d074e54f9a8e7c43d43c50846f889,2016-04,City of London Police,City of London Police,,,No location,,,Suspect charged
e7240c44552a93bf722d12c09de1e2c5f8443040f8d24caaa15344fbf4dbe813,2016-04,City of London Police,City of London Police,,,No location,,,Suspect charged
4756e399a6f5786a9d88d3fb21fd3b0d08ae8f12d226b8efa395cf92a370e05d,2016-04,City of London Police,City of London Police,,,No location,,,Investigation complete; no suspect identified
c0d59052ef2f42534e3d081d4baff6f4f871c82f80c0bbeb436212c762481dca,2016-04,City of London Police,City of London Police,,,No location,,,Investigation complete; no suspect identified
813e3d37d7a04e4a8c770df7bab3ea49980fad7562189f89c584ff0fc5a7e35d,2016-04,City of London Police,City of London Police,-0.090348,51.519358,On or near MOOR LANE,E01000002,City of London 001B,Investigation complete; no suspect identified
d26307efeb0ba056818270098fdad9f1effe9e8352aea1b26967aeb39ab24fec,2016-04,City of London Police,City of London Police,-0.080234,51.516855,On or near DEVONSHIRE ROW,E01032739,City of London 001F,Unable to prosecute suspect
f7225a126f6c3f8fd7c3159c48575d1f182e14e1ec904bef4dadabfa9cb50963,2016-04,City of London Police,City of London Police,-0.092865,51.510182,On or near Parking Area,E01032739,City of London 001F,Investigation complete; no suspect identified
0408e07f2208bcc12682817ef55834b76e47cc0eda9ccdb60bd112d46058baa1,2016-04,City of London Police,City of London Police,-0.083645,51.512504,On or near LIME STREET PASSAGE,E01032739,City of London 001F,Investigation complete; no suspect identified
a5a86000a4c323e77d1fda2dd742914e7a43abc3b0906b0f88414e8fcb3e6d84,2016-04,City of London Police,City of London Police,-0.110710,51.513914,On or near FLEET STREET,E01032740,City of London 001G,Investigation complete; no suspect identified
fa8c7fc954db2b14fe87fed50bc4f646d217a8750e4547886d1626fee8c2e0f6,2016-04,City of London Police,City of London Police,-0.094464,51.512959,On or near WATLING COURT,E01032739,City of London 001F,Investigation complete; no suspect identified
9ec9d7d0ced2f5b29ad8cbf72d867dd2b2f705361bb0ea3ec6979f04c025b9fe,2016-04,City of London Police,City of London Police,-0.086278,51.509876,On or near FISH STREET HILL,E01032739,City of London 001F,Investigation complete; no suspect identified
3a3fc30202e7df86c63824f0ae7fe30547451d3b6c60c50456b3693a6e12ccfb,2016-04,City of London Police,City of London Police,-0.097645,51.515142,On or near ST MARTIN'S LE GRAND,E01032739,City of London 001F,Investigation complete; no suspect identified
b8b2e442b6dbf7a1f9900cfc29c415cdde1436c18268dd689cba1cd4e6158c63,2016-04,City of London Police,City of London Police,-0.092040,51.515087,On or near GRESHAM STREET,E01032739,City of London 001F,Investigation complete; no suspect identified
61e1547c7a41d0dc32632ba856440bd802a65962e8ac6dda6b584c08f6c49199,2016-04,City of London Police,City of London Police,-0.086278,51.509876,On or near FISH STREET HILL,E01032739,City of London 001F,Investigation complete; no suspect identified
07e05990136f8fe140d3992205f5098afabdf7720dd6f3288f2063cdcb359e53,2016-04,City of London Police,City of London Police,,,No location,,,Investigation complete; no suspect identified
b388508db0c5d397e32a69507f2f2ad21bb1fea019119827bdfd1f7b179047c7,2016-04,City of London Police,City of London Police,-0.094115,51.516497,On or near WOOD STREET,E01000002,City of London 001B,Investigation complete; no suspect identified
8f9e429e67cbee38ed7067d1f511d65737fd62e079b949682b723b047686aef5,2016-04,City of London Police,City of London Police,-0.100179,51.514158,On or near Shopping Area,E01032739,City of London 001F,Investigation complete; no suspect identified
11a98b02100275d8786dd272b68b58ea009ade97f4afb1d296997a30e4a9e15f,2016-04,City of London Police,City of London Police,-0.105134,51.513869,On or near BRIDE LANE,E01032740,City of London 001G,Investigation complete; no suspect identified
860454e1d7a466748e4033485df622d7978c2ca8d6cbf323a4aaed98d1e9f4a7,2016-04,City of London Police,City of London Police,-0.087525,51.510364,On or near ARTHUR STREET,E01032739,City of London 001F,Investigation complete; no suspect identified
25534dfbce4663fbd23886ab1dbf9f347fa445dc3ba3350f43a8fbf4c99f1379,2016-04,City of London Police,City of London Police,-0.082571,51.514753,On or near GREAT ST HELEN'S,E01032739,City of London 001F,Investigation complete; no suspect identified
42de60b38b25565a7db0ad6f694f75a791ff8db9e58dd18bbb96ea7df469504c,2016-04,City of London Police,City of London Police,-0.079786,51.517576,On or near Police Station,E01032739,City of London 001F,Investigation complete; no suspect identified
a3637f742eb2377ba7db284d94d8a209d53d77b9e550c172867f92adbf38b37f,2016-04,City of London Police,City of London Police,-0.100202,51.513268,On or near DEAN'S COURT,E01032739,City of London 001F,Unable to prosecute suspect
68426835cc04e35e5f46e2566a60c33f3479fea06a6b837576086a4dc7b823a6,2016-04,City of London Police,City of London Police,-0.088767,51.520303,On or near FINSBURY STREET,E01002704,Islington 023D,Investigation complete; no suspect identified
945278899cf0d4ba26aacf3b37d5f0913efee1f97edecc3b2ad8bd7fd9ce3557,2016-04,City of London Police,City of London Police,-0.088995,51.512088,On or near ST SWITHIN'S LANE,E01032739,City of London 001F,Investigation complete; no suspect identified
d32de5332c36f4fb2967b8ff069f23d2af5779ca6af1b4c4c9bcd061abaf40dd,2016-04,City of London Police,City of London Police,-0.077513,51.515075,On or near STONEY LANE,E01000005,City of London 001E,Investigation complete; no suspect identified
0a93589098dcbbf901adfedb3184779199498f5670ca96eb4f523992fe815169,2016-04,City of London Police,City of London Police,-0.094750,51.511624,On or near LITTLE TRINITY LANE,E01032739,City of London 001F,Investigation complete; no suspect identified
24b0cb31b4be876758595456556a7095cd95f4657d5f8bd29b1326e22012943d,2016-04,City of London Police,City of London Police,-0.091151,51.514992,On or near GRESHAM STREET,E01032739,City of London 001F,Investigation complete; no suspect identified
4f398f71b3cfd44539a1a38c14fad1b1f897205494ee35d8425a6d6b246d59bd,2016-04,City of London Police,City of London Police,-0.108283,51.517526,On or near Supermarket,E01032740,City of London 001G,Investigation complete; no suspect identified
e06176129fbc99340fc3d98987477e93aa5d962854affcdb978644924f0c1541,2016-04,City of London Police,City of London Police,-0.080146,51.514848,On or near BURY COURT,E01032739,City of London 001F,Unable to prosecute suspect
74a0b8b2a85661793b06ad58eebb47b77614f851a0ab4b2f6bd3f61a533ca936,2016-04,City of London Police,City of London Police,-0.099907,51.512031,On or near QUEEN VICTORIA STREET,E01032739,City of London 001F,Investigation complete; no suspect identified
2a256de9cf704e987e2527f90391e83d112b862a77eb8cea29b3ba05eca656aa,2016-04,City of London Police,City of London Police,-0.095960,51.517534,On or near LONDON WALL,E01000001,City of London 001A,Unable to prosecute suspect
5db0cce18088a81756fa65995df2cffcfb5b58ea7306d7503781d7347cdcc3b0,2016-04,City of London Police,City of London Police,-0.098777,51.512526,On or near KNIGHTRIDER STREET,E01032739,City of London 001F,Investigation complete; no suspect identified
b654353a9c187886b5c53de67fd293ec85300793ece2fc309111789587ca6670,2016-04,City of London Police,City of London Police,-0.086764,51.510307,On or near FISH STREET HILL,E01032739,City of London 001F,Investigation complete; no suspect identified
36cb7835651a09090497c37dceb5843a747cea8ab877c09c26c515ae3c44c18c,2016-04,City of London Police,City of London Police,-0.073254,51.512856,On or near MANSELL STREET,E01000005,City of London 001E,Unable to prosecute suspect
b44a31ba8c6017601450c986ba38ebe2650be4a4c7be0e6e3ad37c10f8cecee7,2016-04,City of London Police,City of London Police,-0.083296,51.517058,On or near OLD BROAD STREET,E01032739,City of London 001F,Unable to prosecute suspect
b68d7b200bb715fff5116b2e4741a880f5bbbee1e7f2554f03705b3c84395773,2016-04,City of London Police,City of London Police,-0.101794,51.516207,On or near NEWGATE STREET,E01032740,City of London 001G,Investigation complete; no suspect identified
25010cdc762deb29d56e5f5aaf7e27f907239152de4c600e99e47e578f404f96,2016-04,City of London Police,City of London Police,-0.075844,51.511594,On or near CROSSWALL,E01000005,City of London 001E,Investigation complete; no suspect identified
594edcf57afff6198e4a4a08b1a92db71da0c0b005f484d57f31a835f996e5b9,2016-04,City of London Police,City of London Police,-0.078250,51.515033,On or near HOUNDSDITCH,E01000005,City of London 001E,Investigation complete; no suspect identified
30f353402929ca11cde9ac3bdc78b5fde76db8995cdbfee6df559c94c684ecfc,2016-04,City of London Police,City of London Police,-0.102412,51.517297,On or near COCK LANE,E01032740,City of London 001G,Investigation complete; no suspect identified
16d96455858b568c860f0c1d87249561c53b682822cae5114135c7bdeadb4928,2016-04,City of London Police,City of London Police,-0.078856,51.518433,On or near ARTILLERY LANE,E01032739,City of London 001F,Investigation complete; no suspect identified
160669be603c7fe62d3eae43a82a7ad7bb9a36b6d0014eb7ce5b991acfe0c613,2016-04,City of London Police,City of London Police,,,No location,,,Investigation complete; no suspect identified
04e3b6362b5bddd271c8b877e20e59a807690280703f8e6f5bd7618714d4e47b,2016-04,City of London Police,City of London Police,-0.078250,51.515033,On or near HOUNDSDITCH,E01000005,City of London 001E,Unable to prosecute suspect
b9c884be1b5a8699921d01b046a7b9bcc2c605a963536f87e96ef824e4ca6d98,2016-04,City of London Police,City of London Police,-0.096075,51.514766,On or near FOSTER LANE,E01032739,City of London 001F,Investigation complete; no suspect identified
0bc8c03da9db20ac3a850613753ee08dcb14eae54a8e2b3d68d77b8c4edae592,2016-04,City of London Police,City of London Police,-0.097645,51.515142,On or near ST MARTIN'S LE GRAND,E01032739,City of London 001F,Investigation complete; no suspect identified
71e7608aa0dbf8bb86dd615659c2cd100c80ca2b75b797d973d02639408abdf2,2016-04,City of London Police,City of London Police,-0.079786,51.517576,On or near Police Station,E01032739,City of London 001F,Investigation complete; no suspect identified
39e924d8aa533b93f3f43b41fade675db534f3c0dd79d43b7901869fad35cec2,2016-04,City of London Police,City of London Police,-0.082811,51.510054,On or near IDOL LANE,E01032739,City of London 001F,Investigation complete; no suspect identified
1ad3ff6ab1911f3b3eec4adeabe0703c15d011f1f6fba9002373c56bed9aee39,2016-04,City of London Police,City of London Police,-0.086764,51.510307,On or near FISH STREET HILL,E01032739,City of London 001F,Investigation complete; no suspect identified
78a51e0f946beb6b6f919145253398ecfc1653bb1bbfff5728ca06168f3749ae,2016-04,City of London Police,City of London Police,-0.084618,51.512682,On or near GRACECHURCH STREET,E01032739,City of London 001F,Investigation complete; no suspect identified
c30cce890da3cbecae8102ed0471274c56267afb508eb8bb67d37872f435738c,2016-04,City of London Police,City of London Police,-0.084199,51.513394,On or near CORNHILL,E01032739,City of London 001F,Investigation complete; no suspect identified
0b8d5ea226c2372833c9115a1be3bd9b99dcf68580146cac1b134c4efc70ab75,2016-04,City of London Police,City of London Police,-0.081549,51.511625,On or near MINCING LANE,E01032739,City of London 001F,Investigation complete; no suspect identified
48ef046dd5a04e2ac6ba3f13db551aa9773da8e09aed5135c6f72843fccdcdd6,2016-04,City of London Police,City of London Police,-0.076044,51.512650,On or near INDIA STREET,E01000005,City of London 001E,Investigation complete; no suspect identified
ca15728c354c924f50a773d8144c91b51dfa3ee28fbb48d6ff6bc95fbf3f7338,2016-04,City of London Police,City of London Police,-0.083993,51.511440,On or near PHILPOT LANE,E01032739,City of London 001F,Investigation complete; no suspect identified
79dddd262dc796048ef32b13eb83ae37ffc4f0465904f67c5951002bd489f423,2016-04,City of London Police,City of London Police,-0.083993,51.511440,On or near PHILPOT LANE,E01032739,City of London 001F,Investigation complete; no suspect identified
eb6aa135ea2219a968b76b4ee6954051b30a4143555fd3e8cca59a900970190f,2016-04,City of London Police,City of London Police,-0.093821,51.512139,On or near GARLICK HILL,E01032739,City of London 001F,Investigation complete; no suspect identified
5b1f8aef6b432b03807bc652cc325085a742da02c397a0679b60d05ac311a928,2016-04,City of London Police,City of London Police,-0.084618,51.512682,On or near GRACECHURCH STREET,E01032739,City of London 001F,Investigation complete; no suspect identified
54935c6be27b034e754ee35f6844d2ff90bc6a004c385b964bdfa4560bc4894a,2016-04,City of London Police,City of London Police,,,No location,,,Investigation complete; no suspect identified
dc26942cecfb3d49e09ed8c5dac31cc3f5e90ed1917ae8788a1daa634703143e,2016-04,City of London Police,City of London Police,-0.090985,51.516886,On or near BASINGHALL AVENUE,E01032739,City of London 001F,Investigation complete; no suspect identified
3d85360ecc6a9e2339ad4515ed40e11490f83905b7e92df9dda1ae9a5bf12384,2016-04,City of London Police,City of London Police,-0.093493,51.513447,On or near BOW LANE,E01032739,City of London 001F,Investigation complete; no suspect identified
cd34918dd20036257121199db63712718bc5fd7d83212e74f843d5b0ef2b8357,2016-04,City of London Police,City of London Police,-0.084967,51.512598,On or near BELL INN YARD,E01032739,City of London 001F,Investigation complete; no suspect identified
6aa5748779f44795d0a1be6a39edd8020324b22ade60691727fecd2905cd0d8f,2016-04,City of London Police,City of London Police,-0.080376,51.517244,On or near Supermarket,E01032739,City of London 001F,Unable to prosecute suspect
3212c65bde198ad3a1fd595b981183599826427bd29893a10919f8c96a3265fe,2016-04,City of London Police,City of London Police,-0.080318,51.520678,On or near PRIMROSE STREET,E01032739,City of London 001F,Investigation complete; no suspect identified
7081373ab932bf5c5cf8303e8916dc1c8c3bff1c11b1e21c59f263a471fdba8c,2016-04,City of London Police,City of London Police,-0.082571,51.514753,On or near GREAT ST HELEN'S,E01032739,City of London 001F,Investigation complete; no suspect identified
743374153e78dc9b6890246466bd4f8e38a7d58544bf573c37cb41c92dc6cc9f,2016-04,City of London Police,City of London Police,-0.088995,51.512088,On or near ST SWITHIN'S LANE,E01032739,City of London 001F,Investigation complete; no suspect identified
f6a1daf3ce7491ce5d25f8e712eaafb55864e6c859e9b5ac395eb955937da44f,2016-04,City of London Police,City of London Police,-0.097562,51.518864,On or near Parking Area,E01000001,City of London 001A,Investigation complete; no suspect identified
66ec6d2c3a4cc2a7088e5a63196eb8498777fa042d42d200cedc0ccb586ed01c,2016-04,City of London Police,City of London Police,,,No location,,,Investigation complete; no suspect identified
aae8fee5d4494924e088ac10ec8e856b0ae2b59a69563ff0669a708adff517dc,2016-04,City of London Police,City of London Police,-0.102741,51.513885,On or near PAGEANTMASTER COURT,E01032740,City of London 001G,Unable to prosecute suspect
46d099a2359cae82ecb9f04cd16e7103c865e3ea4be76af4d789eb36de04e116,2016-04,City of London Police,City of London Police,-0.095346,51.514970,On or near GOLDSMITH STREET,E01032739,City of London 001F,Investigation complete; no suspect identified
5cedc8fee094ce640d4d04c1ee3fa5885db14a3218f472b6482dba575e52c2b8,2016-04,City of London Police,City of London Police,-0.082571,51.514753,On or near GREAT ST HELEN'S,E01032739,City of London 001F,Investigation complete; no suspect identified
184e81f6e762cd69818a089993d70b66124d4f6905c1e0252a0911ff8398d79e,2016-04,City of London Police,City of London Police,-0.078856,51.518433,On or near ARTILLERY LANE,E01032739,City of London 001F,Investigation complete; no suspect identified
9f0d05b5f53b3cdab2d60b9a187b8e20affd46748229b91ea1ccdc6abfad0d5b,2016-04,City of London Police,City of London Police,-0.091151,51.516026,On or near BASINGHALL STREET,E01032739,City of London 001F,Investigation complete; no suspect identified
f8c696ca89843e823678959b2f0421cf2a488ddd3a04927333e31099da5ece25,2016-04,City of London Police,City of London Police,-0.087118,51.513199,On or near Nightclub,E01032739,City of London 001F,Investigation complete; no suspect identified
046ed5b9e48dac303c916d1d8d10f08107fa6862221ac617f1e9c538d90f9fd9,2016-04,City of London Police,City of London Police,-0.080376,51.517244,On or near Supermarket,E01032739,City of London 001F,Investigation complete; no suspect identified
1ebdf7320c8ba76812f0f26c9b5ab1bb48c378c2a1972c744b4e7f7ef1c83d49,2016-04,City of London Police,City of London Police,-0.077224,51.516122,On or near Shopping Area,E01000005,City of London 001E,Investigation complete; no suspect identified
7457c379c22864e41cdb617dec4d1ef0f541af9396fca5373d8a3ae66656ff4d,2016-04,City of London Police,City of London Police,-0.090203,51.511118,On or near SCOTT'S YARD,E01032739,City of London 001F,Investigation complete; no suspect identified
240b180fd57a72033c4a51740aafce7dd7cbf020d990a487691ecf4f1e5e3f9a,2016-04,City of London Police,City of London Police,-0.106680,51.515882,On or near Parking Area,E01032740,City of London 001G,Unable to prosecute suspect
7d84e5892daf4f24c1aedb749dbc445b96bfe4d4801aed05a6d08145f61bc50b,2016-04,City of London Police,City of London Police,-0.088203,51.518262,On or near MOORGATE,E01032739,City of London 001F,Investigation complete; no suspect identified
f55320f6c1988f22ee10d43806265d22d3d72ceb395459e0f26e46750a190f34,2016-04,City of London Police,City of London Police,-0.081620,51.516814,On or near ALDERMAN'S WALK,E01032739,City of London 001F,Investigation complete; no suspect identified
cb97e4fde921da66ae5025b4bd75394c96aa3f5363cec33df8ef38f54a154f24,2016-04,City of London Police,City of London Police,-0.090203,51.511118,On or near SCOTT'S YARD,E01032739,City of London 001F,Investigation complete; no suspect identified
e29726107b1ac92953042c625f9f18aaee498286b6427b8b43c8d040a9a863a8,2016-04,City of London Police,City of London Police,-0.092517,51.520580,On or near WHITECROSS STREET,E01000002,City of London 001B,Investigation complete; no suspect identified
4eca74348b9e2f888b154fea941645e9a14a0b8009f47216ccf6ea0a9c26b289,2016-04,City of London Police,City of London Police,-0.074793,51.511208,On or near Pedestrian Subway,E01000005,City of London 001E,Investigation complete; no suspect identified
660d1aa1e0c88d9d89919b6402ac7b5ee00e2f55452ab5de3d3f7efd31980074,2016-04,City of London Police,City of London Police,-0.096363,51.513377,On or near NEW CHANGE,E01032739,City of London 001F,Investigation complete; no suspect identified
83e52616bb77e2b0788071724e90dca71d4f416dfeb71f44d0fedfb1410fd30d,2016-04,City of London Police,City of London Police,-0.078779,51.508971,On or near GLOUCESTER COURT,E01004293,Tower Hamlets 027B,Investigation complete; no suspect identified
56045bd8b9e3631a4209a88695c8fc1ee1977d693b15dc2a46d2f82bac6043b1,2016-04,City of London Police,City of London Police,-0.077300,51.512607,On or near CARLISLE AVENUE,E01032739,City of London 001F,Investigation complete; no suspect identified
233a352a199035dfd28c505d604420f7e2972811ad86e109f663e6de1132be6b,2016-04,City of London Police,City of London Police,-0.090203,51.511118,On or near SCOTT'S YARD,E01032739,City of London 001F,Investigation complete; no suspect identified
f1191e94992f6be4a7b7c63f2fcb5e3cdb182e8099124b17fbdb7b7dd2aa55ef,2016-04,City of London Police,City of London Police,-0.092297,51.518949,On or near Park/Open Space,E01000002,City of London 001B,Investigation complete; no suspect identified
15e05e005741c80fb14df64558888fe15d27ad5e72a6ee7ce982b7b215b23ef9,2016-04,City of London Police,City of London Police,-0.109709,51.517909,On or near HIGH HOLBORN,E01032740,City of London 001G,Investigation complete; no suspect identified
7a55819a060bccc5750b76ab38bad8cf31d5943cee5cdcea09bbaaea8c2220e3,2016-04,City of London Police,City of London Police,-0.076080,51.511445,On or near AMERICA SQUARE,E01000005,City of London 001E,Investigation complete; no suspect identified
195bf4f091671c3c7c3f2d8a1f29da89e1777d59e2e36ace17836ab216d55ec3,2016-04,City of London Police,City of London Police,-0.094464,51.512959,On or near WATLING COURT,E01032739,City of London 001F,Investigation complete; no suspect identified
6ec19711160050c67007173380028794d06a8590da9158762a760637a606a19e,2016-04,City of London Police,City of London Police,-0.093933,51.519812,On or near Conference/Exhibition Centre,E01000002,City of London 001B,Investigation complete; no suspect identified
11d125e81f4071c63ae19087c5767cdcaaa3c52b0d86d4ca046948257b4fadf3,2016-04,City of London Police,City of London Police,-0.092296,51.511386,On or near COLLEGE HILL,E01032739,City of London 001F,Investigation complete; no suspect identified
5680d99c03bd251ff4f521131c7ea90bddf6a0099f3efcebd85ece4f41419ab8,2016-04,City of London Police,City of London Police,-0.090348,51.519358,On or near MOOR LANE,E01000002,City of London 001B,Investigation complete; no suspect identified
befc4f46cf1da4043aa14a57a941d8839577a7edbff250c599dba78facedaf71,2016-04,City of London Police,City of London Police,-0.077451,51.515523,On or near WHITE KENNETT STREET,E01000005,City of London 001E,Investigation complete; no suspect identified
55d3b38719189078bb9dc7d2a28888de8cc5bf5c4cc2db6e0ed03040daba40b6,2016-04,City of London Police,City of London Police,-0.084566,51.517690,On or near BLOMFIELD STREET,E01032739,City of London 001F,Investigation complete; no suspect identified
de0399500c7f65492c4085b6625006f20a9d71ffb259cfaa7c07104c69a011d1,2016-04,City of London Police,City of London Police,-0.106214,51.513905,On or near SALISBURY COURT,E01032740,City of London 001G,Investigation complete; no suspect identified
76857fecb28303db3291e215cb9a4a1c824d9cc05e9927dd0db9d3439ff3e670,2016-04,City of London Police,City of London Police,-0.110592,51.516062,On or near BREAM'S BUILDINGS,E01032740,City of London 001G,Unable to prosecute suspect
388834e9faab28bcdb3fb625d5322fdd68d30b607149147352421d0affe7ee05,2016-04,City of London Police,City of London Police,-0.110592,51.516062,On or near BREAM'S BUILDINGS,E01032740,City of London 001G,Investigation complete; no suspect identified
8a3af0a8eb754c605b81caaf0956167edff2ef41b5432c410ee80132d9080f6f,2016-04,City of London Police,City of London Police,-0.074901,51.506255,On or near A100,E01004293,Tower Hamlets 027B,Investigation complete; no suspect identified
f74a152ed68923083e91c3b97cf926c6b5d2dde1a43f961744a854a2184fc466,2016-04,City of London Police,City of London Police,-0.104252,51.516733,On or near Supermarket,E01032740,City of London 001G,Investigation complete; no suspect identified
22c08867f6e7dcc95c60e0948f93111285f1ee63ebf382acb1a0295fa873b084,2016-04,City of London Police,City of London Police,-0.080318,51.520678,On or near PRIMROSE STREET,E01032739,City of London 001F,Investigation complete; no suspect identified
ee8d73b49b299583f4549d4aa11848446493fda08c90d1e5cf1a15f2176ef7d7,2016-04,City of London Police,City of London Police,-0.109709,51.517909,On or near HIGH HOLBORN,E01032740,City of London 001G,Investigation complete; no suspect identified
1a106c5c0aa21e21161ba0662df90a0a1fa05dc40e1986ff0a3bd36f2060ae33,2016-04,City of London Police,City of London Police,-0.076044,51.512650,On or near INDIA STREET,E01000005,City of London 001E,Investigation complete; no suspect identified
e45a967803608f3ec6dc6c1c593e6e23e01d5acd8a17ce275c446fa63ebc1c15,2016-04,City of London Police,City of London Police,-0.084618,51.512682,On or near GRACECHURCH STREET,E01032739,City of London 001F,Investigation complete; no suspect identified
7f84ffbd61eff95a2452cea9cae71e13c923c2872c0ffd6371e4bcc27e9d11a9,2016-04,City of London Police,City of London Police,-0.099907,51.512031,On or near QUEEN VICTORIA STREET,E01032739,City of London 001F,Investigation complete; no suspect identified
e6c8f37ee8704858bb2487f2cd06322d3d0b8a0ac434c2a90477c27fc6fcafa8,2016-04,City of London Police,City of London Police,-0.089465,51.510855,On or near GOPHIR LANE,E01032739,City of London 001F,Investigation complete; no suspect identified
1958ffe4499f9337e93b4d627986cdecac19aafb588172dc7c1454b581bf2214,2016-04,City of London Police,City of London Police,-0.096363,51.513377,On or near NEW CHANGE,E01032739,City of London 001F,Investigation complete; no suspect identified
7b40656c5c9b7ef3b2d540935db1a38e48cbbddea03d6a103724c2408f216fc6,2016-04,City of London Police,City of London Police,-0.075196,51.512609,On or near ST CLARE STREET,E01000005,City of London 001E,Investigation complete; no suspect identified
8bf688ca32791b12862dedd84c0675144a2a780c9fb58b8f52cea5287cbb56a0,2016-04,City of London Police,City of London Police,-0.085173,51.518680,On or near FINSBURY AVENUE,E01032739,City of London 001F,Investigation complete; no suspect identified
cb03fb83ed4e73a8a7cb9c3815f98865cb4c41ee764c6fb7c2194e4346358776,2016-04,City of London Police,City of London Police,-0.101320,51.519302,On or near GRAND AVENUE,E01032740,City of London 001G,Unable to prosecute suspect
7a31172c468cfc8a76208d618cc18ef992a5c89d61379ebe5c0a7dcced6f6305,2016-04,City of London Police,City of London Police,-0.091151,51.514992,On or near GRESHAM STREET,E01032739,City of London 001F,Unable to prosecute suspect
b82003057940b295de3f0397da27a4d935e61fc5c50b6647ad49f709dcb4abed,2016-04,City of London Police,City of London Police,-0.086624,51.511923,On or near CLEMENT'S LANE,E01032739,City of London 001F,Unable to prosecute suspect
0c3cb192eb42a32311c401de69c09c3c9028e92a885e63c2a5569d2baadaa669,2016-04,City of London Police,City of London Police,-0.079786,51.517576,On or near Police Station,E01032739,City of London 001F,Investigation complete; no suspect identified
5a5246e98fe568fb4fe5d6e06f7725bdefc4cfa40ba71ce2dd054ded15d0412c,2016-04,City of London Police,City of London Police,,,No location,,,Investigation complete; no suspect identified
de7c885baf443f8ec6c68073d3ce854d443fb6e4896c703b6aeb0c4f705b518a,2016-04,City of London Police,City of London Police,-0.088203,51.518262,On or near MOORGATE,E01032739,City of London 001F,Investigation complete; no suspect identified
e6b008ad33708dd7144d008c6b51415028ca1b013789e738d413b035125335f5,2016-04,City of London Police,City of London Police,-0.079786,51.517576,On or near Police Station,E01032739,City of London 001F,Investigation complete; no suspect identified
8a032f87c8116640a81f7479dfde0f536e95975412268f73ef937836c333802b,2016-04,City of London Police,City of London Police,-0.092321,51.513194,On or near PANCRAS LANE,E01032739,City of London 001F,Investigation complete; no suspect identified
ae46dceb1f4a785460b92c4195fd49969eb7b7e0c8ccc6e88419eb6654ea3b7d,2016-04,City of London Police,City of London Police,-0.084723,51.514986,On or near Conference/Exhibition Centre,E01032739,City of London 001F,Investigation complete; no suspect identified
cc69d290010c4dbfa790d91fc7378a77cc17a3e8ac21eb31142fe49a64464d8d,2016-04,City of London Police,City of London Police,-0.102411,51.512117,On or near QUEEN VICTORIA STREET,E01032739,City of London 001F,Investigation complete; no suspect identified
eb57c675cbb2efc36bbc145e4e295da71ac23a35feb60ee850107cbefe3c954e,2016-04,City of London Police,City of London Police,-0.101055,51.513552,On or near CREED LANE,E01032739,City of London 001F,Unable to prosecute suspect
21eca6a770402adf9f2e55b1d702143db9364d6a34cf28c74f26828977cedcde,2016-04,City of London Police,City of London Police,-0.101055,51.513552,On or near CREED LANE,E01032739,City of London 001F,Unable to prosecute suspect
9ed997481473f335e0f04961404e6a8666dc35109cbcaea1965f5ae6d99d5c9b,2016-04,City of London Police,City of London Police,-0.086051,51.513569,On or near FINCH LANE,E01032739,City of London 001F,Investigation complete; no suspect identified
96a46d08c5f5d370d2fc69f675d3db418f1230e5274b6799ac58abe88a4c6780,2016-04,City of London Police,City of London Police,-0.084768,51.512882,On or near CORBET COURT,E01032739,City of London 001F,Investigation complete; no suspect identified
78173d82b0ea25130fea52f70512ab91d2cf2a84314c2d2217d2c99ca3ef29f7,2016-04,City of London Police,City of London Police,-0.084618,51.512682,On or near GRACECHURCH STREET,E01032739,City of London 001F,Investigation complete; no suspect identified
2bf4c1a5a568e0b0e936695d4cd5f036e45918c4e520055da3ce5772526c21ab,2016-04,City of London Police,City of London Police,-0.086764,51.510307,On or near FISH STREET HILL,E01032739,City of London 001F,Investigation complete; no suspect identified
55871395df40919fafff1dab700f52399613250bc4c2b01ece195d8bd8e7e3af,2016-04,City of London Police,City of London Police,-0.089838,51.516067,On or near COLEMAN STREET,E01032739,City of London 001F,Investigation complete; no suspect identified
2f3adb54c811c3eaade990eb89bff499d309aa0dcb02d5417b2c6a72bd16524a,2016-04,City of London Police,City of London Police,-0.097645,51.515142,On or near ST MARTIN'S LE GRAND,E01032739,City of London 001F,Investigation complete; no suspect identified
6a30a2fb5f3ec8db98289ee7777a45ff99c77b6c616365ec1d6bf45556bab1d8,2016-04,City of London Police,City of London Police,-0.100884,51.516966,On or near Hospital,E01032740,City of London 001G,Investigation complete; no suspect identified
b0ffefcc052920ace5c1f5cf14d0fb4b8d801d1396b9f600a468f519b668bab9,2016-04,City of London Police,City of London Police,-0.101073,51.513453,On or near CREED LANE,E01032739,City of London 001F,Investigation complete; no suspect identified
6ef7240fdd7790c1aa218bfe8f9a1b1b765ce82aad27510057c8ba2be5e62386,2016-04,City of London Police,City of London Police,-0.082058,51.509466,On or near CROSS LANE,E01032739,City of London 001F,Unable to prosecute suspect
536287dbab0d86cea63f1c20f683f5933bc2c2a4368e27e011bfc90ee3b04411,2016-04,City of London Police,City of London Police,-0.078250,51.515033,On or near HOUNDSDITCH,E01000005,City of London 001E,Investigation complete; no suspect identified
704bedbdb03fc689f4e731484417dd501910052b73e8152a125047dcc02c4f8a,2016-04,City of London Police,City of London Police,-0.085173,51.518680,On or near FINSBURY AVENUE,E01032739,City of London 001F,Investigation complete; no suspect identified
8a913e1deab959baa5f3ca20a18d98023878f517ebc83624b4209310d57ab368,2016-04,City of London Police,City of London Police,-0.077601,51.518799,On or near STEWARD STREET,E01004307,Tower Hamlets 015B,Investigation complete; no suspect identified
452ac542261ca449851bd71f8ee440439e106f028102abf3e6d414e9f79a3436,2016-04,City of London Police,City of London Police,-0.089040,51.512745,On or near MANSION HOUSE PLACE,E01032739,City of London 001F,Investigation complete; no suspect identified
1e499a8cdd806c7015ba8438d471f19328042e9b127a9fc7125680888b7c4565,2016-04,City of London Police,City of London Police,-0.101959,51.513297,On or near CARTER LANE,E01032739,City of London 001F,Investigation complete; no suspect identified
fe9dab3956041ebdbfb29e8f98f34476de51a21d16f12b52f69a456e545f6a72,2016-04,City of London Police,City of London Police,-0.078308,51.518091,On or near WIDEGATE STREET,E01032739,City of London 001F,Investigation complete; no suspect identified
9890f4631354e3e87d7bd0316d9801054e42864538287cbd71c29b9a311819f1,2016-04,City of London Police,City of London Police,-0.098777,51.512526,On or near KNIGHTRIDER STREET,E01032739,City of London 001F,Investigation complete; no suspect identified
7df92c337915efe0e47d3c8965888ad5f205153798ca2397b0cdd0a185c2df8b,2016-04,City of London Police,City of London Police,-0.082913,51.513463,On or near LEADENHALL STREET,E01032739,City of London 001F,Investigation complete; no suspect identified
91f5d26715f7b887ca0db96fdeaa5c4d8e1de0b1dcf26eaac47f768e0e587e36,2016-04,City of London Police,City of London Police,-0.075722,51.511053,On or near CRESCENT,E01000005,City of London 001E,Unable to prosecute suspect
286bd375266d01e53388b25b1e45c4396c4f6e2e2de49133f535de77f44901c0,2016-04,City of London Police,City of London Police,-0.079283,51.511021,On or near SEETHING LANE,E01032739,City of London 001F,Investigation complete; no suspect identified
97c32a04802a1974b43d6b58c04222f0cf108adbd031aafeadb53a41ad11a109,2016-04,City of London Police,City of London Police,-0.100593,51.520846,On or near CHARTERHOUSE MEWS,E01033490,Islington 022H,Unable to prosecute suspect
20073d755a09c21b5c8fa3f3be900ed0292347d4556d317a5b7caef837e959df,2016-04,City of London Police,City of London Police,-0.084095,51.516900,On or near NEW BROAD STREET,E01032739,City of London 001F,Investigation complete; no suspect identified
7c38f2f11bce3b1bd6b3a6f9677038a7b193f0f65818c659ba21b9826a58d54d,2016-04,City of London Police,City of London Police,-0.100748,51.515031,On or near WARWICK LANE,E01032739,City of London 001F,Investigation complete; no suspect identified
d00e3265750ac8ea2351692eb78bd069c76b3caf55f9990d8277dad9ed2dfcc5,2016-04,City of London Police,City of London Police,-0.085257,51.511200,On or near TALBOT COURT,E01032739,City of London 001F,Investigation complete; no suspect identified
fadc55f2176429151aace4484c1f13eff1117840f065d6c2204a55f663018f0e,2016-04,City of London Police,City of London Police,-0.095860,51.521660,On or near FANN STREET,E01000003,City of London 001C,Investigation complete; no suspect identified
23d0cebda536187ea252a1fe29ef1fb3103e21d9f0d797c35b6d7bf113990665,2016-04,City of London Police,City of London Police,-0.083993,51.511440,On or near PHILPOT LANE,E01032739,City of London 001F,Investigation complete; no suspect identified
ba742a4acf9be66d9fb7fdafe864f1b914cd561d62c4a290e9caa9b53004c70d,2016-04,City of London Police,City of London Police,-0.104621,51.512692,On or near Supermarket,E01032740,City of London 001G,Investigation complete; no suspect identified
75a969df4b4a522ae7ebe46a667f63c6d6434c6e6921872b60be0533769d1988,2016-04,City of London Police,City of London Police,-0.077596,51.515849,On or near ARTIZAN STREET,E01000005,City of London 001E,Unable to prosecute suspect
cea7aa384bfbf37f0ffee0c1dd7c07f230f4a1f4eb5c0f3f23b99d43a8f1510d,2016-04,City of London Police,City of London Police,-0.081580,51.520510,On or near PINDAR STREET,E01032739,City of London 001F,Investigation complete; no suspect identified
f58c3b2d646d080f9f7ac9788acea21905276791ae82ebccaa52580c8db32c2d,2016-04,City of London Police,City of London Police,-0.107485,51.516614,On or near THAVIES INN,E01032740,City of London 001G,Investigation complete; no suspect identified
025e8cd8498e73adc70a6ef00e7a9de4d3d43f89794288a9152aadbbea524795,2016-04,City of London Police,City of London Police,-0.106680,51.515882,On or near Parking Area,E01032740,City of London 001G,Investigation complete; no suspect identified
6ce5017c88ee723b4ff02c3f8e35cb8eee40b38abd41995e34caa879233a8d4c,2016-04,City of London Police,City of London Police,-0.080244,51.511828,On or near MARK LANE,E01032739,City of London 001F,Unable to prosecute suspect
bbaffaa41c5fb789de50dbea21325d4c2a30a386af40a1c360f88f6da0937799,2016-04,City of London Police,City of London Police,-0.101575,51.513857,On or near LUDGATE HILL,E01032739,City of London 001F,Investigation complete; no suspect identified
490d9fc137c717b1fab9ec3f27942521d728094258c1ee64d10e9417c5eb51c2,2016-04,City of London Police,City of London Police,-0.091151,51.514992,On or near GRESHAM STREET,E01032739,City of London 001F,Investigation complete; no suspect identified
287ffc87aa6b7e8838c78d2642cdba6e3d65b8fb7f85e5c7effd84ff41553e84,2016-04,City of London Police,City of London Police,-0.088621,51.518619,On or near MOORFIELDS,E01000002,City of London 001B,Investigation complete; no suspect identified
5f300696e1e60ec03e9915e34af13b159d14bb4b08f3638475b7a72113be588e,2016-04,City of London Police,City of London Police,,,No location,,,Investigation complete; no suspect identified
a38951f1d1e99d455c30f366992aed2555eff248b9a66e1db9902cab8b28cbcb,2016-04,City of London Police,City of London Police,-0.094628,51.514203,On or near CHEAPSIDE,E01032739,City of London 001F,Investigation complete; no suspect identified
2b8973a2a86825f7c30fdb2177729fb4fc8a3c942ec44926de3be95f58b03098,2016-04,City of London Police,City of London Police,-0.080318,51.520678,On or near PRIMROSE STREET,E01032739,City of London 001F,Investigation complete; no suspect identified
67a4b38129adb5963a9f1d339bf6c68b6f32c8f1f0bc4b09eaf3551baf9cce25,2016-04,City of London Police,City of London Police,-0.081938,51.513007,On or near LIME STREET,E01032739,City of London 001F,Investigation complete; no suspect identified
c927c6140cad1aa70f698fe48b995ffb3ac4c5e7cdc5ee06de947509be13c2f4,2016-04,City of London Police,City of London Police,-0.101073,51.513453,On or near CREED LANE,E01032739,City of London 001F,Investigation complete; no suspect identified
003ae8248506596e206bfb544529256aed7b4cd7ee131341bd9b38f136a128d2,2016-04,City of London Police,City of London Police,-0.101073,51.513453,On or near CREED LANE,E01032739,City of London 001F,Investigation complete; no suspect identified
d8285dc3508875b32fb60c67f134c64aa6154aec2c7176f501efb16207b0b215,2016-04,City of London Police,City of London Police,-0.101073,51.513453,On or near CREED LANE,E01032739,City of London 001F,Investigation complete; no suspect identified
3e46e96aab4d0746c16cc430412f94f41b28201b204544e25bddb58952934c68,2016-04,City of London Police,City of London Police,-0.088767,51.520303,On or near FINSBURY STREET,E01002704,Islington 023D,Investigation complete; no suspect identified
a5eab235eb4f746eaffc921c2ca45086d5c054ba4fb919750ef8eb156d4af606,2016-04,City of London Police,City of London Police,-0.084566,51.517690,On or near BLOMFIELD STREET,E01032739,City of London 001F,Investigation complete; no suspect identified
a65f0c35887dd237d45bef829fec9fc7b8e7b6ddaa72e0e20941d971633b15df,2016-04,City of London Police,City of London Police,-0.083993,51.511440,On or near PHILPOT LANE,E01032739,City of London 001F,Investigation complete; no suspect identified
9c32d1a5aceea88f574ede9081abff59034944629b783dd154daf61c9a36bb9e,2016-04,City of London Police,City of London Police,-0.084618,51.512682,On or near GRACECHURCH STREET,E01032739,City of London 001F,Investigation complete; no suspect identified
3d3d6911ec3fb30ec55b28951c6589235663fbcf7e0675588d1c59d207d26438,2016-04,City of London Police,City of London Police,-0.105134,51.513869,On or near BRIDE LANE,E01032740,City of London 001G,Investigation complete; no suspect identified
dfff5054fc2406d36c90325b8c41f2846103540ad3db5fd91125403d1eab65ef,2016-04,City of London Police,City of London Police,-0.082913,51.513463,On or near LEADENHALL STREET,E01032739,City of London 001F,Investigation complete; no suspect identified
a4f3b28a017cb42a0ec60b89436e98a9a7d64026b05f56bf19a6ee5cbb3d781e,2016-04,City of London Police,City of London Police,-0.096363,51.513377,On or near NEW CHANGE,E01032739,City of London 001F,Investigation complete; no suspect identified
635f374180abfe07b06240ef8bd1f60e9f440d1a4a222c3218b8cefca6474332,2016-04,City of London Police,City of London Police,-0.092719,51.512652,On or near QUEEN VICTORIA STREET,E01032739,City of London 001F,Investigation complete; no suspect identified
3a4e937a0da5eaafca2e5adabe250bc529fcda06ce5c1cbc39b418a6f5123f63,2016-04,City of London Police,City of London Police,-0.083993,51.511440,On or near PHILPOT LANE,E01032739,City of London 001F,Investigation complete; no suspect identified
fd65992db4323897435f6f247ce9b6d2e66a51c4bd95a57b4777f38a06df1532,2016-04,City of London Police,City of London Police,-0.101055,51.513552,On or near CREED LANE,E01032739,City of London 001F,Investigation complete; no suspect identified
1b4c3b2bf4296ff7ce2a590bb68adcd817c419161360aac51701c6f98a071106,2016-04,City of London Police,City of London Police,,,No location,,,Investigation complete; no suspect identified
4ae6a170db30082b9ae8277424acc7616f370b5ebc3e8213acb1502d3f15e145,2016-04,City of London Police,City of London Police,-0.092321,51.513194,On or near PANCRAS LANE,E01032739,City of London 001F,Investigation complete; no suspect identified
a1cc66f33d116d521736200a01809d34369315c109325ebe7f3e3628b48b706c,2016-04,City of London Police,City of London Police,-0.095960,51.517534,On or near LONDON WALL,E01000001,City of London 001A,Investigation complete; no suspect identified
f42932c8edc29bcd7beb0eb44d3b41e0df0a9a5ed21f3fbe5aaa0b57270ea60d,2016-04,City of London Police,City of London Police,-0.101575,51.513857,On or near LUDGATE HILL,E01032739,City of London 001F,Investigation complete; no suspect identified
7b0f6fc88a992f1a4113e2e4bba0f76625bacfe6d4e5432896dbdff7a65dba0a,2016-04,City of London Police,City of London Police,-0.082913,51.513463,On or near LEADENHALL STREET,E01032739,City of London 001F,Investigation complete; no suspect identified
72cc7d8d311d6989a9dc333d092c39d5d7fdb095713a11cb75bcd8d23ada670e,2016-04,City of London Police,City of London Police,-0.094758,51.512829,On or near Nightclub,E01032739,City of London 001F,Investigation complete; no suspect identified
a487db150e70973995dbac3cfbc742ad2bdee44854aaa1fea805ff581dd2ea13,2016-04,City of London Police,City of London Police,-0.094720,51.514420,On or near WOOD STREET,E01032739,City of London 001F,Investigation complete; no suspect identified
46b9cdb35d47447feb3051bf5284ded61efe2fe7c0a88dd714a2fbc9536305f6,2016-04,City of London Police,City of London Police,-0.083618,51.517288,On or near BROAD STREET AVENUE,E01032739,City of London 001F,Investigation complete; no suspect identified
943edaf3beedea26debac24dbcca73f8c77492563ea1ea16e2931aafddcc0f92,2016-04,City of London Police,City of London Police,-0.097562,51.518864,On or near Parking Area,E01000001,City of London 001A,Investigation complete; no suspect identified
02aad302472b35a8572557a95314fabc2394535363142c5bf8a3d7b87c2fddc7,2016-04,City of London Police,City of London Police,-0.083618,51.517288,On or near BROAD STREET AVENUE,E01032739,City of London 001F,Investigation complete; no suspect identified
c1e5557bfb80aaf53a02a0caa26d420ff949021719a43f2f333d4c87f637b37f,2016-04,City of London Police,City of London Police,-0.084701,51.509320,On or near LOWER THAMES STREET,E01032739,City of London 001F,Investigation complete; no suspect identified
c438aebce695b15f521a24aa0e77bdb5b234d8d809f562595910c6dac86ba0d4,2016-04,City of London Police,City of London Police,-0.084618,51.512682,On or near GRACECHURCH STREET,E01032739,City of London 001F,Investigation complete; no suspect identified
11e44dcee70c54f49045357218b4ff2168cb71ebbc13eb7bf4f41562d7fd977f,2016-04,City of London Police,City of London Police,-0.085149,51.517196,On or near BLOMFIELD STREET,E01032739,City of London 001F,Investigation complete; no suspect identified
5af27e7d51d980ae5a78c46eaa3349bdd2c399e3bbd4d2e2703d8733cf9ee84a,2016-04,City of London Police,City of London Police,-0.092321,51.513194,On or near PANCRAS LANE,E01032739,City of London 001F,Investigation complete; no suspect identified
2e3a73cb16d18dd6795e32f53221d7913872ce69446cb5a7a31e596a82884114,2016-04,City of London Police,City of London Police,,,No location,,,Investigation complete; no suspect identified
9d8561d6c339569c4667209530f0f838b27ddd457cee3b798bb41cfc5274b7ba,2016-04,City of London Police,City of London Police,-0.106922,51.514204,On or near FLEET STREET,E01032740,City of London 001G,Investigation complete; no suspect identified
1614075a58dc9c05d193131d936073393f710a1981977927f784fa008137f60f,2016-04,City of London Police,City of London Police,-0.087084,51.519530,On or near Shopping Area,E01002704,Islington 023D,Unable to prosecute suspect
9abdb988e300fd20075c053c252c7fc92c4fd5d288ce2c8e5551499b49628d70,2016-04,City of London Police,City of London Police,-0.108231,51.513928,On or near PLEYDELL STREET,E01032740,City of London 001G,Investigation complete; no suspect identified
d2808eb8f842f013e7225ef320689a2acaa6fd4761c244e17a8a7b57bed08085,2016-04,City of London Police,City of London Police,-0.105134,51.513869,On or near BRIDE LANE,E01032740,City of London 001G,Investigation complete; no suspect identified
c9f49839582583f4b1c8586526f1ad2e2c3e8b349692ffa8a2dd717bb409c017,2016-04,City of London Police,City of London Police,-0.101959,51.513297,On or near CARTER LANE,E01032739,City of London 001F,Investigation complete; no suspect identified
b04def557d990f042be9d704926457480f9bf36f1851db6a44617263adec90d9,2016-04,City of London Police,City of London Police,-0.088203,51.518262,On or near MOORGATE,E01032739,City of London 001F,Investigation complete; no suspect identified
f6f44a2fd05eaeda26f26ef6aa87cc8b0b8c2f5932b5e253c209365c6e992d2e,2016-04,City of London Police,City of London Police,,,No location,,,Unable to prosecute suspect
c7782339c73cc534dee216bebcb98a29ed2ce692f303a2e1c912de3047ec9e7b,2016-04,City of London Police,City of London Police,,,No location,,,Unable to prosecute suspect
0a38b13e0fe602686e6d2539154be7a2aa5419a13bca0bb38b34818276ca6a0e,2016-04,City of London Police,City of London Police,-0.102502,51.516165,On or near GREEN ARBOUR COURT,E01032740,City of London 001G,Unable to prosecute suspect
8b0842f4d46874f203184d47d7be19cc253ba7ad5c51165154eca8437ee8c2f7,2016-04,City of London Police,City of London Police,-0.078308,51.518091,On or near WIDEGATE STREET,E01032739,City of London 001F,Investigation complete; no suspect identified
8617f3d8b942236770af1a9a3ad8d32c8aa3cbc083d57f7ed1edeb8883aa887d,2016-04,City of London Police,City of London Police,-0.085014,51.509775,On or near MONUMENT STREET,E01032739,City of London 001F,Unable to prosecute suspect
42fcd71511098352a13d0a694faa4baedbc7db2e1b56647cc7e47df8155eaff6,2016-04,City of London Police,City of London Police,-0.088995,51.512088,On or near ST SWITHIN'S LANE,E01032739,City of London 001F,Investigation complete; no suspect identified
26dc1721fd5c4f87d4c30c8cde8ed5ad3ace4a094dfb0e39ef70244a5ee368e5,2016-04,City of London Police,City of London Police,-0.094464,51.512959,On or near WATLING COURT,E01032739,City of London 001F,Investigation complete; no suspect identified
5b94591093f5f46d69699d227f9664f570fb860bc33bebd13eca778155a9b803,2016-04,City of London Police,City of London Police,-0.091732,51.521080,On or near Nightclub,E01002704,Islington 023D,Investigation complete; no suspect identified
b062ab6744d9e2df3a8d2e33afa4524e8f6f911eb871526cde47559c7c415738,2016-04,City of London Police,City of London Police,-0.100884,51.516966,On or near Hospital,E01032740,City of London 001G,Unable to prosecute suspect
fa9017d4922d3f7a8689b21e2c2df21e9f69c112f0da9e5ca79fb51528a35583,2016-04,City of London Police,City of London Police,-0.110710,51.513914,On or near FLEET STREET,E01032740,City of London 001G,Investigation complete; no suspect identified
162c188dc4337ad7807afefa71404c77a66609420f9f5cc02a0d0bda4baba5a3,2016-04,City of London Police,City of London Police,-0.107607,51.517839,On or near A40,E01000917,Camden 027C,Investigation complete; no suspect identified
3646fe16f1074c1319f910fda9de6bb3f9e3ae950e51f9c9072418da22f1579c,2016-04,City of London Police,City of London Police,-0.077578,51.510795,On or near PEPYS STREET,E01032739,City of London 001F,Investigation complete; no suspect identified
81096e31e493fea68d187513ce3fbcda8a4632159978f479ed7c077b0b7bde83,2016-04,City of London Police,City of London Police,-0.109155,51.516668,On or near FETTER LANE,E01032740,City of London 001G,Investigation complete; no suspect identified
8e3d151d43860eb7b2fb72290e7ecf2bc2921fe9ba57971c2aab9a704d70a375,2016-04,City of London Police,City of London Police,-0.077451,51.515523,On or near WHITE KENNETT STREET,E01000005,City of London 001E,Unable to prosecute suspect
42418561357581dcbdfe2384ccabf44f85361213291e57abda03f235393a7048,2016-04,City of London Police,City of London Police,-0.088517,51.515236,On or near KING'S ARMS YARD,E01032739,City of London 001F,Investigation complete; no suspect identified
372a37f7e5851eb32c8731cc75c7eb1fc25f0e174fda8636fd9c3476ab4c72ac,2016-04,City of London Police,City of London Police,-0.095914,51.520348,On or near BEECH STREET,E01000001,City of London 001A,Unable to prosecute suspect
12ce8f99e65cbd97cf395ca947c50cbad628a2eb7510b7bfc2f1de02eff92c59,2016-04,City of London Police,City of London Police,-0.093198,51.510834,On or near UPPER THAMES STREET,E01032739,City of London 001F,Investigation complete; no suspect identified
6eb9aa93998e59b4479d12bcd4aad5bb14b7f44df320c63e02b5acd882d129d3,2016-04,City of London Police,City of London Police,-0.080234,51.516855,On or near DEVONSHIRE ROW,E01032739,City of London 001F,Investigation complete; no suspect identified
410e78e5d2a373586daea7a8ac1d012b196abf4e9d6980a861248a89f0800684,2016-04,City of London Police,City of London Police,-0.084618,51.512682,On or near GRACECHURCH STREET,E01032739,City of London 001F,Investigation complete; no suspect identified
d7b42c53f88d69c4f71763275762e44e6efc07bac9fe80f9d39f89ad98e72d34,2016-04,City of London Police,City of London Police,-0.082913,51.513463,On or near LEADENHALL STREET,E01032739,City of London 001F,Investigation complete; no suspect identified
278c825d641aa2838e66d36b6ed9819fc5028847df5261c101aeb3c797c0ede7,2016-04,City of London Police,City of London Police,-0.107148,51.511879,On or near TALLIS STREET,E01032740,City of London 001G,Investigation complete; no suspect identified
82f78a2b56ea0beaef4ca848aa22413fb70f992d24321ed83c7e036bb4ce9e22,2016-04,City of London Police,City of London Police,-0.097601,51.520699,On or near CARTHUSIAN STREET,E01000001,City of London 001A,Investigation complete; no suspect identified
a722d13efcd7856a1b75a0a50008be82e7efab706ceca8c0d791ecb7b3aee199,2016-04,City of London Police,City of London Police,-0.101345,51.518709,On or near Parking Area,E01032740,City of London 001G,Investigation complete; no suspect identified
ba07a8bb12f7098eb70ebf616eb7558b02f653cdf558159252d7fb9b3f37f8c2,2016-04,City of London Police,City of London Police,-0.101055,51.513552,On or near CREED LANE,E01032739,City of London 001F,Unable to prosecute suspect
b21e8c9301eee12f828b04a487ca5f089e6b12029631856a89dea52fb3a81765,2016-04,City of London Police,City of London Police,-0.104281,51.516032,On or near BEAR ALLEY,E01032740,City of London 001G,Unable to prosecute suspect
fd5fc22ef6a7fb37d8f31e8e6b3069fff35e2e62d88a2d7be17545489a9a6041,2016-04,City of London Police,City of London Police,-0.112939,51.518231,On or near SOUTHAMPTON BUILDINGS,E01032740,City of London 001G,Unable to prosecute suspect
99cbb251ad9f0413e93ed330551b2269ceacb1bdbd13c2a5fa354a33503d8929,2016-04,City of London Police,City of London Police,-0.086051,51.513569,On or near FINCH LANE,E01032739,City of London 001F,Unable to prosecute suspect
3d18d759731f9b41f2f6eb37e2e0ec096a0c0bec3230ed23c1af60486ecbdfd2,2016-04,City of London Police,City of London Police,-0.112939,51.518231,On or near SOUTHAMPTON BUILDINGS,E01032740,City of London 001G,Investigation complete; no suspect identified
02453979f59151ecf6cd4675feaeb220798e487a748df78fa48eae573c2b2f4e,2016-04,City of London Police,City of London Police,-0.098320,51.519344,On or near NEWBURY STREET,E01032740,City of London 001G,Investigation complete; no suspect identified
ed3792da111474e642616f5ca7de249fa436e0e1dee99c60aec412b95f5d5e39,2016-04,City of London Police,City of London Police,-0.098320,51.519344,On or near NEWBURY STREET,E01032740,City of London 001G,Investigation complete; no suspect identified
05c8fc41df77effe4a118fcba45d8c87e862f396384acad4d7a60943fa840d1b,2016-04,City of London Police,City of London Police,-0.104244,51.512749,On or near NEW BRIDGE STREET,E01032739,City of London 001F,Unable to prosecute suspect
34fbe2c9b1c898f23650db19cd962746c1b8ddca610b990b5cc24b17941d0f75,2016-04,City of London Police,City of London Police,-0.078308,51.518091,On or near WIDEGATE STREET,E01032739,City of London 001F,Unable to prosecute suspect
300ea0245dc48294be3de5fd549980ed2505cd068d357ae19f35ab2e51088458,2016-04,City of London Police,City of London Police,-0.078856,51.518433,On or near ARTILLERY LANE,E01032739,City of London 001F,Investigation complete; no suspect identified
cd5cfef8974a73de2175dfacc44b87e97f166b376c3dd6b40f00afa1c1e6f948,2016-04,City of London Police,City of London Police,-0.092719,51.512652,On or near QUEEN VICTORIA STREET,E01032739,City of London 001F,Investigation complete; no suspect identified
1dd469db3a236600afafe7c7d790c196ca82ff54ad569c636216557bcde5c888,2016-04,City of London Police,City of London Police,-0.097601,51.520699,On or near CARTHUSIAN STREET,E01000001,City of London 001A,Investigation complete; no suspect identified
56746632eea0cc98293e3daa044e3717a536a6e8220cbb301a511ef1fbb39001,2016-04,City of London Police,City of London Police,-0.073515,51.510414,On or near Parking Area,E01000005,City of London 001E,Investigation complete; no suspect identified
77195742f52f5a38ef1a217a03521d5786401574ed17a8ad0430a2c8c82e9310,2016-04,City of London Police,City of London Police,-0.110735,51.517836,On or near Further/Higher Educational Building,E01032740,City of London 001G,Investigation complete; no suspect identified
beb834f8112ee395725e38a104acdd56ee0643463c1d6fda0ea3b4ce49f8d66d,2016-04,City of London Police,City of London Police,-0.084967,51.512598,On or near BELL INN YARD,E01032739,City of London 001F,Investigation complete; no suspect identified
8d7a40e3de757423284803137b4c306877cf03f975082e48f375bf201975db3a,2016-04,City of London Police,City of London Police,-0.092719,51.512652,On or near QUEEN VICTORIA STREET,E01032739,City of London 001F,Investigation complete; no suspect identified
9f4a7e2c56642f397d8e54bae226336149b53f0e43c1f3d32405afe25a165e8d,2016-04,City of London Police,City of London Police,-0.082965,51.516351,On or near WORMWOOD STREET,E01032739,City of London 001F,Investigation complete; no suspect identified
ce72ce3d0c2deb526759fc25999605bb5773a0cd4650c4c4fabe5a945a94e471,2016-04,City of London Police,City of London Police,-0.085149,51.517196,On or near BLOMFIELD STREET,E01032739,City of London 001F,Unable to prosecute suspect
dbd8d486130bf1ae6cddc3e654874bcbe751fc8dac678e731e2bf03f58a0ff7f,2016-04,City of London Police,City of London Police,-0.097334,51.521567,On or near FANN STREET,E01000001,City of London 001A,Investigation complete; no suspect identified
decbb0df7083132c8a8912b8f4d162605ad2762932a56bfdd3d517ae9b73a9bd,2016-04,City of London Police,City of London Police,-0.092719,51.512652,On or near QUEEN VICTORIA STREET,E01032739,City of London 001F,Investigation complete; no suspect identified
7ad34ef536b9c96e9dd47f0f1525d8b264abedff7a2d772eb5e1c6e99afe508a,2016-04,City of London Police,City of London Police,-0.101575,51.513857,On or near LUDGATE HILL,E01032739,City of London 001F,Investigation complete; no suspect identified
16cbc29b4a1645e48fcc3221001396c29d30de9de8309998de95a2a90af1f180,2016-04,City of London Police,City of London Police,-0.085310,51.518511,On or near ELDON STREET,E01032739,City of London 001F,Investigation complete; no suspect identified
11333774eebb65b775c2448cf609b5808810ed3dab1e2684dbcbe9be8647fd3f,2016-04,City of London Police,City of London Police,-0.098777,51.512526,On or near KNIGHTRIDER STREET,E01032739,City of London 001F,Investigation complete; no suspect identified
0a89b47eef6f79a7fecde3eba636782f54783c91a74c27542249549798a4d0d4,2016-04,City of London Police,City of London Police,-0.098572,51.516767,On or near KING EDWARD STREET,E01000001,City of London 001A,Investigation complete; no suspect identified
637a91e753c85a5bcb744299cf532894234b6fb1dbcf98e2caedc8bf27686bfa,2016-04,City of London Police,City of London Police,-0.094758,51.512829,On or near Nightclub,E01032739,City of London 001F,Investigation complete; no suspect identified
7eb5837bf0cccef36f0da09228af53015893932bbad88d54aa32444825b80673,2016-04,City of London Police,City of London Police,-0.077451,51.515523,On or near WHITE KENNETT STREET,E01000005,City of London 001E,Unable to prosecute suspect
d1c18720687b5e87c4512327d135632e451f5e714169e857f4681d61712b9e2c,2016-04,City of London Police,City of London Police,-0.092719,51.512652,On or near QUEEN VICTORIA STREET,E01032739,City of London 001F,Unable to prosecute suspect
98e558c7f4d38ea4d93ce8786e93d6f835ed8556725fd3968d5a7f66870dfc1a,2016-04,City of London Police,City of London Police,-0.104494,51.509848,On or near A201,E01032739,City of London 001F,Unable to prosecute suspect
6010618fe76fa819843a507d50a7d79ecf295801f8bc8e5fa915e6196d7caab5,2016-04,City of London Police,City of London Police,-0.102948,51.512719,On or near PLAYHOUSE YARD,E01032739,City of London 001F,Unable to prosecute suspect
1f0ff3439f25c5e73d1f2cd7310dbc2a5a9b81d93e065e0964456533239e613f,2016-04,City of London Police,City of London Police,-0.101345,51.518709,On or near Parking Area,E01032740,City of London 001G,Unable to prosecute suspect
7058b2c7071ccbaa1472e942132f8795b132bdcbcba90c7e02b5d95e529aaba2,2016-04,City of London Police,City of London Police,-0.102930,51.518375,On or near WEST SMITHFIELD,E01032740,City of London 001G,Unable to prosecute suspect
5782933e9d31d34fd63e75c3980b465e3bfdf2f7ed0e1e260bc9a21c9acc302d,2016-04,City of London Police,City of London Police,-0.086051,51.513569,On or near FINCH LANE,E01032739,City of London 001F,Unable to prosecute suspect
93bcc82a9b3959a014a19764b3917668a2fec811c148e7010c80bccbfecbde21,2016-04,City of London Police,City of London Police,-0.073254,51.512856,On or near MANSELL STREET,E01000005,City of London 001E,Unable to prosecute suspect
d97f2aa108d6f4430bf77f69b4cf01c0cf52abae6c435c4dd6a05f5c23dd82f8,2016-04,City of London Police,City of London Police,-0.109709,51.517909,On or near HIGH HOLBORN,E01032740,City of London 001G,Investigation complete; no suspect identified
21023bd9cbf64d1f30c07232fa606bec67731ed8050a5777a9d8e2c0bd08e9d3,2016-04,City of London Police,City of London Police,-0.075389,51.511775,On or near MINORIES,E01000005,City of London 001E,Investigation complete; no suspect identified
415ef885c6377448b9c44e5d2f99fa43128bfc7505c48cb16c0049b1cf0e8d3f,2016-04,City of London Police,City of London Police,-0.096363,51.513377,On or near NEW CHANGE,E01032739,City of London 001F,Investigation complete; no suspect identified
ea6b160676cb0d6b3b76e547a322683edb594301c5aa979433ea07ea20192a6f,2016-04,City of London Police,City of London Police,,,No location,,,Investigation complete; no suspect identified
bab4b63673805e97aca13a0990fd64d3f3f2a2b438a727474dfe7ecd28122007,2016-04,City of London Police,City of London Police,-0.104252,51.516733,On or near Supermarket,E01032740,City of London 001G,Unable to prosecute suspect
76f8000c36f4b20cc1472c914823dd411d42fc1af2e0d73dfd2362e9980fc210,2016-04,City of London Police,City of London Police,-0.093933,51.519812,On or near Conference/Exhibition Centre,E01000002,City of London 001B,Unable to prosecute suspect
84f8ced4030c1486aca25f23d9c6eab752c7dc3cb5fe8c92979b526985142652,2016-04,City of London Police,City of London Police,-0.084566,51.517690,On or near BLOMFIELD STREET,E01032739,City of London 001F,Unable to prosecute suspect
c17e9363843ade9ebeca58846b5b6a97e8618c7afcc411c8ed00729b63d2c653,2016-04,City of London Police,City of London Police,-0.089582,51.511495,On or near CANNON STREET,E01032739,City of London 001F,Investigation complete; no suspect identified
9383854d0c47c78704549e3333dfe12f8acfcdf560d8e8123eae20ac2a1c831e,2016-04,City of London Police,City of London Police,-0.097562,51.518864,On or near Parking Area,E01000001,City of London 001A,Investigation complete; no suspect identified
f67876789240d9e04effa02a846fad34c78e4d4df7509021eefebe3b8a4e9be8,2016-04,City of London Police,City of London Police,-0.094464,51.512959,On or near WATLING COURT,E01032739,City of London 001F,Investigation complete; no suspect identified
75610cd95c109f029900ef106a754e71eca542f07ba905d7e1e4f9c66e502353,2016-04,City of London Police,City of London Police,-0.094464,51.512959,On or near WATLING COURT,E01032739,City of London 001F,Investigation complete; no suspect identified
7a5dacc99c179d7a2e4a9b6ddf4c8f384f422a1aa3caf310c415c429f69b299f,2016-04,City of London Police,City of London Police,-0.087118,51.513199,On or near Nightclub,E01032739,City of London 001F,Unable to prosecute suspect
17c6f95cd8b367cbe25447b71611314b18a074a909850560b121720974031b0c,2016-04,City of London Police,City of London Police,-0.079786,51.517576,On or near Police Station,E01032739,City of London 001F,Unable to prosecute suspect
e83d6798af48676ad662f87c3274225e838f5532c98b6d94cdb374a09a54b5bd,2016-04,City of London Police,City of London Police,-0.100884,51.516966,On or near Hospital,E01032740,City of London 001G,Investigation complete; no suspect identified
49f929b598080ab3a518d52ab9b20106fac12d4f1c1922ab04359cd941be4673,2016-04,City of London Police,City of London Police,-0.076044,51.512650,On or near INDIA STREET,E01000005,City of London 001E,Investigation complete; no suspect identified
2f09fe598f1d9e6b09701e607ed5984555f09e7a8995974372c0a742c5409703,2016-04,City of London Police,City of London Police,-0.082913,51.513463,On or near LEADENHALL STREET,E01032739,City of London 001F,Investigation complete; no suspect identified
78fa69aacc2d6333faae54abe0c866014d6b2c55d3a8d98e405ced45ba59e1a4,2016-04,City of London Police,City of London Police,-0.080728,51.511611,On or near Supermarket,E01032739,City of London 001F,Formal action is not in the public interest
778334e8223994f2c4e917c80623107f6e027d15b1a7e246b0f33573c9fd0d26,2016-04,City of London Police,City of London Police,-0.076113,51.511014,On or near Conference/Exhibition Centre,E01000005,City of London 001E,Investigation complete; no suspect identified
f7058e4d34841527b44cb04c23e4d235a2fe66a3dde7419e0e371c80709a6fd9,2016-04,City of London Police,City of London Police,-0.077637,51.511453,On or near CRUTCHED FRIARS,E01032739,City of London 001F,Unable to prosecute suspect
e998bc754ab11fb42a6630d9b64a7687054ac8cfbbf28976dea12848d348f110,2016-04,City of London Police,City of London Police,-0.082571,51.514753,On or near GREAT ST HELEN'S,E01032739,City of London 001F,Unable to prosecute suspect
b7e301f66485a53f295a9582b2299ab8a58bb027e0c546f0915710f93ef63296,2016-04,City of London Police,City of London Police,-0.092719,51.512652,On or near QUEEN VICTORIA STREET,E01032739,City of London 001F,Unable to prosecute suspect
dddae9737e98469a943a2cca06550cab4bc99d8af7bd1ad046d46f24e73858e9,2016-04,City of London Police,City of London Police,,,No location,,,Unable to prosecute suspect
29168ae58183c166856762df2055f38a87f2c8953906638be4fc6dc395e0cd30,2016-04,City of London Police,City of London Police,-0.107148,51.511879,On or near TALLIS STREET,E01032740,City of London 001G,Offender given a drugs possession warning
23bc50cb1c6142b7295e960908e39745add7a859c3088242ae23c83b80eb60c2,2016-04,City of London Police,City of London Police,-0.086624,51.511923,On or near CLEMENT'S LANE,E01032739,City of London 001F,Offender given a caution
32e1cc2d10bc78ced0b88103092275e24a48a6128bb7145a37133703e27cfe15,2016-04,City of London Police,City of London Police,-0.086624,51.511923,On or near CLEMENT'S LANE,E01032739,City of London 001F,Local resolution
32e1cc2d10bc78ced0b88103092275e24a48a6128bb7145a37133703e27cfe15,2016-04,City of London Police,City of London Police,-0.086624,51.511923,On or near CLEMENT'S LANE,E01032739,City of London 001F,Local resolution
13bbbb44de9adc935edda69c2c54f7a03f202e76b172df55854a000bb2e04730,2016-04,City of London Police,City of London Police,-0.109155,51.516668,On or near FETTER LANE,E01032740,City of London 001G,Local resolution
829d21a2f2da00136259841065895db2f0df8936e2834c007f88eec1a1c80b0d,2016-04,City of London Police,City of London Police,-0.086624,51.511923,On or near CLEMENT'S LANE,E01032739,City of London 001F,Local resolution
ce81d5636da7b60a11be7b542195eafc0869a6e10cfa73cddb275cddc338cc98,2016-04,City of London Police,City of London Police,-0.086624,51.511923,On or near CLEMENT'S LANE,E01032739,City of London 001F,Offender given a caution
6dedc5eaafb7e8d7bf7ffa72ea4f0fda57ccdea406cb56226990915f6dfce377,2016-04,City of London Police,City of London Police,-0.089465,51.510855,On or near GOPHIR LANE,E01032739,City of London 001F,Local resolution
407f0cc6cf4bfd23c4a3f81d6b4ee012220504d5407f9a67aa4b87d7a6fff1de,2016-04,City of London Police,City of London Police,-0.091084,51.513830,On or near OLD JEWRY,E01032739,City of London 001F,Local resolution
20c59dbaf59bb09c0043088fedf693792a3e709a23bd44ef4345434f06f8c445,2016-04,City of London Police,City of London Police,-0.101073,51.513453,On or near CREED LANE,E01032739,City of London 001F,Offender given a drugs possession warning
e0a942be54ae05e1a0321f8eb9429fd02be2a4c0cfade50e9a95a006bf28fbe8,2016-04,City of London Police,City of London Police,-0.104134,51.514699,On or near OLD SEACOAL LANE,E01032740,City of London 001G,Offender given a caution
1c7e10b0e7df5154f46887de2b9ae1bf6b634bad1f28c57e6f8332b35afcef64,2016-04,City of London Police,City of London Police,-0.088203,51.518262,On or near MOORGATE,E01032739,City of London 001F,Offender given a caution
2c837af3e89deab63d52029ba92ff27813048891f4941359240c0639f08958db,2016-04,City of London Police,City of London Police,-0.086624,51.511923,On or near CLEMENT'S LANE,E01032739,City of London 001F,Local resolution
03595b87c1ec052564d429d5193d52e69b231c73d20ea993dcb448d7c184fab6,2016-04,City of London Police,City of London Police,-0.084095,51.516900,On or near NEW BROAD STREET,E01032739,City of London 001F,Local resolution
7403e794d1726959d42b57802eb9f0f06dc3b66533cf88fb885e7ed4380fee3f,2016-04,City of London Police,City of London Police,-0.086624,51.511923,On or near CLEMENT'S LANE,E01032739,City of London 001F,Offender given penalty notice
ff3cdd28c4e1b7cb2019454f32e53321313e6f9f945ee9e55a596b83e662f664,2016-04,City of London Police,City of London Police,-0.104621,51.512692,On or near Supermarket,E01032740,City of London 001G,Offender given penalty notice
8720a93aa045a1fea5319b3fa032973d8b20c54a9e72f7c685bde4b039fd686a,2016-04,City of London Police,City of London Police,-0.095015,51.513220,On or near WATLING STREET,E01032739,City of London 001F,Offender given a drugs possession warning
d867241f813643ffccc97187b8bc30b7bb7b740ce944130f39f9d9b74c440af5,2016-04,City of London Police,City of London Police,-0.083972,51.510549,On or near LOVAT LANE,E01032739,City of London 001F,Local resolution
ee645a3f8422b9ddf1148f567f43e7fc13c22e96ec249acb2112a6b61a775053,2016-04,City of London Police,City of London Police,-0.078718,51.521038,On or near NORTON FOLGATE,E01004307,Tower Hamlets 015B,Offender given a drugs possession warning
c42ebd68c1a93d9eb9c3bca5d4d7b0626d521f83338073e059fcf35116cfbd8e,2016-04,City of London Police,City of London Police,-0.096561,51.514513,On or near CHEAPSIDE,E01032739,City of London 001F,Local resolution
ddc23eaa9f77749cad7fdd31e834967cf8a76fa6847d8cd83e0aa8468221043b,2016-04,City of London Police,City of London Police,-0.095484,51.515467,On or near GUTTER LANE,E01000002,City of London 001B,Offender given a caution
bf5e31b64c1e09f611bb6fd5cdf814e19a1164e05d29261a08df805f043fe1ab,2016-04,City of London Police,City of London Police,-0.079786,51.517576,On or near Police Station,E01032739,City of London 001F,Offender given a drugs possession warning
c7caa1c243c75aa47939ea842963dd678d5538ccac88374db42a5e6cb66ad447,2016-04,City of London Police,City of London Police,-0.086624,51.511923,On or near CLEMENT'S LANE,E01032739,City of London 001F,Local resolution
a5f328e0fa1ea1989eea7d4d45281b507c36aff5b5b888d4e721a86d3922a973,2016-04,City of London Police,City of London Police,-0.077649,51.512181,On or near NORTHUMBERLAND ALLEY,E01032739,City of London 001F,Offender given penalty notice
109a6dd9b80db2efce62bfb7c450c5e8a54ee7a3d597a07a5a07276e018f687f,2016-04,City of London Police,City of London Police,-0.077649,51.512181,On or near NORTHUMBERLAND ALLEY,E01032739,City of London 001F,Offender given penalty notice
85936a1b6111dbc785ea0d467159bc2888a058e1cdfea1593f3ad8d14846da02,2016-04,City of London Police,City of London Police,-0.100179,51.514158,On or near Shopping Area,E01032739,City of London 001F,Local resolution
102997d0dc6f0df6e146cf8183fa78f1f9b0f3f1d7b802d30c13c7d67ba8acdb,2016-04,City of London Police,City of London Police,-0.102741,51.513885,On or near PAGEANTMASTER COURT,E01032740,City of London 001G,Offender given penalty notice
102997d0dc6f0df6e146cf8183fa78f1f9b0f3f1d7b802d30c13c7d67ba8acdb,2016-04,City of London Police,City of London Police,-0.102741,51.513885,On or near PAGEANTMASTER COURT,E01032740,City of London 001G,Offender given penalty notice
1c9044f2b023c43ec898ff417d80dfb0ab3547b2f7677ce4a6d5cefa7a50a2b6,2016-04,City of London Police,City of London Police,-0.081540,51.510806,On or near MINCING LANE,E01032739,City of London 001F,Offender given a caution
e331f7f0ed5012436ea5414843f9f65c95e528c5a67f8e2269a58ea2f84ce56c,2016-04,City of London Police,City of London Police,-0.088995,51.512088,On or near ST SWITHIN'S LANE,E01032739,City of London 001F,Offender given a drugs possession warning
be3a8a720b27f4de6086f928dd274ed2052abaa41d5c02dac5e52bdebc961a7b,2016-04,City of London Police,City of London Police,-0.090985,51.516886,On or near BASINGHALL AVENUE,E01032739,City of London 001F,Offender given a drugs possession warning
01f144c31823c3dbe7b87aa55efb8e6c65478254aedabffd3eb8e81e7e84d69d,2016-04,City of London Police,City of London Police,-0.074210,51.511711,On or near PORTSOKEN STREET,E01000005,City of London 001E,Offender given a caution
75e335d991a5eb085420479a9d038ad00c8e3fa9a2d223b053908482a8977f8e,2016-04,City of London Police,City of London Police,-0.092628,51.517920,On or near ST ALPHAGE GARDEN,E01000002,City of London 001B,Offender given a caution
4a0624a7ea18f86f64b1d75d58062445c88d4439e9e4a0439341e3558b59ed59,2016-04,City of London Police,City of London Police,-0.096363,51.513377,On or near NEW CHANGE,E01032739,City of London 001F,Local resolution
4a0624a7ea18f86f64b1d75d58062445c88d4439e9e4a0439341e3558b59ed59,2016-04,City of London Police,City of London Police,-0.096363,51.513377,On or near NEW CHANGE,E01032739,City of London 001F,Local resolution
1743bf64b608403a8d0634f6d972a00b02a8f16a1ec64fe90aa77077ff8e5993,2016-04,City of London Police,City of London Police,-0.096363,51.513377,On or near NEW CHANGE,E01032739,City of London 001F,Local resolution
1743bf64b608403a8d0634f6d972a00b02a8f16a1ec64fe90aa77077ff8e5993,2016-04,City of London Police,City of London Police,-0.096363,51.513377,On or near NEW CHANGE,E01032739,City of London 001F,Offender given a caution
bdb5b3b9a3ce4a1955a536b99df42d3b2273a663be68c4fae37b647674c1c99f,2016-04,City of London Police,City of London Police,-0.096075,51.514766,On or near FOSTER LANE,E01032739,City of London 001F,Local resolution
bdb5b3b9a3ce4a1955a536b99df42d3b2273a663be68c4fae37b647674c1c99f,2016-04,City of London Police,City of London Police,-0.096075,51.514766,On or near FOSTER LANE,E01032739,City of London 001F,Offender given a caution
c4ea232a1acbdd2134df2f34a2d28eefc6dba60eaedcd6f8b5d132403eb0fb15,2016-04,City of London Police,City of London Police,-0.087763,51.516393,On or near COPTHALL AVENUE,E01032739,City of London 001F,Local resolution
393e08351a99392ccd491870838c575ada24893dcba65935a6bbd5969af3c895,2016-04,City of London Police,City of London Police,-0.084967,51.512598,On or near BELL INN YARD,E01032739,City of London 001F,Suspect charged
6930bcf7124652439c5e4e10c01cf8639ace35f0c96c43d5f513fc647e4f8307,2016-04,City of London Police,City of London Police,-0.079162,51.514940,On or near BEVIS MARKS,E01032739,City of London 001F,Suspect charged
6b91bc8cbdc112ae54571e95e88110dcb7a25dd549e1aac08b86e912d7423445,2016-04,City of London Police,City of London Police,-0.086624,51.511923,On or near CLEMENT'S LANE,E01032739,City of London 001F,Suspect charged
f67903f73b8de397e16f75d08323a32580b4436bd4e8708adc2678c866923c2a,2016-04,City of London Police,City of London Police,-0.078718,51.521038,On or near NORTON FOLGATE,E01004307,Tower Hamlets 015B,Suspect charged
f9f3b4f03904e6099542d89fc95770a860b9fe590109a1afafbba6d4fde9d291,2016-04,City of London Police,City of London Police,-0.079786,51.517576,On or near Police Station,E01032739,City of London 001F,Suspect charged
592213a9b00fe196ed056f7a04d84ac101de15a41983a718f13986dbfe4e3d78,2016-04,City of London Police,City of London Police,-0.080376,51.517244,On or near Supermarket,E01032739,City of London 001F,Suspect charged
25d77bce2ba27fd7c040488becb43d2df3bce7565db21de1dbc9077cad1a9dc7,2016-04,City of London Police,City of London Police,-0.097277,51.515307,On or near ST MARTIN'S LE GRAND,E01000001,City of London 001A,Suspect charged
393e08351a99392ccd491870838c575ada24893dcba65935a6bbd5969af3c895,2016-04,City of London Police,City of London Police,-0.084967,51.512598,On or near BELL INN YARD,E01032739,City of London 001F,Suspect charged
60e51966d8c435e84bfb6482a73d2a7565d54e7d52f798108fd53c79624f1da1,2016-04,City of London Police,City of London Police,-0.104494,51.509848,On or near A201,E01032739,City of London 001F,Suspect charged
eebf41b84533d2e5f49b9148c09b2a85f1d81beab5c91efd10e80ef28924fbc2,2016-04,City of London Police,City of London Police,-0.104494,51.509848,On or near A201,E01032739,City of London 001F,Suspect charged
e7240c44552a93bf722d12c09de1e2c5f8443040f8d24caaa15344fbf4dbe813,2016-04,City of London Police,City of London Police,,,No location,,,Suspect charged
8d5cae3e08394667373305639404007fc71d95b4ca6921e10378c63ee1d5c4e5,2016-04,City of London Police,City of London Police,-0.102721,51.515404,On or near ST GEORGES'S COURT,E01032740,City of London 001G,Suspect charged
6930bcf7124652439c5e4e10c01cf8639ace35f0c96c43d5f513fc647e4f8307,2016-04,City of London Police,City of London Police,-0.079162,51.514940,On or near BEVIS MARKS,E01032739,City of London 001F,Suspect charged
5d9c6419830cc6e1c48a07e9ed0ba7137f6b289415efa5ff9d6f9c2009a784fa,2016-04,City of London Police,City of London Police,-0.079786,51.517576,On or near Police Station,E01032739,City of London 001F,Suspect charged
6409695834947faf8df24b947e59889366e734ee41a58d55ab00b6d492ae8733,2016-04,City of London Police,City of London Police,-0.104494,51.509848,On or near A201,E01032739,City of London 001F,Suspect charged
ffabc475334b69c0d0f196517425b142d3d6c765861b1376845bf2fe9b55db9b,2016-04,City of London Police,City of London Police,-0.084566,51.517690,On or near BLOMFIELD STREET,E01032739,City of London 001F,Suspect charged
af170b35ded4c187f79a19475ad2321dd2fb743d7cb6e9653275ff535b0c79fd,2016-04,City of London Police,City of London Police,-0.093465,51.514463,On or near RUSSIA ROW,E01032739,City of London 001F,Suspect charged
d4a58fe769351499e877efa0b7aea98db8eb306b7fc1b5020cb01d1083ff9949,2016-04,City of London Police,City of London Police,-0.074330,51.513647,On or near LITTLE SOMERSET STREET,E01000005,City of London 001E,Suspect charged
f67903f73b8de397e16f75d08323a32580b4436bd4e8708adc2678c866923c2a,2016-04,City of London Police,City of London Police,-0.078718,51.521038,On or near NORTON FOLGATE,E01004307,Tower Hamlets 015B,Suspect charged
7251dd7ff9fe880e7a619a4fb769b768d7a33c8ed74820b7ce7577f28ec27eb1,2016-04,City of London Police,City of London Police,-0.083086,51.511407,On or near ROOD LANE,E01032739,City of London 001F,Suspect charged
69bdc60b62022dbfee268d00e0efe6cd30174507b7d4c3af92add27aca7b3944,2016-04,City of London Police,City of London Police,-0.109647,51.514887,On or near FETTER LANE,E01032740,City of London 001G,Suspect charged
3ed586ce3fd9effcbcfd38af0ce24fb231bb2adb8f41738f77c383b797a3fcb1,2016-04,City of London Police,City of London Police,-0.086624,51.511923,On or near CLEMENT'S LANE,E01032739,City of London 001F,Suspect charged
259ac7b98687d18a82546a32995fb52ced50625c3b55b45a16bf137a7e63033b,2016-04,City of London Police,City of London Police,-0.085310,51.518511,On or near ELDON STREET,E01032739,City of London 001F,Suspect charged
d9f1b050f768d8a4ad69eb153dc2f3dfb4cd0773047a87cd2892f16fe0fe5083,2016-04,City of London Police,City of London Police,-0.088203,51.518262,On or near MOORGATE,E01032739,City of London 001F,Suspect charged
7c23802c482944e1e8ed94d9db9e76cefce739516fb30e3f24e159d6889158c1,2016-04,City of London Police,City of London Police,-0.088203,51.518262,On or near MOORGATE,E01032739,City of London 001F,Suspect charged
7c5f19c0bd67d74b0b001bbe38cbbadebd1c4b739ae55d907262a473d445b77d,2016-04,City of London Police,City of London Police,-0.086624,51.511923,On or near CLEMENT'S LANE,E01032739,City of London 001F,Suspect charged
c8cca7dacd4a9a4f97ddeaf340683f38ac073841cee245d1bd0065dd2ec6b4d1,2016-04,City of London Police,City of London Police,-0.100884,51.516966,On or near Hospital,E01032740,City of London 001G,Suspect charged
6930bcf7124652439c5e4e10c01cf8639ace35f0c96c43d5f513fc647e4f8307,2016-04,City of London Police,City of London Police,-0.079162,51.514940,On or near BEVIS MARKS,E01032739,City of London 001F,Suspect charged
e3a28121b373575b7849ae91ec564d6df5dd2762800c8fbf0414f8b72bcd49cf,2016-04,City of London Police,City of London Police,-0.081516,51.510014,On or near GREAT TOWER STREET,E01032739,City of London 001F,Suspect charged
c1faf3ea96528f54018f4f66806c79dac4047a3fe7b7e9f5d1fef55e422fd2df,2016-04,City of London Police,City of London Police,-0.080782,51.514804,On or near ST MARY AXE,E01032739,City of London 001F,Suspect charged
100ea128d033d8c378933c79384e134a40bf690c98d4b0dbeb5dcb498db724a5,2016-04,City of London Police,City of London Police,-0.086624,51.511923,On or near CLEMENT'S LANE,E01032739,City of London 001F,Suspect charged
69bdc60b62022dbfee268d00e0efe6cd30174507b7d4c3af92add27aca7b3944,2016-04,City of London Police,City of London Police,-0.109647,51.514887,On or near FETTER LANE,E01032740,City of London 001G,Suspect charged
f4ce58cbdac4aa32beebf36cd04a3f8b6f6fdf87bb4e850e24f33ddc2b157e98,2016-04,City of London Police,City of London Police,-0.080146,51.514848,On or near BURY COURT,E01032739,City of London 001F,Suspect charged
92e557a04b2556cf97e6c0659c1f5f128722c15e4fc1e79e75ea7bbcb45f1138,2016-04,City of London Police,City of London Police,-0.080376,51.517244,On or near Supermarket,E01032739,City of London 001F,Suspect charged
e613653f49839e63a0b4b89abc873d0482699920c3c3d4fccc13801b1ebbefbc,2016-04,City of London Police,City of London Police,,,No location,,,Suspect charged
e8f2e354da55ad69acf4a2a2d4d083f5aa37c22fc9d8490fbd1cff627cdba6bb,2016-04,City of London Police,City of London Police,-0.093257,51.513920,On or near BOW LANE,E01032739,City of London 001F,Suspect charged
e13e0bdd44036020b483f071ee9ce9fdf998ed93a92b27d2a20f771f1413c8c7,2016-04,City of London Police,City of London Police,-0.089435,51.511223,On or near BUSH LANE,E01032739,City of London 001F,Suspect charged
50476fa1ae1a7ff33522aeca43ba362858f3de7a5b50e9cc8d8b16a56c8115ad,2016-04,City of London Police,City of London Police,-0.084967,51.512598,On or near BELL INN YARD,E01032739,City of London 001F,Suspect charged
99f383dad094577e4d06fb49dba7d66cf28e8a4f4b118759c7d635af095be6a4,2016-04,City of London Police,City of London Police,-0.104281,51.516032,On or near BEAR ALLEY,E01032740,City of London 001G,Suspect charged
9c1bfb088b6b5dc5a190123645a98d907cfa8b4d81102a2e1323e6f6483df0d6,2016-04,City of London Police,City of London Police,-0.095484,51.515467,On or near GUTTER LANE,E01000002,City of London 001B,Suspect charged
d664ab91f5d26424d31759bafe872b257c791c48465b1f23e88d720b2628520a,2016-04,City of London Police,City of London Police,-0.097645,51.515142,On or near ST MARTIN'S LE GRAND,E01032739,City of London 001F,Suspect charged
9c75ab3ece9f043e500131527cf087add30903fe3b89a9a8f021b13d1a9174fa,2016-04,City of London Police,City of London Police,-0.104252,51.516733,On or near Supermarket,E01032740,City of London 001G,Suspect charged
393e08351a99392ccd491870838c575ada24893dcba65935a6bbd5969af3c895,2016-04,City of London Police,City of London Police,-0.084967,51.512598,On or near BELL INN YARD,E01032739,City of London 001F,Suspect charged
e4123fd834f7ec390cefa0718d2eccf05b0002c94742d7952c6317f798b3f689,2016-04,City of London Police,City of London Police,-0.088955,51.513382,On or near LOMBARD STREET,E01032739,City of London 001F,Suspect charged
e3d20b4000b6977e9f2fe203e83066365d33a7d47812dfe50dcdbcda980456a8,2016-04,City of London Police,City of London Police,-0.082571,51.514753,On or near GREAT ST HELEN'S,E01032739,City of London 001F,Suspect charged
9fb75f6e09f1241307e8bf3d5c2c62082d6e7503aca32efd4389df113cf17627,2016-04,City of London Police,City of London Police,-0.086393,51.510894,On or near EASTCHEAP,E01032739,City of London 001F,Suspect charged
fec0e5c253e143204b3b7f488b4dc867d80217e52a7d4c300e7984569dd57037,2016-04,City of London Police,City of London Police,-0.091151,51.516026,On or near BASINGHALL STREET,E01032739,City of London 001F,Suspect charged
091673a38afef4e122adb1b8d300131782f8a1d29979cf0670c548abdcd65060,2016-04,City of London Police,City of London Police,-0.079786,51.517576,On or near Police Station,E01032739,City of London 001F,Suspect charged
7a06706a1a78f7b202d2f0c47cf821a5c4aef095382a163bb28de2c96d2c464d,2016-04,City of London Police,City of London Police,-0.079786,51.517576,On or near Police Station,E01032739,City of London 001F,Suspect charged
69bdc60b62022dbfee268d00e0efe6cd30174507b7d4c3af92add27aca7b3944,2016-04,City of London Police,City of London Police,-0.109647,51.514887,On or near FETTER LANE,E01032740,City of London 001G,Suspect charged
f0f588710bf82afa572709412ff8c59bc5ce24a0425cb9bbb551ca33c3e26014,2016-04,City of London Police,City of London Police,-0.082965,51.516351,On or near WORMWOOD STREET,E01032739,City of London 001F,Suspect charged
b1f2adabbfcccb28aa70211991ce5ee179551d3552310c8163e2739511df82df,2016-04,City of London Police,City of London Police,-0.104494,51.509848,On or near A201,E01032739,City of London 001F,Suspect charged
60e51966d8c435e84bfb6482a73d2a7565d54e7d52f798108fd53c79624f1da1,2016-04,City of London Police,City of London Police,-0.104494,51.509848,On or near A201,E01032739,City of London 001F,Suspect charged
eebf41b84533d2e5f49b9148c09b2a85f1d81beab5c91efd10e80ef28924fbc2,2016-04,City of London Police,City of London Police,-0.104494,51.509848,On or near A201,E01032739,City of London 001F,Suspect charged
a1e9318ccb4dcb3927180ff28f1c3a2c53dcc2ae5c25491ea5f7d4a5675a209f,2016-04,City of London Police,City of London Police,-0.108231,51.513928,On or near PLEYDELL STREET,E01032740,City of London 001G,Suspect charged
df751c29a574ca3bc3bf54ffca3e6c49798b374c0bb5707ad9f4185c03315289,2016-04,City of London Police,City of London Police,-0.087086,51.512596,On or near LOMBARD STREET,E01032739,City of London 001F,Suspect charged
ca89c7d6cad12f1e3157b68b2b06af7c4892481174e89b7849138e0663213417,2016-04,City of London Police,City of London Police,-0.086624,51.511923,On or near CLEMENT'S LANE,E01032739,City of London 001F,Suspect charged
d31ce9cf549d72533d1016d57a4eb38eb4ac728dcdd251a08e0c5b2b63337a81,2016-04,City of London Police,City of London Police,-0.081580,51.520510,On or near PINDAR STREET,E01032739,City of London 001F,Suspect charged
ca89c7d6cad12f1e3157b68b2b06af7c4892481174e89b7849138e0663213417,2016-04,City of London Police,City of London Police,-0.086624,51.511923,On or near CLEMENT'S LANE,E01032739,City of London 001F,Offender given a caution
af170b35ded4c187f79a19475ad2321dd2fb743d7cb6e9653275ff535b0c79fd,2016-04,City of London Police,City of London Police,-0.093465,51.514463,On or near RUSSIA ROW,E01032739,City of London 001F,Suspect charged
b3d32792a8baa996681ee85c6650497a2851267a731653c20e09cf7278b21e7d,2016-04,City of London Police,City of London Police,-0.079786,51.517576,On or near Police Station,E01032739,City of London 001F,Suspect charged
6934c33c992a1233db352eb6448b2aaaa12abd5d559e6e21924a9107e10f41ac,2016-04,City of London Police,City of London Police,-0.089582,51.511495,On or near CANNON STREET,E01032739,City of London 001F,Suspect charged
522ea1db78805841cede0538c96f248bdb514cef3c0bafbbad0341a8bf2981dc,2016-04,City of London Police,City of London Police,-0.080376,51.517244,On or near Supermarket,E01032739,City of London 001F,Suspect charged
1d6e241359e5fbfd9caa7923ba9623933e901e90c625946dd7813826ef911276,2016-04,City of London Police,City of London Police,-0.096561,51.514513,On or near CHEAPSIDE,E01032739,City of London 001F,Suspect charged
3c2eb0ccb4714f74898bcb592c69c3a53892a1d395a9b4f0f2dbdb0544feaa68,2016-04,City of London Police,City of London Police,-0.096363,51.513377,On or near NEW CHANGE,E01032739,City of London 001F,Suspect charged
743a2fb9e898040e169311e1387d485899cbb0b6e362267ebb92c51b2af6935f,2016-04,City of London Police,City of London Police,-0.080318,51.520678,On or near PRIMROSE STREET,E01032739,City of London 001F,Suspect charged
d40d27e80da6e046fb56fc4cac4215803ed5ff5324dbaba3c462919ad492eb92,2016-04,City of London Police,City of London Police,-0.096363,51.513377,On or near NEW CHANGE,E01032739,City of London 001F,Suspect charged
9a6a2dc1ddf37b44867702c352982ca28ed7883acd085d9cf9b7aae3c7d18222,2016-04,City of London Police,City of London Police,-0.098572,51.516767,On or near KING EDWARD STREET,E01000001,City of London 001A,Suspect charged
